================================================================================
LOG INICIADO: 2025-12-04 18:39:49
Archivo de log: logs/cnn_cifar10_20251204_183949.log
================================================================================

Forma de X_train: (50000, 32, 32, 3)
Forma de X_test: (10000, 32, 32, 3)
Forma de Y_train: (50000, 10)
Forma de Y_test: (10000, 10)
============================================================
TAREA CNN3: Optimización de Arquitectura CNN
============================================================
Forma de X_train: (50000, 32, 32, 3)
Forma de X_test: (10000, 32, 32, 3)
Forma de Y_train: (50000, 10)
Forma de Y_test: (10000, 10)

============================================================
Entrenando: CNN3_A
Filtros: [32, 64, 128], Kernel: 3, Pooling: max, Dense: [100], Batch: 32
============================================================
Epoch 1/100

   1/1563 [..............................] - ETA: 39:13 - loss: 2.6026 - accuracy: 0.0625
   3/1563 [..............................] - ETA: 48s - loss: 2.9259 - accuracy: 0.0625  
   5/1563 [..............................] - ETA: 45s - loss: 2.8188 - accuracy: 0.0625
   7/1563 [..............................] - ETA: 43s - loss: 2.7019 - accuracy: 0.0848
  10/1563 [..............................] - ETA: 42s - loss: 2.5965 - accuracy: 0.0875
  12/1563 [..............................] - ETA: 43s - loss: 2.5460 - accuracy: 0.0990
  15/1563 [..............................] - ETA: 42s - loss: 2.4886 - accuracy: 0.1063
  18/1563 [..............................] - ETA: 42s - loss: 2.4519 - accuracy: 0.1128
  20/1563 [..............................] - ETA: 41s - loss: 2.4287 - accuracy: 0.1250
  22/1563 [..............................] - ETA: 41s - loss: 2.4098 - accuracy: 0.1321
  25/1563 [..............................] - ETA: 41s - loss: 2.3789 - accuracy: 0.1475
  27/1563 [..............................] - ETA: 41s - loss: 2.3595 - accuracy: 0.1516
  29/1563 [..............................] - ETA: 42s - loss: 2.3422 - accuracy: 0.1562
  32/1563 [..............................] - ETA: 41s - loss: 2.3184 - accuracy: 0.1641
  35/1563 [..............................] - ETA: 41s - loss: 2.3012 - accuracy: 0.1634
  37/1563 [..............................] - ETA: 41s - loss: 2.2919 - accuracy: 0.1630
  40/1563 [..............................] - ETA: 40s - loss: 2.2817 - accuracy: 0.1617
  42/1563 [..............................] - ETA: 41s - loss: 2.2762 - accuracy: 0.1615
  45/1563 [..............................] - ETA: 40s - loss: 2.2668 - accuracy: 0.1660
  48/1563 [..............................] - ETA: 40s - loss: 2.2574 - accuracy: 0.1686
  50/1563 [..............................] - ETA: 40s - loss: 2.2519 - accuracy: 0.1700
  52/1563 [..............................] - ETA: 40s - loss: 2.2443 - accuracy: 0.1713
  55/1563 [>.............................] - ETA: 40s - loss: 2.2364 - accuracy: 0.1744
  57/1563 [>.............................] - ETA: 40s - loss: 2.2259 - accuracy: 0.1776
  60/1563 [>.............................] - ETA: 40s - loss: 2.2165 - accuracy: 0.1807
  62/1563 [>.............................] - ETA: 40s - loss: 2.2117 - accuracy: 0.1825
  64/1563 [>.............................] - ETA: 40s - loss: 2.2087 - accuracy: 0.1841
  67/1563 [>.............................] - ETA: 40s - loss: 2.2016 - accuracy: 0.1856
  69/1563 [>.............................] - ETA: 39s - loss: 2.1956 - accuracy: 0.1902
  71/1563 [>.............................] - ETA: 39s - loss: 2.1893 - accuracy: 0.1923
  74/1563 [>.............................] - ETA: 39s - loss: 2.1818 - accuracy: 0.1985
  76/1563 [>.............................] - ETA: 39s - loss: 2.1707 - accuracy: 0.2048
  79/1563 [>.............................] - ETA: 39s - loss: 2.1656 - accuracy: 0.2057
  81/1563 [>.............................] - ETA: 39s - loss: 2.1582 - accuracy: 0.2091
  83/1563 [>.............................] - ETA: 39s - loss: 2.1513 - accuracy: 0.2123
  86/1563 [>.............................] - ETA: 39s - loss: 2.1446 - accuracy: 0.2151
  88/1563 [>.............................] - ETA: 39s - loss: 2.1392 - accuracy: 0.2166
  90/1563 [>.............................] - ETA: 39s - loss: 2.1343 - accuracy: 0.2191
  93/1563 [>.............................] - ETA: 39s - loss: 2.1226 - accuracy: 0.2224
  95/1563 [>.............................] - ETA: 39s - loss: 2.1168 - accuracy: 0.2234
  98/1563 [>.............................] - ETA: 38s - loss: 2.1113 - accuracy: 0.2254
 100/1563 [>.............................] - ETA: 38s - loss: 2.1053 - accuracy: 0.2284
 102/1563 [>.............................] - ETA: 38s - loss: 2.0985 - accuracy: 0.2310
 105/1563 [=>............................] - ETA: 38s - loss: 2.0865 - accuracy: 0.2366
 107/1563 [=>............................] - ETA: 38s - loss: 2.0783 - accuracy: 0.2377
 109/1563 [=>............................] - ETA: 38s - loss: 2.0747 - accuracy: 0.2394
 112/1563 [=>............................] - ETA: 38s - loss: 2.0703 - accuracy: 0.2425
 114/1563 [=>............................] - ETA: 38s - loss: 2.0683 - accuracy: 0.2434
 117/1563 [=>............................] - ETA: 38s - loss: 2.0636 - accuracy: 0.2465
 120/1563 [=>............................] - ETA: 38s - loss: 2.0594 - accuracy: 0.2469
 122/1563 [=>............................] - ETA: 38s - loss: 2.0555 - accuracy: 0.2485
 124/1563 [=>............................] - ETA: 38s - loss: 2.0539 - accuracy: 0.2492
 127/1563 [=>............................] - ETA: 38s - loss: 2.0520 - accuracy: 0.2502
 129/1563 [=>............................] - ETA: 38s - loss: 2.0523 - accuracy: 0.2493
 132/1563 [=>............................] - ETA: 37s - loss: 2.0465 - accuracy: 0.2509
 134/1563 [=>............................] - ETA: 38s - loss: 2.0433 - accuracy: 0.2519
 137/1563 [=>............................] - ETA: 37s - loss: 2.0435 - accuracy: 0.2523
 140/1563 [=>............................] - ETA: 37s - loss: 2.0358 - accuracy: 0.2565
 142/1563 [=>............................] - ETA: 37s - loss: 2.0325 - accuracy: 0.2581
 145/1563 [=>............................] - ETA: 37s - loss: 2.0273 - accuracy: 0.2599
 148/1563 [=>............................] - ETA: 37s - loss: 2.0201 - accuracy: 0.2614
 151/1563 [=>............................] - ETA: 37s - loss: 2.0129 - accuracy: 0.2639
 154/1563 [=>............................] - ETA: 37s - loss: 2.0057 - accuracy: 0.2666
 156/1563 [=>............................] - ETA: 37s - loss: 2.0039 - accuracy: 0.2680
 159/1563 [==>...........................] - ETA: 36s - loss: 1.9991 - accuracy: 0.2704
 162/1563 [==>...........................] - ETA: 36s - loss: 1.9933 - accuracy: 0.2728
 165/1563 [==>...........................] - ETA: 36s - loss: 1.9878 - accuracy: 0.2754
 168/1563 [==>...........................] - ETA: 36s - loss: 1.9816 - accuracy: 0.2788
 171/1563 [==>...........................] - ETA: 36s - loss: 1.9762 - accuracy: 0.2816
 173/1563 [==>...........................] - ETA: 36s - loss: 1.9720 - accuracy: 0.2832
 176/1563 [==>...........................] - ETA: 36s - loss: 1.9687 - accuracy: 0.2848
 179/1563 [==>...........................] - ETA: 35s - loss: 1.9645 - accuracy: 0.2868
 182/1563 [==>...........................] - ETA: 35s - loss: 1.9610 - accuracy: 0.2886
 185/1563 [==>...........................] - ETA: 35s - loss: 1.9567 - accuracy: 0.2910
 187/1563 [==>...........................] - ETA: 35s - loss: 1.9521 - accuracy: 0.2921
 190/1563 [==>...........................] - ETA: 35s - loss: 1.9487 - accuracy: 0.2941
 192/1563 [==>...........................] - ETA: 35s - loss: 1.9461 - accuracy: 0.2952
 195/1563 [==>...........................] - ETA: 35s - loss: 1.9409 - accuracy: 0.2974
 198/1563 [==>...........................] - ETA: 35s - loss: 1.9354 - accuracy: 0.3002
 200/1563 [==>...........................] - ETA: 35s - loss: 1.9322 - accuracy: 0.3014
 202/1563 [==>...........................] - ETA: 35s - loss: 1.9298 - accuracy: 0.3023
 205/1563 [==>...........................] - ETA: 35s - loss: 1.9245 - accuracy: 0.3049
 208/1563 [==>...........................] - ETA: 35s - loss: 1.9192 - accuracy: 0.3074
 210/1563 [===>..........................] - ETA: 35s - loss: 1.9166 - accuracy: 0.3082
 212/1563 [===>..........................] - ETA: 35s - loss: 1.9137 - accuracy: 0.3088
 215/1563 [===>..........................] - ETA: 35s - loss: 1.9086 - accuracy: 0.3108
 217/1563 [===>..........................] - ETA: 35s - loss: 1.9058 - accuracy: 0.3115
 220/1563 [===>..........................] - ETA: 35s - loss: 1.9042 - accuracy: 0.3132
 223/1563 [===>..........................] - ETA: 34s - loss: 1.9018 - accuracy: 0.3142
 226/1563 [===>..........................] - ETA: 34s - loss: 1.8983 - accuracy: 0.3154
 228/1563 [===>..........................] - ETA: 34s - loss: 1.8952 - accuracy: 0.3162
 231/1563 [===>..........................] - ETA: 34s - loss: 1.8897 - accuracy: 0.3176
 233/1563 [===>..........................] - ETA: 34s - loss: 1.8877 - accuracy: 0.3183
 235/1563 [===>..........................] - ETA: 34s - loss: 1.8855 - accuracy: 0.3186
 237/1563 [===>..........................] - ETA: 34s - loss: 1.8818 - accuracy: 0.3201
 239/1563 [===>..........................] - ETA: 34s - loss: 1.8815 - accuracy: 0.3197
 241/1563 [===>..........................] - ETA: 34s - loss: 1.8801 - accuracy: 0.3203
 243/1563 [===>..........................] - ETA: 34s - loss: 1.8759 - accuracy: 0.3221
 245/1563 [===>..........................] - ETA: 34s - loss: 1.8733 - accuracy: 0.3231
 247/1563 [===>..........................] - ETA: 34s - loss: 1.8731 - accuracy: 0.3233
 249/1563 [===>..........................] - ETA: 34s - loss: 1.8707 - accuracy: 0.3240
 251/1563 [===>..........................] - ETA: 34s - loss: 1.8703 - accuracy: 0.3238
 253/1563 [===>..........................] - ETA: 34s - loss: 1.8691 - accuracy: 0.3246
 256/1563 [===>..........................] - ETA: 34s - loss: 1.8671 - accuracy: 0.3253
 258/1563 [===>..........................] - ETA: 34s - loss: 1.8640 - accuracy: 0.3269
 260/1563 [===>..........................] - ETA: 34s - loss: 1.8624 - accuracy: 0.3276
 262/1563 [====>.........................] - ETA: 34s - loss: 1.8594 - accuracy: 0.3286
 263/1563 [====>.........................] - ETA: 34s - loss: 1.8595 - accuracy: 0.3283
 265/1563 [====>.........................] - ETA: 34s - loss: 1.8564 - accuracy: 0.3289
 267/1563 [====>.........................] - ETA: 34s - loss: 1.8533 - accuracy: 0.3304
 270/1563 [====>.........................] - ETA: 34s - loss: 1.8503 - accuracy: 0.3309
 272/1563 [====>.........................] - ETA: 34s - loss: 1.8485 - accuracy: 0.3311
 274/1563 [====>.........................] - ETA: 34s - loss: 1.8446 - accuracy: 0.3328
 277/1563 [====>.........................] - ETA: 34s - loss: 1.8431 - accuracy: 0.3327
 280/1563 [====>.........................] - ETA: 34s - loss: 1.8403 - accuracy: 0.3340
 283/1563 [====>.........................] - ETA: 34s - loss: 1.8360 - accuracy: 0.3354
 285/1563 [====>.........................] - ETA: 34s - loss: 1.8351 - accuracy: 0.3355
 288/1563 [====>.........................] - ETA: 34s - loss: 1.8311 - accuracy: 0.3362
 290/1563 [====>.........................] - ETA: 34s - loss: 1.8294 - accuracy: 0.3366
 292/1563 [====>.........................] - ETA: 34s - loss: 1.8280 - accuracy: 0.3370
 294/1563 [====>.........................] - ETA: 34s - loss: 1.8247 - accuracy: 0.3379
 297/1563 [====>.........................] - ETA: 34s - loss: 1.8223 - accuracy: 0.3386
 299/1563 [====>.........................] - ETA: 34s - loss: 1.8222 - accuracy: 0.3387
 301/1563 [====>.........................] - ETA: 34s - loss: 1.8198 - accuracy: 0.3395
 303/1563 [====>.........................] - ETA: 34s - loss: 1.8180 - accuracy: 0.3404
 306/1563 [====>.........................] - ETA: 34s - loss: 1.8161 - accuracy: 0.3407
 308/1563 [====>.........................] - ETA: 34s - loss: 1.8144 - accuracy: 0.3416
 310/1563 [====>.........................] - ETA: 34s - loss: 1.8133 - accuracy: 0.3415
 312/1563 [====>.........................] - ETA: 34s - loss: 1.8125 - accuracy: 0.3417
 314/1563 [=====>........................] - ETA: 34s - loss: 1.8105 - accuracy: 0.3423
 315/1563 [=====>........................] - ETA: 34s - loss: 1.8113 - accuracy: 0.3422
 317/1563 [=====>........................] - ETA: 34s - loss: 1.8097 - accuracy: 0.3431
 320/1563 [=====>........................] - ETA: 34s - loss: 1.8067 - accuracy: 0.3440
 323/1563 [=====>........................] - ETA: 33s - loss: 1.8043 - accuracy: 0.3444
 326/1563 [=====>........................] - ETA: 33s - loss: 1.8028 - accuracy: 0.3448
 328/1563 [=====>........................] - ETA: 33s - loss: 1.8015 - accuracy: 0.3451
 330/1563 [=====>........................] - ETA: 33s - loss: 1.8000 - accuracy: 0.3460
 332/1563 [=====>........................] - ETA: 33s - loss: 1.7983 - accuracy: 0.3467
 334/1563 [=====>........................] - ETA: 33s - loss: 1.7974 - accuracy: 0.3471
 336/1563 [=====>........................] - ETA: 33s - loss: 1.7961 - accuracy: 0.3477
 338/1563 [=====>........................] - ETA: 33s - loss: 1.7941 - accuracy: 0.3486
 341/1563 [=====>........................] - ETA: 33s - loss: 1.7923 - accuracy: 0.3488
 343/1563 [=====>........................] - ETA: 33s - loss: 1.7909 - accuracy: 0.3492
 345/1563 [=====>........................] - ETA: 33s - loss: 1.7882 - accuracy: 0.3506
 347/1563 [=====>........................] - ETA: 33s - loss: 1.7862 - accuracy: 0.3513
 349/1563 [=====>........................] - ETA: 33s - loss: 1.7849 - accuracy: 0.3515
 351/1563 [=====>........................] - ETA: 33s - loss: 1.7828 - accuracy: 0.3521
 354/1563 [=====>........................] - ETA: 33s - loss: 1.7806 - accuracy: 0.3529
 356/1563 [=====>........................] - ETA: 33s - loss: 1.7794 - accuracy: 0.3537
 359/1563 [=====>........................] - ETA: 33s - loss: 1.7797 - accuracy: 0.3540
 361/1563 [=====>........................] - ETA: 33s - loss: 1.7785 - accuracy: 0.3544
 363/1563 [=====>........................] - ETA: 33s - loss: 1.7764 - accuracy: 0.3549
 365/1563 [======>.......................] - ETA: 33s - loss: 1.7756 - accuracy: 0.3555
 367/1563 [======>.......................] - ETA: 33s - loss: 1.7738 - accuracy: 0.3561
 369/1563 [======>.......................] - ETA: 33s - loss: 1.7727 - accuracy: 0.3565
 372/1563 [======>.......................] - ETA: 33s - loss: 1.7706 - accuracy: 0.3578
 374/1563 [======>.......................] - ETA: 33s - loss: 1.7685 - accuracy: 0.3585
 376/1563 [======>.......................] - ETA: 33s - loss: 1.7684 - accuracy: 0.3585
 378/1563 [======>.......................] - ETA: 33s - loss: 1.7675 - accuracy: 0.3586
 380/1563 [======>.......................] - ETA: 33s - loss: 1.7656 - accuracy: 0.3590
 383/1563 [======>.......................] - ETA: 33s - loss: 1.7643 - accuracy: 0.3593
 385/1563 [======>.......................] - ETA: 33s - loss: 1.7642 - accuracy: 0.3597
 387/1563 [======>.......................] - ETA: 33s - loss: 1.7621 - accuracy: 0.3600
 389/1563 [======>.......................] - ETA: 33s - loss: 1.7597 - accuracy: 0.3609
 391/1563 [======>.......................] - ETA: 33s - loss: 1.7583 - accuracy: 0.3614
 393/1563 [======>.......................] - ETA: 33s - loss: 1.7558 - accuracy: 0.3624
 395/1563 [======>.......................] - ETA: 33s - loss: 1.7541 - accuracy: 0.3631
 398/1563 [======>.......................] - ETA: 33s - loss: 1.7523 - accuracy: 0.3637
 400/1563 [======>.......................] - ETA: 32s - loss: 1.7511 - accuracy: 0.3642
 402/1563 [======>.......................] - ETA: 33s - loss: 1.7494 - accuracy: 0.3648
 404/1563 [======>.......................] - ETA: 33s - loss: 1.7470 - accuracy: 0.3660
 406/1563 [======>.......................] - ETA: 32s - loss: 1.7445 - accuracy: 0.3668
 408/1563 [======>.......................] - ETA: 33s - loss: 1.7438 - accuracy: 0.3671
 410/1563 [======>.......................] - ETA: 32s - loss: 1.7421 - accuracy: 0.3679
 412/1563 [======>.......................] - ETA: 32s - loss: 1.7412 - accuracy: 0.3682
 414/1563 [======>.......................] - ETA: 32s - loss: 1.7391 - accuracy: 0.3696
 416/1563 [======>.......................] - ETA: 32s - loss: 1.7370 - accuracy: 0.3704
 418/1563 [=======>......................] - ETA: 32s - loss: 1.7363 - accuracy: 0.3709
 420/1563 [=======>......................] - ETA: 32s - loss: 1.7354 - accuracy: 0.3711
 422/1563 [=======>......................] - ETA: 32s - loss: 1.7344 - accuracy: 0.3713
 425/1563 [=======>......................] - ETA: 32s - loss: 1.7319 - accuracy: 0.3721
 427/1563 [=======>......................] - ETA: 32s - loss: 1.7307 - accuracy: 0.3726
 429/1563 [=======>......................] - ETA: 32s - loss: 1.7285 - accuracy: 0.3739
 431/1563 [=======>......................] - ETA: 32s - loss: 1.7278 - accuracy: 0.3740
 433/1563 [=======>......................] - ETA: 32s - loss: 1.7261 - accuracy: 0.3746
 435/1563 [=======>......................] - ETA: 32s - loss: 1.7248 - accuracy: 0.3750
 437/1563 [=======>......................] - ETA: 32s - loss: 1.7226 - accuracy: 0.3760
 440/1563 [=======>......................] - ETA: 32s - loss: 1.7211 - accuracy: 0.3763
 443/1563 [=======>......................] - ETA: 32s - loss: 1.7197 - accuracy: 0.3771
 445/1563 [=======>......................] - ETA: 32s - loss: 1.7186 - accuracy: 0.3779
 447/1563 [=======>......................] - ETA: 32s - loss: 1.7177 - accuracy: 0.3785
 449/1563 [=======>......................] - ETA: 32s - loss: 1.7168 - accuracy: 0.3789
 452/1563 [=======>......................] - ETA: 32s - loss: 1.7152 - accuracy: 0.3793
 455/1563 [=======>......................] - ETA: 31s - loss: 1.7130 - accuracy: 0.3797
 457/1563 [=======>......................] - ETA: 31s - loss: 1.7105 - accuracy: 0.3810
 459/1563 [=======>......................] - ETA: 31s - loss: 1.7087 - accuracy: 0.3813
 461/1563 [=======>......................] - ETA: 31s - loss: 1.7078 - accuracy: 0.3816
 463/1563 [=======>......................] - ETA: 31s - loss: 1.7069 - accuracy: 0.3822
 465/1563 [=======>......................] - ETA: 31s - loss: 1.7060 - accuracy: 0.3823
 467/1563 [=======>......................] - ETA: 31s - loss: 1.7055 - accuracy: 0.3824
 469/1563 [========>.....................] - ETA: 31s - loss: 1.7048 - accuracy: 0.3826
 471/1563 [========>.....................] - ETA: 31s - loss: 1.7037 - accuracy: 0.3830
 473/1563 [========>.....................] - ETA: 31s - loss: 1.7019 - accuracy: 0.3834
 475/1563 [========>.....................] - ETA: 31s - loss: 1.7015 - accuracy: 0.3836
 477/1563 [========>.....................] - ETA: 31s - loss: 1.7003 - accuracy: 0.3843
 479/1563 [========>.....................] - ETA: 31s - loss: 1.6991 - accuracy: 0.3845
 482/1563 [========>.....................] - ETA: 31s - loss: 1.6976 - accuracy: 0.3850
 484/1563 [========>.....................] - ETA: 31s - loss: 1.6965 - accuracy: 0.3855
 486/1563 [========>.....................] - ETA: 31s - loss: 1.6957 - accuracy: 0.3856
 489/1563 [========>.....................] - ETA: 31s - loss: 1.6950 - accuracy: 0.3862
 491/1563 [========>.....................] - ETA: 31s - loss: 1.6942 - accuracy: 0.3865
 494/1563 [========>.....................] - ETA: 31s - loss: 1.6926 - accuracy: 0.3870
 496/1563 [========>.....................] - ETA: 31s - loss: 1.6922 - accuracy: 0.3872
 498/1563 [========>.....................] - ETA: 31s - loss: 1.6915 - accuracy: 0.3872
 500/1563 [========>.....................] - ETA: 31s - loss: 1.6901 - accuracy: 0.3877
 502/1563 [========>.....................] - ETA: 31s - loss: 1.6890 - accuracy: 0.3883
 504/1563 [========>.....................] - ETA: 31s - loss: 1.6873 - accuracy: 0.3889
 506/1563 [========>.....................] - ETA: 31s - loss: 1.6864 - accuracy: 0.3895
 508/1563 [========>.....................] - ETA: 31s - loss: 1.6853 - accuracy: 0.3901
 510/1563 [========>.....................] - ETA: 31s - loss: 1.6837 - accuracy: 0.3904
 512/1563 [========>.....................] - ETA: 30s - loss: 1.6834 - accuracy: 0.3908
 514/1563 [========>.....................] - ETA: 30s - loss: 1.6823 - accuracy: 0.3911
 517/1563 [========>.....................] - ETA: 30s - loss: 1.6804 - accuracy: 0.3920
 519/1563 [========>.....................] - ETA: 30s - loss: 1.6792 - accuracy: 0.3923
 522/1563 [=========>....................] - ETA: 30s - loss: 1.6776 - accuracy: 0.3929
 525/1563 [=========>....................] - ETA: 30s - loss: 1.6762 - accuracy: 0.3935
 527/1563 [=========>....................] - ETA: 30s - loss: 1.6747 - accuracy: 0.3937
 529/1563 [=========>....................] - ETA: 30s - loss: 1.6733 - accuracy: 0.3941
 532/1563 [=========>....................] - ETA: 30s - loss: 1.6713 - accuracy: 0.3950
 534/1563 [=========>....................] - ETA: 30s - loss: 1.6707 - accuracy: 0.3957
 536/1563 [=========>....................] - ETA: 30s - loss: 1.6692 - accuracy: 0.3963
 538/1563 [=========>....................] - ETA: 30s - loss: 1.6679 - accuracy: 0.3968
 541/1563 [=========>....................] - ETA: 30s - loss: 1.6663 - accuracy: 0.3975
 543/1563 [=========>....................] - ETA: 30s - loss: 1.6653 - accuracy: 0.3976
 545/1563 [=========>....................] - ETA: 29s - loss: 1.6647 - accuracy: 0.3980
 547/1563 [=========>....................] - ETA: 29s - loss: 1.6633 - accuracy: 0.3988
 549/1563 [=========>....................] - ETA: 29s - loss: 1.6618 - accuracy: 0.3994
 551/1563 [=========>....................] - ETA: 29s - loss: 1.6604 - accuracy: 0.3997
 553/1563 [=========>....................] - ETA: 29s - loss: 1.6591 - accuracy: 0.4001
 555/1563 [=========>....................] - ETA: 29s - loss: 1.6576 - accuracy: 0.4007
 557/1563 [=========>....................] - ETA: 29s - loss: 1.6566 - accuracy: 0.4008
 559/1563 [=========>....................] - ETA: 29s - loss: 1.6549 - accuracy: 0.4016
 561/1563 [=========>....................] - ETA: 29s - loss: 1.6535 - accuracy: 0.4023
 563/1563 [=========>....................] - ETA: 29s - loss: 1.6519 - accuracy: 0.4028
 566/1563 [=========>....................] - ETA: 29s - loss: 1.6500 - accuracy: 0.4035
 568/1563 [=========>....................] - ETA: 29s - loss: 1.6485 - accuracy: 0.4038
 571/1563 [=========>....................] - ETA: 29s - loss: 1.6472 - accuracy: 0.4043
 574/1563 [==========>...................] - ETA: 29s - loss: 1.6455 - accuracy: 0.4050
 577/1563 [==========>...................] - ETA: 29s - loss: 1.6446 - accuracy: 0.4054
 579/1563 [==========>...................] - ETA: 29s - loss: 1.6438 - accuracy: 0.4054
 581/1563 [==========>...................] - ETA: 29s - loss: 1.6425 - accuracy: 0.4062
 583/1563 [==========>...................] - ETA: 29s - loss: 1.6410 - accuracy: 0.4066
 586/1563 [==========>...................] - ETA: 29s - loss: 1.6397 - accuracy: 0.4072
 589/1563 [==========>...................] - ETA: 28s - loss: 1.6387 - accuracy: 0.4077
 592/1563 [==========>...................] - ETA: 28s - loss: 1.6368 - accuracy: 0.4083
 595/1563 [==========>...................] - ETA: 28s - loss: 1.6356 - accuracy: 0.4089
 597/1563 [==========>...................] - ETA: 28s - loss: 1.6343 - accuracy: 0.4092
 599/1563 [==========>...................] - ETA: 28s - loss: 1.6335 - accuracy: 0.4096
 601/1563 [==========>...................] - ETA: 28s - loss: 1.6330 - accuracy: 0.4098
 604/1563 [==========>...................] - ETA: 28s - loss: 1.6320 - accuracy: 0.4102
 606/1563 [==========>...................] - ETA: 28s - loss: 1.6313 - accuracy: 0.4104
 609/1563 [==========>...................] - ETA: 28s - loss: 1.6299 - accuracy: 0.4109
 611/1563 [==========>...................] - ETA: 28s - loss: 1.6289 - accuracy: 0.4114
 613/1563 [==========>...................] - ETA: 28s - loss: 1.6282 - accuracy: 0.4120
 615/1563 [==========>...................] - ETA: 28s - loss: 1.6284 - accuracy: 0.4118
 617/1563 [==========>...................] - ETA: 28s - loss: 1.6273 - accuracy: 0.4121
 620/1563 [==========>...................] - ETA: 27s - loss: 1.6268 - accuracy: 0.4120
 623/1563 [==========>...................] - ETA: 27s - loss: 1.6248 - accuracy: 0.4129
 624/1563 [==========>...................] - ETA: 27s - loss: 1.6250 - accuracy: 0.4129
 626/1563 [===========>..................] - ETA: 27s - loss: 1.6241 - accuracy: 0.4130
 628/1563 [===========>..................] - ETA: 27s - loss: 1.6234 - accuracy: 0.4132
 630/1563 [===========>..................] - ETA: 27s - loss: 1.6227 - accuracy: 0.4135
 632/1563 [===========>..................] - ETA: 27s - loss: 1.6214 - accuracy: 0.4142
 634/1563 [===========>..................] - ETA: 27s - loss: 1.6213 - accuracy: 0.4142
 636/1563 [===========>..................] - ETA: 27s - loss: 1.6203 - accuracy: 0.4146
 638/1563 [===========>..................] - ETA: 27s - loss: 1.6198 - accuracy: 0.4149
 641/1563 [===========>..................] - ETA: 27s - loss: 1.6184 - accuracy: 0.4153
 643/1563 [===========>..................] - ETA: 27s - loss: 1.6178 - accuracy: 0.4157
 645/1563 [===========>..................] - ETA: 27s - loss: 1.6171 - accuracy: 0.4161
 647/1563 [===========>..................] - ETA: 27s - loss: 1.6156 - accuracy: 0.4167
 650/1563 [===========>..................] - ETA: 27s - loss: 1.6143 - accuracy: 0.4171
 652/1563 [===========>..................] - ETA: 27s - loss: 1.6141 - accuracy: 0.4176
 655/1563 [===========>..................] - ETA: 26s - loss: 1.6130 - accuracy: 0.4180
 658/1563 [===========>..................] - ETA: 26s - loss: 1.6120 - accuracy: 0.4183
 660/1563 [===========>..................] - ETA: 26s - loss: 1.6112 - accuracy: 0.4186
 662/1563 [===========>..................] - ETA: 26s - loss: 1.6101 - accuracy: 0.4188
 664/1563 [===========>..................] - ETA: 26s - loss: 1.6100 - accuracy: 0.4188
 667/1563 [===========>..................] - ETA: 26s - loss: 1.6082 - accuracy: 0.4196
 670/1563 [===========>..................] - ETA: 26s - loss: 1.6071 - accuracy: 0.4197
 672/1563 [===========>..................] - ETA: 26s - loss: 1.6062 - accuracy: 0.4200
 674/1563 [===========>..................] - ETA: 26s - loss: 1.6052 - accuracy: 0.4204
 676/1563 [===========>..................] - ETA: 26s - loss: 1.6045 - accuracy: 0.4205
 679/1563 [============>.................] - ETA: 26s - loss: 1.6038 - accuracy: 0.4209
 682/1563 [============>.................] - ETA: 26s - loss: 1.6021 - accuracy: 0.4216
 685/1563 [============>.................] - ETA: 25s - loss: 1.6000 - accuracy: 0.4225
 687/1563 [============>.................] - ETA: 25s - loss: 1.5987 - accuracy: 0.4229
 689/1563 [============>.................] - ETA: 25s - loss: 1.5978 - accuracy: 0.4232
 691/1563 [============>.................] - ETA: 25s - loss: 1.5968 - accuracy: 0.4236
 693/1563 [============>.................] - ETA: 25s - loss: 1.5959 - accuracy: 0.4239
 695/1563 [============>.................] - ETA: 25s - loss: 1.5955 - accuracy: 0.4241
 697/1563 [============>.................] - ETA: 25s - loss: 1.5946 - accuracy: 0.4243
 700/1563 [============>.................] - ETA: 25s - loss: 1.5930 - accuracy: 0.4249
 703/1563 [============>.................] - ETA: 25s - loss: 1.5908 - accuracy: 0.4257
 705/1563 [============>.................] - ETA: 25s - loss: 1.5897 - accuracy: 0.4260
 707/1563 [============>.................] - ETA: 25s - loss: 1.5889 - accuracy: 0.4263
 709/1563 [============>.................] - ETA: 25s - loss: 1.5883 - accuracy: 0.4265
 711/1563 [============>.................] - ETA: 25s - loss: 1.5881 - accuracy: 0.4267
 713/1563 [============>.................] - ETA: 25s - loss: 1.5869 - accuracy: 0.4272
 715/1563 [============>.................] - ETA: 25s - loss: 1.5862 - accuracy: 0.4272
 717/1563 [============>.................] - ETA: 25s - loss: 1.5858 - accuracy: 0.4272
 720/1563 [============>.................] - ETA: 25s - loss: 1.5845 - accuracy: 0.4274
 723/1563 [============>.................] - ETA: 24s - loss: 1.5835 - accuracy: 0.4278
 725/1563 [============>.................] - ETA: 24s - loss: 1.5823 - accuracy: 0.4283
 727/1563 [============>.................] - ETA: 24s - loss: 1.5813 - accuracy: 0.4285
 729/1563 [============>.................] - ETA: 24s - loss: 1.5804 - accuracy: 0.4288
 732/1563 [=============>................] - ETA: 24s - loss: 1.5792 - accuracy: 0.4292
 734/1563 [=============>................] - ETA: 24s - loss: 1.5792 - accuracy: 0.4293
 736/1563 [=============>................] - ETA: 24s - loss: 1.5787 - accuracy: 0.4295
 738/1563 [=============>................] - ETA: 24s - loss: 1.5775 - accuracy: 0.4299
 740/1563 [=============>................] - ETA: 24s - loss: 1.5762 - accuracy: 0.4304
 743/1563 [=============>................] - ETA: 24s - loss: 1.5747 - accuracy: 0.4310
 745/1563 [=============>................] - ETA: 24s - loss: 1.5750 - accuracy: 0.4309
 748/1563 [=============>................] - ETA: 24s - loss: 1.5734 - accuracy: 0.4313
 750/1563 [=============>................] - ETA: 24s - loss: 1.5728 - accuracy: 0.4318
 751/1563 [=============>................] - ETA: 24s - loss: 1.5723 - accuracy: 0.4320
 754/1563 [=============>................] - ETA: 24s - loss: 1.5713 - accuracy: 0.4322
 756/1563 [=============>................] - ETA: 24s - loss: 1.5704 - accuracy: 0.4325
 758/1563 [=============>................] - ETA: 23s - loss: 1.5701 - accuracy: 0.4326
 761/1563 [=============>................] - ETA: 23s - loss: 1.5687 - accuracy: 0.4331
 763/1563 [=============>................] - ETA: 23s - loss: 1.5682 - accuracy: 0.4332
 765/1563 [=============>................] - ETA: 23s - loss: 1.5678 - accuracy: 0.4333
 768/1563 [=============>................] - ETA: 23s - loss: 1.5664 - accuracy: 0.4337
 770/1563 [=============>................] - ETA: 23s - loss: 1.5655 - accuracy: 0.4340
 772/1563 [=============>................] - ETA: 23s - loss: 1.5645 - accuracy: 0.4344
 774/1563 [=============>................] - ETA: 23s - loss: 1.5636 - accuracy: 0.4348
 776/1563 [=============>................] - ETA: 23s - loss: 1.5629 - accuracy: 0.4349
 778/1563 [=============>................] - ETA: 23s - loss: 1.5614 - accuracy: 0.4356
 781/1563 [=============>................] - ETA: 23s - loss: 1.5604 - accuracy: 0.4358
 783/1563 [==============>...............] - ETA: 23s - loss: 1.5593 - accuracy: 0.4362
 785/1563 [==============>...............] - ETA: 23s - loss: 1.5583 - accuracy: 0.4365
 787/1563 [==============>...............] - ETA: 23s - loss: 1.5572 - accuracy: 0.4370
 789/1563 [==============>...............] - ETA: 23s - loss: 1.5564 - accuracy: 0.4373
 791/1563 [==============>...............] - ETA: 23s - loss: 1.5557 - accuracy: 0.4375
 793/1563 [==============>...............] - ETA: 23s - loss: 1.5551 - accuracy: 0.4377
 795/1563 [==============>...............] - ETA: 22s - loss: 1.5541 - accuracy: 0.4381
 797/1563 [==============>...............] - ETA: 22s - loss: 1.5529 - accuracy: 0.4384
 799/1563 [==============>...............] - ETA: 22s - loss: 1.5523 - accuracy: 0.4386
 801/1563 [==============>...............] - ETA: 22s - loss: 1.5518 - accuracy: 0.4389
 803/1563 [==============>...............] - ETA: 22s - loss: 1.5512 - accuracy: 0.4390
 805/1563 [==============>...............] - ETA: 22s - loss: 1.5507 - accuracy: 0.4392
 807/1563 [==============>...............] - ETA: 22s - loss: 1.5499 - accuracy: 0.4396
 809/1563 [==============>...............] - ETA: 22s - loss: 1.5493 - accuracy: 0.4398
 812/1563 [==============>...............] - ETA: 22s - loss: 1.5484 - accuracy: 0.4400
 814/1563 [==============>...............] - ETA: 22s - loss: 1.5474 - accuracy: 0.4402
 816/1563 [==============>...............] - ETA: 22s - loss: 1.5463 - accuracy: 0.4407
 818/1563 [==============>...............] - ETA: 22s - loss: 1.5458 - accuracy: 0.4409
 821/1563 [==============>...............] - ETA: 22s - loss: 1.5451 - accuracy: 0.4413
 823/1563 [==============>...............] - ETA: 22s - loss: 1.5442 - accuracy: 0.4417
 825/1563 [==============>...............] - ETA: 22s - loss: 1.5437 - accuracy: 0.4418
 827/1563 [==============>...............] - ETA: 21s - loss: 1.5432 - accuracy: 0.4421
 829/1563 [==============>...............] - ETA: 21s - loss: 1.5427 - accuracy: 0.4423
 831/1563 [==============>...............] - ETA: 21s - loss: 1.5428 - accuracy: 0.4424
 833/1563 [==============>...............] - ETA: 21s - loss: 1.5421 - accuracy: 0.4428
 835/1563 [===============>..............] - ETA: 21s - loss: 1.5413 - accuracy: 0.4430
 837/1563 [===============>..............] - ETA: 21s - loss: 1.5407 - accuracy: 0.4434
 839/1563 [===============>..............] - ETA: 21s - loss: 1.5405 - accuracy: 0.4433
 841/1563 [===============>..............] - ETA: 21s - loss: 1.5395 - accuracy: 0.4439
 843/1563 [===============>..............] - ETA: 21s - loss: 1.5390 - accuracy: 0.4441
 846/1563 [===============>..............] - ETA: 21s - loss: 1.5387 - accuracy: 0.4441
 848/1563 [===============>..............] - ETA: 21s - loss: 1.5379 - accuracy: 0.4444
 851/1563 [===============>..............] - ETA: 21s - loss: 1.5370 - accuracy: 0.4446
 853/1563 [===============>..............] - ETA: 21s - loss: 1.5360 - accuracy: 0.4451
 855/1563 [===============>..............] - ETA: 21s - loss: 1.5357 - accuracy: 0.4453
 857/1563 [===============>..............] - ETA: 21s - loss: 1.5350 - accuracy: 0.4455
 860/1563 [===============>..............] - ETA: 21s - loss: 1.5349 - accuracy: 0.4456
 863/1563 [===============>..............] - ETA: 20s - loss: 1.5335 - accuracy: 0.4460
 865/1563 [===============>..............] - ETA: 20s - loss: 1.5328 - accuracy: 0.4461
 867/1563 [===============>..............] - ETA: 20s - loss: 1.5321 - accuracy: 0.4463
 870/1563 [===============>..............] - ETA: 20s - loss: 1.5314 - accuracy: 0.4464
 872/1563 [===============>..............] - ETA: 20s - loss: 1.5311 - accuracy: 0.4464
 874/1563 [===============>..............] - ETA: 20s - loss: 1.5308 - accuracy: 0.4466
 877/1563 [===============>..............] - ETA: 20s - loss: 1.5301 - accuracy: 0.4468
 879/1563 [===============>..............] - ETA: 20s - loss: 1.5298 - accuracy: 0.4471
 881/1563 [===============>..............] - ETA: 20s - loss: 1.5291 - accuracy: 0.4472
 883/1563 [===============>..............] - ETA: 20s - loss: 1.5287 - accuracy: 0.4474
 886/1563 [================>.............] - ETA: 20s - loss: 1.5275 - accuracy: 0.4477
 888/1563 [================>.............] - ETA: 20s - loss: 1.5263 - accuracy: 0.4482
 891/1563 [================>.............] - ETA: 20s - loss: 1.5257 - accuracy: 0.4483
 893/1563 [================>.............] - ETA: 20s - loss: 1.5252 - accuracy: 0.4485
 895/1563 [================>.............] - ETA: 20s - loss: 1.5247 - accuracy: 0.4487
 897/1563 [================>.............] - ETA: 19s - loss: 1.5238 - accuracy: 0.4491
 900/1563 [================>.............] - ETA: 19s - loss: 1.5228 - accuracy: 0.4495
 902/1563 [================>.............] - ETA: 19s - loss: 1.5222 - accuracy: 0.4496
 904/1563 [================>.............] - ETA: 19s - loss: 1.5216 - accuracy: 0.4499
 906/1563 [================>.............] - ETA: 19s - loss: 1.5207 - accuracy: 0.4504
 908/1563 [================>.............] - ETA: 19s - loss: 1.5202 - accuracy: 0.4505
 910/1563 [================>.............] - ETA: 19s - loss: 1.5198 - accuracy: 0.4507
 912/1563 [================>.............] - ETA: 19s - loss: 1.5189 - accuracy: 0.4509
 915/1563 [================>.............] - ETA: 19s - loss: 1.5181 - accuracy: 0.4511
 917/1563 [================>.............] - ETA: 19s - loss: 1.5180 - accuracy: 0.4511
 919/1563 [================>.............] - ETA: 19s - loss: 1.5173 - accuracy: 0.4515
 921/1563 [================>.............] - ETA: 19s - loss: 1.5166 - accuracy: 0.4516
 923/1563 [================>.............] - ETA: 19s - loss: 1.5165 - accuracy: 0.4516
 925/1563 [================>.............] - ETA: 19s - loss: 1.5155 - accuracy: 0.4520
 927/1563 [================>.............] - ETA: 19s - loss: 1.5149 - accuracy: 0.4522
 929/1563 [================>.............] - ETA: 19s - loss: 1.5141 - accuracy: 0.4525
 931/1563 [================>.............] - ETA: 18s - loss: 1.5133 - accuracy: 0.4528
 934/1563 [================>.............] - ETA: 18s - loss: 1.5125 - accuracy: 0.4531
 936/1563 [================>.............] - ETA: 18s - loss: 1.5120 - accuracy: 0.4533
 938/1563 [=================>............] - ETA: 18s - loss: 1.5117 - accuracy: 0.4535
 940/1563 [=================>............] - ETA: 18s - loss: 1.5107 - accuracy: 0.4539
 942/1563 [=================>............] - ETA: 18s - loss: 1.5098 - accuracy: 0.4541
 945/1563 [=================>............] - ETA: 18s - loss: 1.5088 - accuracy: 0.4542
 948/1563 [=================>............] - ETA: 18s - loss: 1.5082 - accuracy: 0.4544
 950/1563 [=================>............] - ETA: 18s - loss: 1.5075 - accuracy: 0.4548
 953/1563 [=================>............] - ETA: 18s - loss: 1.5072 - accuracy: 0.4549
 955/1563 [=================>............] - ETA: 18s - loss: 1.5066 - accuracy: 0.4551
 957/1563 [=================>............] - ETA: 18s - loss: 1.5061 - accuracy: 0.4553
 960/1563 [=================>............] - ETA: 18s - loss: 1.5052 - accuracy: 0.4556
 962/1563 [=================>............] - ETA: 18s - loss: 1.5046 - accuracy: 0.4558
 964/1563 [=================>............] - ETA: 17s - loss: 1.5040 - accuracy: 0.4560
 966/1563 [=================>............] - ETA: 17s - loss: 1.5036 - accuracy: 0.4562
 969/1563 [=================>............] - ETA: 17s - loss: 1.5030 - accuracy: 0.4564
 972/1563 [=================>............] - ETA: 17s - loss: 1.5022 - accuracy: 0.4568
 975/1563 [=================>............] - ETA: 17s - loss: 1.5015 - accuracy: 0.4571
 977/1563 [=================>............] - ETA: 17s - loss: 1.5009 - accuracy: 0.4573
 979/1563 [=================>............] - ETA: 17s - loss: 1.5001 - accuracy: 0.4577
 982/1563 [=================>............] - ETA: 17s - loss: 1.4999 - accuracy: 0.4579
 984/1563 [=================>............] - ETA: 17s - loss: 1.4991 - accuracy: 0.4582
 986/1563 [=================>............] - ETA: 17s - loss: 1.4986 - accuracy: 0.4583
 988/1563 [=================>............] - ETA: 17s - loss: 1.4975 - accuracy: 0.4587
 990/1563 [==================>...........] - ETA: 17s - loss: 1.4967 - accuracy: 0.4591
 991/1563 [==================>...........] - ETA: 17s - loss: 1.4964 - accuracy: 0.4591
 994/1563 [==================>...........] - ETA: 17s - loss: 1.4962 - accuracy: 0.4593
 996/1563 [==================>...........] - ETA: 16s - loss: 1.4953 - accuracy: 0.4597
 998/1563 [==================>...........] - ETA: 16s - loss: 1.4948 - accuracy: 0.4599
1000/1563 [==================>...........] - ETA: 16s - loss: 1.4941 - accuracy: 0.4601
1001/1563 [==================>...........] - ETA: 16s - loss: 1.4935 - accuracy: 0.4604
1004/1563 [==================>...........] - ETA: 16s - loss: 1.4925 - accuracy: 0.4606
1006/1563 [==================>...........] - ETA: 16s - loss: 1.4918 - accuracy: 0.4608
1007/1563 [==================>...........] - ETA: 16s - loss: 1.4914 - accuracy: 0.4609
1009/1563 [==================>...........] - ETA: 16s - loss: 1.4908 - accuracy: 0.4609
1011/1563 [==================>...........] - ETA: 16s - loss: 1.4901 - accuracy: 0.4611
1013/1563 [==================>...........] - ETA: 16s - loss: 1.4897 - accuracy: 0.4613
1015/1563 [==================>...........] - ETA: 16s - loss: 1.4892 - accuracy: 0.4617
1017/1563 [==================>...........] - ETA: 16s - loss: 1.4890 - accuracy: 0.4617
1019/1563 [==================>...........] - ETA: 16s - loss: 1.4881 - accuracy: 0.4620
1021/1563 [==================>...........] - ETA: 16s - loss: 1.4878 - accuracy: 0.4621
1023/1563 [==================>...........] - ETA: 16s - loss: 1.4871 - accuracy: 0.4623
1025/1563 [==================>...........] - ETA: 16s - loss: 1.4866 - accuracy: 0.4623
1027/1563 [==================>...........] - ETA: 16s - loss: 1.4860 - accuracy: 0.4627
1029/1563 [==================>...........] - ETA: 16s - loss: 1.4858 - accuracy: 0.4629
1031/1563 [==================>...........] - ETA: 16s - loss: 1.4854 - accuracy: 0.4630
1033/1563 [==================>...........] - ETA: 15s - loss: 1.4852 - accuracy: 0.4630
1035/1563 [==================>...........] - ETA: 15s - loss: 1.4849 - accuracy: 0.4631
1037/1563 [==================>...........] - ETA: 15s - loss: 1.4846 - accuracy: 0.4632
1039/1563 [==================>...........] - ETA: 15s - loss: 1.4839 - accuracy: 0.4634
1041/1563 [==================>...........] - ETA: 15s - loss: 1.4832 - accuracy: 0.4636
1043/1563 [===================>..........] - ETA: 15s - loss: 1.4828 - accuracy: 0.4639
1045/1563 [===================>..........] - ETA: 15s - loss: 1.4824 - accuracy: 0.4640
1047/1563 [===================>..........] - ETA: 15s - loss: 1.4818 - accuracy: 0.4641
1049/1563 [===================>..........] - ETA: 15s - loss: 1.4812 - accuracy: 0.4643
1052/1563 [===================>..........] - ETA: 15s - loss: 1.4802 - accuracy: 0.4647
1054/1563 [===================>..........] - ETA: 15s - loss: 1.4797 - accuracy: 0.4650
1056/1563 [===================>..........] - ETA: 15s - loss: 1.4784 - accuracy: 0.4654
1059/1563 [===================>..........] - ETA: 15s - loss: 1.4774 - accuracy: 0.4656
1061/1563 [===================>..........] - ETA: 15s - loss: 1.4766 - accuracy: 0.4659
1063/1563 [===================>..........] - ETA: 15s - loss: 1.4761 - accuracy: 0.4659
1065/1563 [===================>..........] - ETA: 15s - loss: 1.4757 - accuracy: 0.4661
1067/1563 [===================>..........] - ETA: 14s - loss: 1.4754 - accuracy: 0.4665
1069/1563 [===================>..........] - ETA: 14s - loss: 1.4749 - accuracy: 0.4666
1071/1563 [===================>..........] - ETA: 14s - loss: 1.4744 - accuracy: 0.4669
1073/1563 [===================>..........] - ETA: 14s - loss: 1.4741 - accuracy: 0.4670
1075/1563 [===================>..........] - ETA: 14s - loss: 1.4737 - accuracy: 0.4672
1077/1563 [===================>..........] - ETA: 14s - loss: 1.4740 - accuracy: 0.4671
1079/1563 [===================>..........] - ETA: 14s - loss: 1.4734 - accuracy: 0.4673
1081/1563 [===================>..........] - ETA: 14s - loss: 1.4732 - accuracy: 0.4675
1083/1563 [===================>..........] - ETA: 14s - loss: 1.4729 - accuracy: 0.4676
1085/1563 [===================>..........] - ETA: 14s - loss: 1.4728 - accuracy: 0.4678
1087/1563 [===================>..........] - ETA: 14s - loss: 1.4722 - accuracy: 0.4679
1088/1563 [===================>..........] - ETA: 14s - loss: 1.4717 - accuracy: 0.4682
1090/1563 [===================>..........] - ETA: 14s - loss: 1.4709 - accuracy: 0.4685
1092/1563 [===================>..........] - ETA: 14s - loss: 1.4704 - accuracy: 0.4688
1094/1563 [===================>..........] - ETA: 14s - loss: 1.4699 - accuracy: 0.4691
1097/1563 [====================>.........] - ETA: 14s - loss: 1.4691 - accuracy: 0.4695
1099/1563 [====================>.........] - ETA: 14s - loss: 1.4685 - accuracy: 0.4697
1101/1563 [====================>.........] - ETA: 14s - loss: 1.4678 - accuracy: 0.4699
1103/1563 [====================>.........] - ETA: 13s - loss: 1.4673 - accuracy: 0.4701
1105/1563 [====================>.........] - ETA: 13s - loss: 1.4668 - accuracy: 0.4703
1106/1563 [====================>.........] - ETA: 13s - loss: 1.4669 - accuracy: 0.4703
1108/1563 [====================>.........] - ETA: 13s - loss: 1.4660 - accuracy: 0.4707
1110/1563 [====================>.........] - ETA: 13s - loss: 1.4652 - accuracy: 0.4709
1112/1563 [====================>.........] - ETA: 13s - loss: 1.4654 - accuracy: 0.4709
1115/1563 [====================>.........] - ETA: 13s - loss: 1.4647 - accuracy: 0.4713
1118/1563 [====================>.........] - ETA: 13s - loss: 1.4643 - accuracy: 0.4717
1120/1563 [====================>.........] - ETA: 13s - loss: 1.4638 - accuracy: 0.4719
1122/1563 [====================>.........] - ETA: 13s - loss: 1.4629 - accuracy: 0.4723
1124/1563 [====================>.........] - ETA: 13s - loss: 1.4624 - accuracy: 0.4725
1126/1563 [====================>.........] - ETA: 13s - loss: 1.4619 - accuracy: 0.4726
1128/1563 [====================>.........] - ETA: 13s - loss: 1.4615 - accuracy: 0.4728
1130/1563 [====================>.........] - ETA: 13s - loss: 1.4607 - accuracy: 0.4730
1132/1563 [====================>.........] - ETA: 13s - loss: 1.4596 - accuracy: 0.4734
1134/1563 [====================>.........] - ETA: 13s - loss: 1.4596 - accuracy: 0.4735
1136/1563 [====================>.........] - ETA: 12s - loss: 1.4590 - accuracy: 0.4737
1138/1563 [====================>.........] - ETA: 12s - loss: 1.4582 - accuracy: 0.4740
1141/1563 [====================>.........] - ETA: 12s - loss: 1.4577 - accuracy: 0.4742
1143/1563 [====================>.........] - ETA: 12s - loss: 1.4570 - accuracy: 0.4744
1145/1563 [====================>.........] - ETA: 12s - loss: 1.4567 - accuracy: 0.4745
1147/1563 [=====================>........] - ETA: 12s - loss: 1.4564 - accuracy: 0.4747
1149/1563 [=====================>........] - ETA: 12s - loss: 1.4558 - accuracy: 0.4749
1151/1563 [=====================>........] - ETA: 12s - loss: 1.4550 - accuracy: 0.4752
1153/1563 [=====================>........] - ETA: 12s - loss: 1.4545 - accuracy: 0.4753
1155/1563 [=====================>........] - ETA: 12s - loss: 1.4540 - accuracy: 0.4754
1157/1563 [=====================>........] - ETA: 12s - loss: 1.4533 - accuracy: 0.4757
1159/1563 [=====================>........] - ETA: 12s - loss: 1.4532 - accuracy: 0.4759
1161/1563 [=====================>........] - ETA: 12s - loss: 1.4527 - accuracy: 0.4760
1163/1563 [=====================>........] - ETA: 12s - loss: 1.4517 - accuracy: 0.4765
1165/1563 [=====================>........] - ETA: 12s - loss: 1.4512 - accuracy: 0.4767
1167/1563 [=====================>........] - ETA: 12s - loss: 1.4505 - accuracy: 0.4769
1169/1563 [=====================>........] - ETA: 12s - loss: 1.4500 - accuracy: 0.4772
1171/1563 [=====================>........] - ETA: 11s - loss: 1.4496 - accuracy: 0.4775
1173/1563 [=====================>........] - ETA: 11s - loss: 1.4491 - accuracy: 0.4775
1175/1563 [=====================>........] - ETA: 11s - loss: 1.4488 - accuracy: 0.4777
1177/1563 [=====================>........] - ETA: 11s - loss: 1.4482 - accuracy: 0.4780
1179/1563 [=====================>........] - ETA: 11s - loss: 1.4479 - accuracy: 0.4781
1181/1563 [=====================>........] - ETA: 11s - loss: 1.4474 - accuracy: 0.4783
1184/1563 [=====================>........] - ETA: 11s - loss: 1.4464 - accuracy: 0.4786
1185/1563 [=====================>........] - ETA: 11s - loss: 1.4462 - accuracy: 0.4787
1188/1563 [=====================>........] - ETA: 11s - loss: 1.4456 - accuracy: 0.4790
1191/1563 [=====================>........] - ETA: 11s - loss: 1.4451 - accuracy: 0.4792
1193/1563 [=====================>........] - ETA: 11s - loss: 1.4446 - accuracy: 0.4794
1196/1563 [=====================>........] - ETA: 11s - loss: 1.4440 - accuracy: 0.4796
1198/1563 [=====================>........] - ETA: 11s - loss: 1.4436 - accuracy: 0.4799
1200/1563 [======================>.......] - ETA: 11s - loss: 1.4429 - accuracy: 0.4802
1203/1563 [======================>.......] - ETA: 10s - loss: 1.4420 - accuracy: 0.4805
1206/1563 [======================>.......] - ETA: 10s - loss: 1.4410 - accuracy: 0.4808
1209/1563 [======================>.......] - ETA: 10s - loss: 1.4407 - accuracy: 0.4809
1212/1563 [======================>.......] - ETA: 10s - loss: 1.4397 - accuracy: 0.4813
1215/1563 [======================>.......] - ETA: 10s - loss: 1.4392 - accuracy: 0.4815
1218/1563 [======================>.......] - ETA: 10s - loss: 1.4383 - accuracy: 0.4818
1221/1563 [======================>.......] - ETA: 10s - loss: 1.4377 - accuracy: 0.4821
1224/1563 [======================>.......] - ETA: 10s - loss: 1.4365 - accuracy: 0.4826
1227/1563 [======================>.......] - ETA: 10s - loss: 1.4352 - accuracy: 0.4830
1229/1563 [======================>.......] - ETA: 10s - loss: 1.4346 - accuracy: 0.4832
1231/1563 [======================>.......] - ETA: 10s - loss: 1.4342 - accuracy: 0.4833
1234/1563 [======================>.......] - ETA: 9s - loss: 1.4333 - accuracy: 0.4836 
1237/1563 [======================>.......] - ETA: 9s - loss: 1.4321 - accuracy: 0.4839
1240/1563 [======================>.......] - ETA: 9s - loss: 1.4315 - accuracy: 0.4842
1242/1563 [======================>.......] - ETA: 9s - loss: 1.4312 - accuracy: 0.4844
1244/1563 [======================>.......] - ETA: 9s - loss: 1.4309 - accuracy: 0.4845
1246/1563 [======================>.......] - ETA: 9s - loss: 1.4302 - accuracy: 0.4847
1249/1563 [======================>.......] - ETA: 9s - loss: 1.4296 - accuracy: 0.4848
1251/1563 [=======================>......] - ETA: 9s - loss: 1.4290 - accuracy: 0.4851
1253/1563 [=======================>......] - ETA: 9s - loss: 1.4288 - accuracy: 0.4851
1255/1563 [=======================>......] - ETA: 9s - loss: 1.4284 - accuracy: 0.4852
1258/1563 [=======================>......] - ETA: 9s - loss: 1.4279 - accuracy: 0.4854
1260/1563 [=======================>......] - ETA: 9s - loss: 1.4277 - accuracy: 0.4855
1262/1563 [=======================>......] - ETA: 9s - loss: 1.4275 - accuracy: 0.4856
1264/1563 [=======================>......] - ETA: 9s - loss: 1.4271 - accuracy: 0.4857
1266/1563 [=======================>......] - ETA: 9s - loss: 1.4267 - accuracy: 0.4859
1268/1563 [=======================>......] - ETA: 8s - loss: 1.4262 - accuracy: 0.4861
1270/1563 [=======================>......] - ETA: 8s - loss: 1.4257 - accuracy: 0.4862
1272/1563 [=======================>......] - ETA: 8s - loss: 1.4253 - accuracy: 0.4864
1275/1563 [=======================>......] - ETA: 8s - loss: 1.4248 - accuracy: 0.4867
1278/1563 [=======================>......] - ETA: 8s - loss: 1.4244 - accuracy: 0.4869
1280/1563 [=======================>......] - ETA: 8s - loss: 1.4239 - accuracy: 0.4871
1282/1563 [=======================>......] - ETA: 8s - loss: 1.4234 - accuracy: 0.4873
1285/1563 [=======================>......] - ETA: 8s - loss: 1.4225 - accuracy: 0.4877
1287/1563 [=======================>......] - ETA: 8s - loss: 1.4221 - accuracy: 0.4879
1289/1563 [=======================>......] - ETA: 8s - loss: 1.4215 - accuracy: 0.4880
1291/1563 [=======================>......] - ETA: 8s - loss: 1.4211 - accuracy: 0.4882
1293/1563 [=======================>......] - ETA: 8s - loss: 1.4205 - accuracy: 0.4885
1296/1563 [=======================>......] - ETA: 8s - loss: 1.4198 - accuracy: 0.4888
1299/1563 [=======================>......] - ETA: 8s - loss: 1.4190 - accuracy: 0.4892
1302/1563 [=======================>......] - ETA: 7s - loss: 1.4187 - accuracy: 0.4894
1304/1563 [========================>.....] - ETA: 7s - loss: 1.4177 - accuracy: 0.4898
1306/1563 [========================>.....] - ETA: 7s - loss: 1.4170 - accuracy: 0.4901
1307/1563 [========================>.....] - ETA: 7s - loss: 1.4173 - accuracy: 0.4900
1309/1563 [========================>.....] - ETA: 7s - loss: 1.4169 - accuracy: 0.4902
1311/1563 [========================>.....] - ETA: 7s - loss: 1.4166 - accuracy: 0.4903
1313/1563 [========================>.....] - ETA: 7s - loss: 1.4164 - accuracy: 0.4905
1315/1563 [========================>.....] - ETA: 7s - loss: 1.4159 - accuracy: 0.4907
1317/1563 [========================>.....] - ETA: 7s - loss: 1.4157 - accuracy: 0.4907
1320/1563 [========================>.....] - ETA: 7s - loss: 1.4153 - accuracy: 0.4910
1323/1563 [========================>.....] - ETA: 7s - loss: 1.4143 - accuracy: 0.4913
1325/1563 [========================>.....] - ETA: 7s - loss: 1.4139 - accuracy: 0.4915
1327/1563 [========================>.....] - ETA: 7s - loss: 1.4135 - accuracy: 0.4917
1329/1563 [========================>.....] - ETA: 7s - loss: 1.4134 - accuracy: 0.4917
1330/1563 [========================>.....] - ETA: 7s - loss: 1.4130 - accuracy: 0.4919
1333/1563 [========================>.....] - ETA: 6s - loss: 1.4125 - accuracy: 0.4921
1335/1563 [========================>.....] - ETA: 6s - loss: 1.4125 - accuracy: 0.4920
1337/1563 [========================>.....] - ETA: 6s - loss: 1.4121 - accuracy: 0.4922
1339/1563 [========================>.....] - ETA: 6s - loss: 1.4120 - accuracy: 0.4923
1341/1563 [========================>.....] - ETA: 6s - loss: 1.4117 - accuracy: 0.4925
1344/1563 [========================>.....] - ETA: 6s - loss: 1.4114 - accuracy: 0.4928
1347/1563 [========================>.....] - ETA: 6s - loss: 1.4113 - accuracy: 0.4928
1350/1563 [========================>.....] - ETA: 6s - loss: 1.4106 - accuracy: 0.4928
1352/1563 [========================>.....] - ETA: 6s - loss: 1.4102 - accuracy: 0.4929
1355/1563 [=========================>....] - ETA: 6s - loss: 1.4096 - accuracy: 0.4931
1357/1563 [=========================>....] - ETA: 6s - loss: 1.4092 - accuracy: 0.4934
1359/1563 [=========================>....] - ETA: 6s - loss: 1.4087 - accuracy: 0.4936
1361/1563 [=========================>....] - ETA: 6s - loss: 1.4083 - accuracy: 0.4938
1364/1563 [=========================>....] - ETA: 6s - loss: 1.4078 - accuracy: 0.4939
1367/1563 [=========================>....] - ETA: 5s - loss: 1.4071 - accuracy: 0.4942
1369/1563 [=========================>....] - ETA: 5s - loss: 1.4068 - accuracy: 0.4943
1371/1563 [=========================>....] - ETA: 5s - loss: 1.4065 - accuracy: 0.4944
1373/1563 [=========================>....] - ETA: 5s - loss: 1.4061 - accuracy: 0.4946
1376/1563 [=========================>....] - ETA: 5s - loss: 1.4052 - accuracy: 0.4951
1379/1563 [=========================>....] - ETA: 5s - loss: 1.4047 - accuracy: 0.4953
1381/1563 [=========================>....] - ETA: 5s - loss: 1.4043 - accuracy: 0.4954
1384/1563 [=========================>....] - ETA: 5s - loss: 1.4036 - accuracy: 0.4956
1386/1563 [=========================>....] - ETA: 5s - loss: 1.4032 - accuracy: 0.4959
1388/1563 [=========================>....] - ETA: 5s - loss: 1.4031 - accuracy: 0.4960
1390/1563 [=========================>....] - ETA: 5s - loss: 1.4026 - accuracy: 0.4962
1392/1563 [=========================>....] - ETA: 5s - loss: 1.4024 - accuracy: 0.4963
1395/1563 [=========================>....] - ETA: 5s - loss: 1.4018 - accuracy: 0.4966
1397/1563 [=========================>....] - ETA: 5s - loss: 1.4013 - accuracy: 0.4967
1398/1563 [=========================>....] - ETA: 5s - loss: 1.4012 - accuracy: 0.4968
1400/1563 [=========================>....] - ETA: 4s - loss: 1.4011 - accuracy: 0.4969
1402/1563 [=========================>....] - ETA: 4s - loss: 1.4006 - accuracy: 0.4970
1404/1563 [=========================>....] - ETA: 4s - loss: 1.4002 - accuracy: 0.4972
1406/1563 [=========================>....] - ETA: 4s - loss: 1.3998 - accuracy: 0.4974
1408/1563 [==========================>...] - ETA: 4s - loss: 1.3993 - accuracy: 0.4976
1410/1563 [==========================>...] - ETA: 4s - loss: 1.3990 - accuracy: 0.4977
1412/1563 [==========================>...] - ETA: 4s - loss: 1.3989 - accuracy: 0.4977
1415/1563 [==========================>...] - ETA: 4s - loss: 1.3981 - accuracy: 0.4979
1417/1563 [==========================>...] - ETA: 4s - loss: 1.3976 - accuracy: 0.4982
1420/1563 [==========================>...] - ETA: 4s - loss: 1.3967 - accuracy: 0.4987
1422/1563 [==========================>...] - ETA: 4s - loss: 1.3963 - accuracy: 0.4988
1424/1563 [==========================>...] - ETA: 4s - loss: 1.3962 - accuracy: 0.4988
1427/1563 [==========================>...] - ETA: 4s - loss: 1.3957 - accuracy: 0.4990
1429/1563 [==========================>...] - ETA: 4s - loss: 1.3951 - accuracy: 0.4992
1431/1563 [==========================>...] - ETA: 4s - loss: 1.3947 - accuracy: 0.4993
1433/1563 [==========================>...] - ETA: 3s - loss: 1.3941 - accuracy: 0.4994
1435/1563 [==========================>...] - ETA: 3s - loss: 1.3935 - accuracy: 0.4996
1437/1563 [==========================>...] - ETA: 3s - loss: 1.3931 - accuracy: 0.4997
1439/1563 [==========================>...] - ETA: 3s - loss: 1.3925 - accuracy: 0.5000
1441/1563 [==========================>...] - ETA: 3s - loss: 1.3919 - accuracy: 0.5002
1443/1563 [==========================>...] - ETA: 3s - loss: 1.3918 - accuracy: 0.5003
1446/1563 [==========================>...] - ETA: 3s - loss: 1.3910 - accuracy: 0.5006
1449/1563 [==========================>...] - ETA: 3s - loss: 1.3898 - accuracy: 0.5010
1452/1563 [==========================>...] - ETA: 3s - loss: 1.3893 - accuracy: 0.5011
1454/1563 [==========================>...] - ETA: 3s - loss: 1.3886 - accuracy: 0.5014
1457/1563 [==========================>...] - ETA: 3s - loss: 1.3885 - accuracy: 0.5015
1459/1563 [===========================>..] - ETA: 3s - loss: 1.3881 - accuracy: 0.5017
1461/1563 [===========================>..] - ETA: 3s - loss: 1.3877 - accuracy: 0.5019
1464/1563 [===========================>..] - ETA: 3s - loss: 1.3867 - accuracy: 0.5024
1467/1563 [===========================>..] - ETA: 2s - loss: 1.3858 - accuracy: 0.5028
1469/1563 [===========================>..] - ETA: 2s - loss: 1.3855 - accuracy: 0.5029
1471/1563 [===========================>..] - ETA: 2s - loss: 1.3851 - accuracy: 0.5030
1473/1563 [===========================>..] - ETA: 2s - loss: 1.3846 - accuracy: 0.5032
1475/1563 [===========================>..] - ETA: 2s - loss: 1.3843 - accuracy: 0.5033
1477/1563 [===========================>..] - ETA: 2s - loss: 1.3842 - accuracy: 0.5034
1479/1563 [===========================>..] - ETA: 2s - loss: 1.3837 - accuracy: 0.5036
1482/1563 [===========================>..] - ETA: 2s - loss: 1.3832 - accuracy: 0.5038
1484/1563 [===========================>..] - ETA: 2s - loss: 1.3830 - accuracy: 0.5039
1486/1563 [===========================>..] - ETA: 2s - loss: 1.3828 - accuracy: 0.5039
1489/1563 [===========================>..] - ETA: 2s - loss: 1.3824 - accuracy: 0.5040
1492/1563 [===========================>..] - ETA: 2s - loss: 1.3822 - accuracy: 0.5041
1494/1563 [===========================>..] - ETA: 2s - loss: 1.3818 - accuracy: 0.5041
1496/1563 [===========================>..] - ETA: 2s - loss: 1.3813 - accuracy: 0.5042
1498/1563 [===========================>..] - ETA: 1s - loss: 1.3811 - accuracy: 0.5043
1500/1563 [===========================>..] - ETA: 1s - loss: 1.3805 - accuracy: 0.5045
1502/1563 [===========================>..] - ETA: 1s - loss: 1.3803 - accuracy: 0.5045
1504/1563 [===========================>..] - ETA: 1s - loss: 1.3799 - accuracy: 0.5046
1506/1563 [===========================>..] - ETA: 1s - loss: 1.3794 - accuracy: 0.5049
1508/1563 [===========================>..] - ETA: 1s - loss: 1.3791 - accuracy: 0.5051
1510/1563 [===========================>..] - ETA: 1s - loss: 1.3785 - accuracy: 0.5053
1512/1563 [============================>.] - ETA: 1s - loss: 1.3780 - accuracy: 0.5054
1514/1563 [============================>.] - ETA: 1s - loss: 1.3778 - accuracy: 0.5054
1516/1563 [============================>.] - ETA: 1s - loss: 1.3774 - accuracy: 0.5056
1518/1563 [============================>.] - ETA: 1s - loss: 1.3772 - accuracy: 0.5056
1520/1563 [============================>.] - ETA: 1s - loss: 1.3768 - accuracy: 0.5058
1522/1563 [============================>.] - ETA: 1s - loss: 1.3765 - accuracy: 0.5059
1524/1563 [============================>.] - ETA: 1s - loss: 1.3765 - accuracy: 0.5059
1527/1563 [============================>.] - ETA: 1s - loss: 1.3756 - accuracy: 0.5061
1529/1563 [============================>.] - ETA: 1s - loss: 1.3753 - accuracy: 0.5062
1531/1563 [============================>.] - ETA: 0s - loss: 1.3748 - accuracy: 0.5063
1533/1563 [============================>.] - ETA: 0s - loss: 1.3744 - accuracy: 0.5065
1535/1563 [============================>.] - ETA: 0s - loss: 1.3742 - accuracy: 0.5067
1537/1563 [============================>.] - ETA: 0s - loss: 1.3736 - accuracy: 0.5069
1539/1563 [============================>.] - ETA: 0s - loss: 1.3731 - accuracy: 0.5071
1541/1563 [============================>.] - ETA: 0s - loss: 1.3728 - accuracy: 0.5072
1543/1563 [============================>.] - ETA: 0s - loss: 1.3722 - accuracy: 0.5074
1546/1563 [============================>.] - ETA: 0s - loss: 1.3715 - accuracy: 0.5075
1548/1563 [============================>.] - ETA: 0s - loss: 1.3711 - accuracy: 0.5078
1550/1563 [============================>.] - ETA: 0s - loss: 1.3707 - accuracy: 0.5079
1552/1563 [============================>.] - ETA: 0s - loss: 1.3705 - accuracy: 0.5080
1554/1563 [============================>.] - ETA: 0s - loss: 1.3702 - accuracy: 0.5081
1556/1563 [============================>.] - ETA: 0s - loss: 1.3696 - accuracy: 0.5084
1558/1563 [============================>.] - ETA: 0s - loss: 1.3691 - accuracy: 0.5085
1560/1563 [============================>.] - ETA: 0s - loss: 1.3688 - accuracy: 0.5086
1562/1563 [============================>.] - ETA: 0s - loss: 1.3687 - accuracy: 0.5086
1563/1563 [==============================] - 54s 33ms/step - loss: 1.3688 - accuracy: 0.5086 - val_loss: 1.1126 - val_accuracy: 0.6039
Epoch 2/100

   1/1563 [..............................] - ETA: 1:13 - loss: 1.2011 - accuracy: 0.5938
   3/1563 [..............................] - ETA: 56s - loss: 1.1623 - accuracy: 0.6042 
   5/1563 [..............................] - ETA: 54s - loss: 1.1497 - accuracy: 0.6062
   7/1563 [..............................] - ETA: 52s - loss: 1.1082 - accuracy: 0.6071
   9/1563 [..............................] - ETA: 49s - loss: 1.1028 - accuracy: 0.6181
  12/1563 [..............................] - ETA: 48s - loss: 1.0910 - accuracy: 0.6120
  14/1563 [..............................] - ETA: 48s - loss: 1.0898 - accuracy: 0.6049
  16/1563 [..............................] - ETA: 47s - loss: 1.0842 - accuracy: 0.6074
  18/1563 [..............................] - ETA: 49s - loss: 1.0681 - accuracy: 0.6146
  20/1563 [..............................] - ETA: 49s - loss: 1.0657 - accuracy: 0.6141
  22/1563 [..............................] - ETA: 48s - loss: 1.0698 - accuracy: 0.6151
  24/1563 [..............................] - ETA: 49s - loss: 1.0649 - accuracy: 0.6172
  26/1563 [..............................] - ETA: 49s - loss: 1.0808 - accuracy: 0.6130
  28/1563 [..............................] - ETA: 49s - loss: 1.0773 - accuracy: 0.6150
  31/1563 [..............................] - ETA: 48s - loss: 1.0590 - accuracy: 0.6169
  33/1563 [..............................] - ETA: 48s - loss: 1.0567 - accuracy: 0.6212
  35/1563 [..............................] - ETA: 49s - loss: 1.0526 - accuracy: 0.6232
  37/1563 [..............................] - ETA: 49s - loss: 1.0525 - accuracy: 0.6250
  40/1563 [..............................] - ETA: 48s - loss: 1.0438 - accuracy: 0.6266
  42/1563 [..............................] - ETA: 48s - loss: 1.0355 - accuracy: 0.6310
  44/1563 [..............................] - ETA: 48s - loss: 1.0288 - accuracy: 0.6357
  47/1563 [..............................] - ETA: 48s - loss: 1.0324 - accuracy: 0.6336
  49/1563 [..............................] - ETA: 48s - loss: 1.0349 - accuracy: 0.6327
  51/1563 [..............................] - ETA: 48s - loss: 1.0343 - accuracy: 0.6354
  53/1563 [>.............................] - ETA: 48s - loss: 1.0267 - accuracy: 0.6397
  55/1563 [>.............................] - ETA: 48s - loss: 1.0238 - accuracy: 0.6420
  57/1563 [>.............................] - ETA: 47s - loss: 1.0207 - accuracy: 0.6420
  59/1563 [>.............................] - ETA: 47s - loss: 1.0167 - accuracy: 0.6430
  61/1563 [>.............................] - ETA: 48s - loss: 1.0151 - accuracy: 0.6414
  63/1563 [>.............................] - ETA: 47s - loss: 1.0098 - accuracy: 0.6453
  66/1563 [>.............................] - ETA: 47s - loss: 1.0066 - accuracy: 0.6458
  68/1563 [>.............................] - ETA: 47s - loss: 1.0026 - accuracy: 0.6471
  70/1563 [>.............................] - ETA: 46s - loss: 0.9991 - accuracy: 0.6478
  72/1563 [>.............................] - ETA: 46s - loss: 0.9921 - accuracy: 0.6510
  74/1563 [>.............................] - ETA: 46s - loss: 0.9907 - accuracy: 0.6508
  76/1563 [>.............................] - ETA: 46s - loss: 0.9894 - accuracy: 0.6521
  78/1563 [>.............................] - ETA: 46s - loss: 0.9885 - accuracy: 0.6522
  80/1563 [>.............................] - ETA: 46s - loss: 0.9853 - accuracy: 0.6523
  81/1563 [>.............................] - ETA: 47s - loss: 0.9849 - accuracy: 0.6528
  84/1563 [>.............................] - ETA: 46s - loss: 0.9802 - accuracy: 0.6540
  86/1563 [>.............................] - ETA: 46s - loss: 0.9779 - accuracy: 0.6552
  88/1563 [>.............................] - ETA: 46s - loss: 0.9760 - accuracy: 0.6555
  91/1563 [>.............................] - ETA: 45s - loss: 0.9800 - accuracy: 0.6545
  93/1563 [>.............................] - ETA: 45s - loss: 0.9804 - accuracy: 0.6546
  96/1563 [>.............................] - ETA: 45s - loss: 0.9859 - accuracy: 0.6530
  99/1563 [>.............................] - ETA: 44s - loss: 0.9898 - accuracy: 0.6506
 101/1563 [>.............................] - ETA: 44s - loss: 0.9884 - accuracy: 0.6507
 104/1563 [>.............................] - ETA: 44s - loss: 0.9873 - accuracy: 0.6514
 107/1563 [=>............................] - ETA: 44s - loss: 0.9883 - accuracy: 0.6501
 109/1563 [=>............................] - ETA: 44s - loss: 0.9909 - accuracy: 0.6491
 111/1563 [=>............................] - ETA: 44s - loss: 0.9907 - accuracy: 0.6503
 113/1563 [=>............................] - ETA: 44s - loss: 0.9886 - accuracy: 0.6515
 115/1563 [=>............................] - ETA: 44s - loss: 0.9883 - accuracy: 0.6514
 118/1563 [=>............................] - ETA: 44s - loss: 0.9856 - accuracy: 0.6523
 121/1563 [=>............................] - ETA: 43s - loss: 0.9875 - accuracy: 0.6526
 123/1563 [=>............................] - ETA: 43s - loss: 0.9877 - accuracy: 0.6527
 125/1563 [=>............................] - ETA: 43s - loss: 0.9889 - accuracy: 0.6528
 126/1563 [=>............................] - ETA: 44s - loss: 0.9890 - accuracy: 0.6525
 129/1563 [=>............................] - ETA: 43s - loss: 0.9867 - accuracy: 0.6533
 131/1563 [=>............................] - ETA: 43s - loss: 0.9841 - accuracy: 0.6541
 133/1563 [=>............................] - ETA: 43s - loss: 0.9833 - accuracy: 0.6551
 135/1563 [=>............................] - ETA: 43s - loss: 0.9837 - accuracy: 0.6553
 137/1563 [=>............................] - ETA: 43s - loss: 0.9821 - accuracy: 0.6560
 140/1563 [=>............................] - ETA: 43s - loss: 0.9804 - accuracy: 0.6558
 142/1563 [=>............................] - ETA: 43s - loss: 0.9793 - accuracy: 0.6558
 145/1563 [=>............................] - ETA: 43s - loss: 0.9783 - accuracy: 0.6567
 148/1563 [=>............................] - ETA: 43s - loss: 0.9777 - accuracy: 0.6558
 151/1563 [=>............................] - ETA: 42s - loss: 0.9746 - accuracy: 0.6573
 153/1563 [=>............................] - ETA: 42s - loss: 0.9744 - accuracy: 0.6573
 155/1563 [=>............................] - ETA: 42s - loss: 0.9731 - accuracy: 0.6581
 158/1563 [==>...........................] - ETA: 42s - loss: 0.9753 - accuracy: 0.6568
 160/1563 [==>...........................] - ETA: 42s - loss: 0.9732 - accuracy: 0.6578
 162/1563 [==>...........................] - ETA: 42s - loss: 0.9725 - accuracy: 0.6578
 164/1563 [==>...........................] - ETA: 42s - loss: 0.9746 - accuracy: 0.6582
 166/1563 [==>...........................] - ETA: 42s - loss: 0.9758 - accuracy: 0.6578
 169/1563 [==>...........................] - ETA: 42s - loss: 0.9761 - accuracy: 0.6572
 171/1563 [==>...........................] - ETA: 42s - loss: 0.9767 - accuracy: 0.6583
 173/1563 [==>...........................] - ETA: 42s - loss: 0.9763 - accuracy: 0.6581
 175/1563 [==>...........................] - ETA: 42s - loss: 0.9769 - accuracy: 0.6579
 177/1563 [==>...........................] - ETA: 42s - loss: 0.9793 - accuracy: 0.6570
 179/1563 [==>...........................] - ETA: 42s - loss: 0.9816 - accuracy: 0.6566
 180/1563 [==>...........................] - ETA: 42s - loss: 0.9817 - accuracy: 0.6566
 183/1563 [==>...........................] - ETA: 42s - loss: 0.9810 - accuracy: 0.6568
 186/1563 [==>...........................] - ETA: 41s - loss: 0.9822 - accuracy: 0.6569
 188/1563 [==>...........................] - ETA: 41s - loss: 0.9828 - accuracy: 0.6562
 190/1563 [==>...........................] - ETA: 41s - loss: 0.9843 - accuracy: 0.6554
 192/1563 [==>...........................] - ETA: 41s - loss: 0.9832 - accuracy: 0.6567
 193/1563 [==>...........................] - ETA: 41s - loss: 0.9820 - accuracy: 0.6574
 195/1563 [==>...........................] - ETA: 41s - loss: 0.9812 - accuracy: 0.6574
 198/1563 [==>...........................] - ETA: 41s - loss: 0.9843 - accuracy: 0.6566
 200/1563 [==>...........................] - ETA: 41s - loss: 0.9834 - accuracy: 0.6570
 203/1563 [==>...........................] - ETA: 41s - loss: 0.9849 - accuracy: 0.6564
 206/1563 [==>...........................] - ETA: 41s - loss: 0.9886 - accuracy: 0.6559
 208/1563 [==>...........................] - ETA: 41s - loss: 0.9880 - accuracy: 0.6567
 210/1563 [===>..........................] - ETA: 41s - loss: 0.9903 - accuracy: 0.6561
 212/1563 [===>..........................] - ETA: 41s - loss: 0.9914 - accuracy: 0.6555
 215/1563 [===>..........................] - ETA: 41s - loss: 0.9921 - accuracy: 0.6554
 217/1563 [===>..........................] - ETA: 40s - loss: 0.9954 - accuracy: 0.6539
 219/1563 [===>..........................] - ETA: 41s - loss: 0.9960 - accuracy: 0.6534
 221/1563 [===>..........................] - ETA: 41s - loss: 0.9967 - accuracy: 0.6534
 223/1563 [===>..........................] - ETA: 40s - loss: 0.9974 - accuracy: 0.6530
 226/1563 [===>..........................] - ETA: 40s - loss: 0.9980 - accuracy: 0.6525
 228/1563 [===>..........................] - ETA: 40s - loss: 0.9994 - accuracy: 0.6517
 230/1563 [===>..........................] - ETA: 40s - loss: 1.0011 - accuracy: 0.6510
 233/1563 [===>..........................] - ETA: 40s - loss: 1.0022 - accuracy: 0.6506
 235/1563 [===>..........................] - ETA: 40s - loss: 1.0020 - accuracy: 0.6507
 237/1563 [===>..........................] - ETA: 40s - loss: 1.0002 - accuracy: 0.6512
 239/1563 [===>..........................] - ETA: 40s - loss: 0.9998 - accuracy: 0.6513
 241/1563 [===>..........................] - ETA: 40s - loss: 1.0008 - accuracy: 0.6505
 243/1563 [===>..........................] - ETA: 40s - loss: 0.9982 - accuracy: 0.6514
 245/1563 [===>..........................] - ETA: 40s - loss: 1.0010 - accuracy: 0.6510
 247/1563 [===>..........................] - ETA: 40s - loss: 1.0023 - accuracy: 0.6506
 248/1563 [===>..........................] - ETA: 40s - loss: 1.0030 - accuracy: 0.6499
 250/1563 [===>..........................] - ETA: 40s - loss: 1.0042 - accuracy: 0.6495
 252/1563 [===>..........................] - ETA: 40s - loss: 1.0048 - accuracy: 0.6493
 255/1563 [===>..........................] - ETA: 39s - loss: 1.0036 - accuracy: 0.6498
 257/1563 [===>..........................] - ETA: 39s - loss: 1.0046 - accuracy: 0.6496
 260/1563 [===>..........................] - ETA: 39s - loss: 1.0041 - accuracy: 0.6500
 263/1563 [====>.........................] - ETA: 39s - loss: 1.0045 - accuracy: 0.6497
 265/1563 [====>.........................] - ETA: 39s - loss: 1.0040 - accuracy: 0.6498
 268/1563 [====>.........................] - ETA: 39s - loss: 1.0016 - accuracy: 0.6505
 270/1563 [====>.........................] - ETA: 39s - loss: 1.0025 - accuracy: 0.6501
 272/1563 [====>.........................] - ETA: 39s - loss: 1.0012 - accuracy: 0.6511
 274/1563 [====>.........................] - ETA: 39s - loss: 1.0007 - accuracy: 0.6511
 277/1563 [====>.........................] - ETA: 38s - loss: 1.0006 - accuracy: 0.6513
 280/1563 [====>.........................] - ETA: 38s - loss: 1.0000 - accuracy: 0.6512
 282/1563 [====>.........................] - ETA: 38s - loss: 0.9994 - accuracy: 0.6509
 285/1563 [====>.........................] - ETA: 38s - loss: 0.9985 - accuracy: 0.6511
 288/1563 [====>.........................] - ETA: 38s - loss: 0.9967 - accuracy: 0.6515
 290/1563 [====>.........................] - ETA: 38s - loss: 0.9968 - accuracy: 0.6515
 293/1563 [====>.........................] - ETA: 38s - loss: 0.9970 - accuracy: 0.6515
 295/1563 [====>.........................] - ETA: 38s - loss: 0.9978 - accuracy: 0.6514
 298/1563 [====>.........................] - ETA: 37s - loss: 0.9969 - accuracy: 0.6520
 300/1563 [====>.........................] - ETA: 37s - loss: 0.9971 - accuracy: 0.6520
 302/1563 [====>.........................] - ETA: 37s - loss: 0.9968 - accuracy: 0.6520
 305/1563 [====>.........................] - ETA: 37s - loss: 0.9984 - accuracy: 0.6516
 308/1563 [====>.........................] - ETA: 37s - loss: 0.9988 - accuracy: 0.6513
 311/1563 [====>.........................] - ETA: 37s - loss: 0.9979 - accuracy: 0.6514
 312/1563 [====>.........................] - ETA: 37s - loss: 0.9973 - accuracy: 0.6514
 315/1563 [=====>........................] - ETA: 37s - loss: 0.9980 - accuracy: 0.6514
 318/1563 [=====>........................] - ETA: 37s - loss: 0.9990 - accuracy: 0.6503
 320/1563 [=====>........................] - ETA: 36s - loss: 0.9993 - accuracy: 0.6501
 323/1563 [=====>........................] - ETA: 36s - loss: 0.9992 - accuracy: 0.6501
 325/1563 [=====>........................] - ETA: 36s - loss: 0.9989 - accuracy: 0.6501
 327/1563 [=====>........................] - ETA: 36s - loss: 0.9988 - accuracy: 0.6502
 330/1563 [=====>........................] - ETA: 36s - loss: 0.9990 - accuracy: 0.6498
 332/1563 [=====>........................] - ETA: 36s - loss: 0.9998 - accuracy: 0.6497
 335/1563 [=====>........................] - ETA: 36s - loss: 0.9978 - accuracy: 0.6503
 338/1563 [=====>........................] - ETA: 36s - loss: 0.9964 - accuracy: 0.6508
 340/1563 [=====>........................] - ETA: 36s - loss: 0.9972 - accuracy: 0.6501
 343/1563 [=====>........................] - ETA: 35s - loss: 0.9986 - accuracy: 0.6492
 345/1563 [=====>........................] - ETA: 35s - loss: 0.9989 - accuracy: 0.6495
 347/1563 [=====>........................] - ETA: 35s - loss: 0.9990 - accuracy: 0.6496
 350/1563 [=====>........................] - ETA: 35s - loss: 0.9993 - accuracy: 0.6492
 352/1563 [=====>........................] - ETA: 35s - loss: 0.9990 - accuracy: 0.6493
 355/1563 [=====>........................] - ETA: 35s - loss: 0.9991 - accuracy: 0.6497
 357/1563 [=====>........................] - ETA: 35s - loss: 0.9996 - accuracy: 0.6497
 359/1563 [=====>........................] - ETA: 35s - loss: 0.9997 - accuracy: 0.6495
 361/1563 [=====>........................] - ETA: 35s - loss: 1.0008 - accuracy: 0.6488
 364/1563 [=====>........................] - ETA: 35s - loss: 1.0012 - accuracy: 0.6486
 366/1563 [======>.......................] - ETA: 35s - loss: 1.0016 - accuracy: 0.6482
 368/1563 [======>.......................] - ETA: 35s - loss: 1.0019 - accuracy: 0.6482
 370/1563 [======>.......................] - ETA: 35s - loss: 1.0017 - accuracy: 0.6482
 372/1563 [======>.......................] - ETA: 35s - loss: 1.0003 - accuracy: 0.6487
 374/1563 [======>.......................] - ETA: 35s - loss: 1.0009 - accuracy: 0.6486
 376/1563 [======>.......................] - ETA: 35s - loss: 1.0009 - accuracy: 0.6485
 379/1563 [======>.......................] - ETA: 34s - loss: 0.9999 - accuracy: 0.6489
 381/1563 [======>.......................] - ETA: 34s - loss: 0.9997 - accuracy: 0.6489
 383/1563 [======>.......................] - ETA: 34s - loss: 0.9991 - accuracy: 0.6493
 386/1563 [======>.......................] - ETA: 34s - loss: 0.9984 - accuracy: 0.6497
 389/1563 [======>.......................] - ETA: 34s - loss: 0.9983 - accuracy: 0.6497
 391/1563 [======>.......................] - ETA: 34s - loss: 0.9979 - accuracy: 0.6496
 393/1563 [======>.......................] - ETA: 34s - loss: 0.9982 - accuracy: 0.6493
 395/1563 [======>.......................] - ETA: 34s - loss: 0.9982 - accuracy: 0.6493
 398/1563 [======>.......................] - ETA: 34s - loss: 0.9998 - accuracy: 0.6483
 400/1563 [======>.......................] - ETA: 34s - loss: 0.9998 - accuracy: 0.6482
 402/1563 [======>.......................] - ETA: 34s - loss: 1.0001 - accuracy: 0.6479
 404/1563 [======>.......................] - ETA: 34s - loss: 1.0002 - accuracy: 0.6477
 406/1563 [======>.......................] - ETA: 34s - loss: 0.9998 - accuracy: 0.6477
 408/1563 [======>.......................] - ETA: 33s - loss: 0.9994 - accuracy: 0.6479
 410/1563 [======>.......................] - ETA: 33s - loss: 1.0002 - accuracy: 0.6478
 413/1563 [======>.......................] - ETA: 33s - loss: 1.0007 - accuracy: 0.6475
 415/1563 [======>.......................] - ETA: 33s - loss: 0.9999 - accuracy: 0.6475
 417/1563 [=======>......................] - ETA: 33s - loss: 0.9987 - accuracy: 0.6480
 419/1563 [=======>......................] - ETA: 33s - loss: 0.9992 - accuracy: 0.6480
 421/1563 [=======>......................] - ETA: 33s - loss: 0.9991 - accuracy: 0.6482
 423/1563 [=======>......................] - ETA: 33s - loss: 0.9986 - accuracy: 0.6483
 425/1563 [=======>......................] - ETA: 33s - loss: 0.9991 - accuracy: 0.6484
 427/1563 [=======>......................] - ETA: 33s - loss: 0.9988 - accuracy: 0.6485
 429/1563 [=======>......................] - ETA: 33s - loss: 0.9982 - accuracy: 0.6488
 431/1563 [=======>......................] - ETA: 33s - loss: 0.9985 - accuracy: 0.6489
 433/1563 [=======>......................] - ETA: 33s - loss: 0.9977 - accuracy: 0.6495
 436/1563 [=======>......................] - ETA: 33s - loss: 0.9992 - accuracy: 0.6493
 438/1563 [=======>......................] - ETA: 33s - loss: 0.9986 - accuracy: 0.6495
 440/1563 [=======>......................] - ETA: 33s - loss: 0.9982 - accuracy: 0.6496
 443/1563 [=======>......................] - ETA: 33s - loss: 0.9980 - accuracy: 0.6493
 445/1563 [=======>......................] - ETA: 33s - loss: 0.9986 - accuracy: 0.6492
 447/1563 [=======>......................] - ETA: 33s - loss: 0.9984 - accuracy: 0.6495
 449/1563 [=======>......................] - ETA: 32s - loss: 0.9978 - accuracy: 0.6498
 452/1563 [=======>......................] - ETA: 32s - loss: 0.9972 - accuracy: 0.6497
 454/1563 [=======>......................] - ETA: 32s - loss: 0.9972 - accuracy: 0.6497
 457/1563 [=======>......................] - ETA: 32s - loss: 0.9975 - accuracy: 0.6498
 459/1563 [=======>......................] - ETA: 32s - loss: 0.9979 - accuracy: 0.6497
 461/1563 [=======>......................] - ETA: 32s - loss: 0.9994 - accuracy: 0.6491
 463/1563 [=======>......................] - ETA: 32s - loss: 1.0002 - accuracy: 0.6489
 464/1563 [=======>......................] - ETA: 32s - loss: 0.9999 - accuracy: 0.6490
 466/1563 [=======>......................] - ETA: 32s - loss: 0.9996 - accuracy: 0.6493
 468/1563 [=======>......................] - ETA: 32s - loss: 0.9994 - accuracy: 0.6496
 471/1563 [========>.....................] - ETA: 32s - loss: 0.9995 - accuracy: 0.6495
 473/1563 [========>.....................] - ETA: 32s - loss: 0.9987 - accuracy: 0.6499
 475/1563 [========>.....................] - ETA: 32s - loss: 0.9985 - accuracy: 0.6499
 477/1563 [========>.....................] - ETA: 32s - loss: 0.9982 - accuracy: 0.6497
 480/1563 [========>.....................] - ETA: 32s - loss: 0.9983 - accuracy: 0.6500
 483/1563 [========>.....................] - ETA: 32s - loss: 1.0002 - accuracy: 0.6495
 485/1563 [========>.....................] - ETA: 32s - loss: 0.9998 - accuracy: 0.6495
 487/1563 [========>.....................] - ETA: 32s - loss: 0.9994 - accuracy: 0.6497
 488/1563 [========>.....................] - ETA: 32s - loss: 0.9988 - accuracy: 0.6497
 491/1563 [========>.....................] - ETA: 32s - loss: 1.0001 - accuracy: 0.6491
 493/1563 [========>.....................] - ETA: 31s - loss: 0.9994 - accuracy: 0.6492
 496/1563 [========>.....................] - ETA: 31s - loss: 0.9990 - accuracy: 0.6492
 498/1563 [========>.....................] - ETA: 31s - loss: 0.9989 - accuracy: 0.6494
 500/1563 [========>.....................] - ETA: 31s - loss: 0.9988 - accuracy: 0.6494
 502/1563 [========>.....................] - ETA: 31s - loss: 0.9987 - accuracy: 0.6495
 504/1563 [========>.....................] - ETA: 31s - loss: 0.9983 - accuracy: 0.6494
 506/1563 [========>.....................] - ETA: 31s - loss: 0.9981 - accuracy: 0.6496
 509/1563 [========>.....................] - ETA: 31s - loss: 0.9973 - accuracy: 0.6500
 511/1563 [========>.....................] - ETA: 31s - loss: 0.9965 - accuracy: 0.6500
 513/1563 [========>.....................] - ETA: 31s - loss: 0.9966 - accuracy: 0.6501
 515/1563 [========>.....................] - ETA: 31s - loss: 0.9967 - accuracy: 0.6499
 516/1563 [========>.....................] - ETA: 31s - loss: 0.9961 - accuracy: 0.6503
 518/1563 [========>.....................] - ETA: 31s - loss: 0.9962 - accuracy: 0.6504
 521/1563 [=========>....................] - ETA: 31s - loss: 0.9947 - accuracy: 0.6510
 523/1563 [=========>....................] - ETA: 31s - loss: 0.9952 - accuracy: 0.6508
 525/1563 [=========>....................] - ETA: 30s - loss: 0.9955 - accuracy: 0.6506
 527/1563 [=========>....................] - ETA: 30s - loss: 0.9959 - accuracy: 0.6506
 529/1563 [=========>....................] - ETA: 30s - loss: 0.9958 - accuracy: 0.6506
 531/1563 [=========>....................] - ETA: 30s - loss: 0.9956 - accuracy: 0.6510
 533/1563 [=========>....................] - ETA: 30s - loss: 0.9959 - accuracy: 0.6511
 535/1563 [=========>....................] - ETA: 30s - loss: 0.9960 - accuracy: 0.6511
 537/1563 [=========>....................] - ETA: 30s - loss: 0.9956 - accuracy: 0.6515
 539/1563 [=========>....................] - ETA: 30s - loss: 0.9950 - accuracy: 0.6520
 541/1563 [=========>....................] - ETA: 30s - loss: 0.9950 - accuracy: 0.6520
 543/1563 [=========>....................] - ETA: 30s - loss: 0.9943 - accuracy: 0.6520
 545/1563 [=========>....................] - ETA: 30s - loss: 0.9942 - accuracy: 0.6521
 547/1563 [=========>....................] - ETA: 30s - loss: 0.9941 - accuracy: 0.6519
 549/1563 [=========>....................] - ETA: 30s - loss: 0.9941 - accuracy: 0.6519
 552/1563 [=========>....................] - ETA: 30s - loss: 0.9928 - accuracy: 0.6526
 554/1563 [=========>....................] - ETA: 30s - loss: 0.9921 - accuracy: 0.6526
 557/1563 [=========>....................] - ETA: 30s - loss: 0.9913 - accuracy: 0.6528
 559/1563 [=========>....................] - ETA: 30s - loss: 0.9917 - accuracy: 0.6525
 561/1563 [=========>....................] - ETA: 29s - loss: 0.9919 - accuracy: 0.6525
 563/1563 [=========>....................] - ETA: 29s - loss: 0.9912 - accuracy: 0.6527
 565/1563 [=========>....................] - ETA: 29s - loss: 0.9909 - accuracy: 0.6528
 567/1563 [=========>....................] - ETA: 29s - loss: 0.9901 - accuracy: 0.6533
 570/1563 [=========>....................] - ETA: 29s - loss: 0.9904 - accuracy: 0.6532
 572/1563 [=========>....................] - ETA: 29s - loss: 0.9902 - accuracy: 0.6533
 574/1563 [==========>...................] - ETA: 29s - loss: 0.9906 - accuracy: 0.6531
 576/1563 [==========>...................] - ETA: 29s - loss: 0.9908 - accuracy: 0.6528
 578/1563 [==========>...................] - ETA: 29s - loss: 0.9904 - accuracy: 0.6532
 581/1563 [==========>...................] - ETA: 29s - loss: 0.9898 - accuracy: 0.6534
 583/1563 [==========>...................] - ETA: 29s - loss: 0.9906 - accuracy: 0.6531
 585/1563 [==========>...................] - ETA: 29s - loss: 0.9902 - accuracy: 0.6535
 588/1563 [==========>...................] - ETA: 29s - loss: 0.9900 - accuracy: 0.6534
 590/1563 [==========>...................] - ETA: 29s - loss: 0.9895 - accuracy: 0.6535
 592/1563 [==========>...................] - ETA: 28s - loss: 0.9897 - accuracy: 0.6533
 595/1563 [==========>...................] - ETA: 28s - loss: 0.9894 - accuracy: 0.6533
 598/1563 [==========>...................] - ETA: 28s - loss: 0.9897 - accuracy: 0.6533
 601/1563 [==========>...................] - ETA: 28s - loss: 0.9900 - accuracy: 0.6529
 604/1563 [==========>...................] - ETA: 28s - loss: 0.9894 - accuracy: 0.6531
 607/1563 [==========>...................] - ETA: 28s - loss: 0.9898 - accuracy: 0.6530
 610/1563 [==========>...................] - ETA: 28s - loss: 0.9894 - accuracy: 0.6532
 612/1563 [==========>...................] - ETA: 28s - loss: 0.9902 - accuracy: 0.6528
 614/1563 [==========>...................] - ETA: 28s - loss: 0.9899 - accuracy: 0.6529
 616/1563 [==========>...................] - ETA: 28s - loss: 0.9893 - accuracy: 0.6532
 618/1563 [==========>...................] - ETA: 28s - loss: 0.9890 - accuracy: 0.6531
 620/1563 [==========>...................] - ETA: 28s - loss: 0.9889 - accuracy: 0.6531
 622/1563 [==========>...................] - ETA: 28s - loss: 0.9891 - accuracy: 0.6532
 624/1563 [==========>...................] - ETA: 27s - loss: 0.9889 - accuracy: 0.6532
 626/1563 [===========>..................] - ETA: 27s - loss: 0.9885 - accuracy: 0.6535
 628/1563 [===========>..................] - ETA: 27s - loss: 0.9890 - accuracy: 0.6532
 630/1563 [===========>..................] - ETA: 27s - loss: 0.9894 - accuracy: 0.6529
 632/1563 [===========>..................] - ETA: 27s - loss: 0.9889 - accuracy: 0.6530
 634/1563 [===========>..................] - ETA: 27s - loss: 0.9889 - accuracy: 0.6531
 637/1563 [===========>..................] - ETA: 27s - loss: 0.9893 - accuracy: 0.6529
 639/1563 [===========>..................] - ETA: 27s - loss: 0.9893 - accuracy: 0.6530
 641/1563 [===========>..................] - ETA: 27s - loss: 0.9890 - accuracy: 0.6532
 643/1563 [===========>..................] - ETA: 27s - loss: 0.9894 - accuracy: 0.6531
 646/1563 [===========>..................] - ETA: 27s - loss: 0.9900 - accuracy: 0.6532
 648/1563 [===========>..................] - ETA: 27s - loss: 0.9892 - accuracy: 0.6535
 650/1563 [===========>..................] - ETA: 27s - loss: 0.9886 - accuracy: 0.6536
 652/1563 [===========>..................] - ETA: 27s - loss: 0.9882 - accuracy: 0.6538
 654/1563 [===========>..................] - ETA: 27s - loss: 0.9879 - accuracy: 0.6539
 657/1563 [===========>..................] - ETA: 27s - loss: 0.9877 - accuracy: 0.6539
 660/1563 [===========>..................] - ETA: 26s - loss: 0.9875 - accuracy: 0.6540
 663/1563 [===========>..................] - ETA: 26s - loss: 0.9864 - accuracy: 0.6546
 665/1563 [===========>..................] - ETA: 26s - loss: 0.9854 - accuracy: 0.6547
 666/1563 [===========>..................] - ETA: 26s - loss: 0.9856 - accuracy: 0.6547
 668/1563 [===========>..................] - ETA: 26s - loss: 0.9857 - accuracy: 0.6544
 670/1563 [===========>..................] - ETA: 26s - loss: 0.9847 - accuracy: 0.6548
 672/1563 [===========>..................] - ETA: 26s - loss: 0.9848 - accuracy: 0.6548
 674/1563 [===========>..................] - ETA: 26s - loss: 0.9852 - accuracy: 0.6547
 676/1563 [===========>..................] - ETA: 26s - loss: 0.9855 - accuracy: 0.6546
 679/1563 [============>.................] - ETA: 26s - loss: 0.9849 - accuracy: 0.6547
 681/1563 [============>.................] - ETA: 26s - loss: 0.9850 - accuracy: 0.6545
 682/1563 [============>.................] - ETA: 26s - loss: 0.9850 - accuracy: 0.6545
 684/1563 [============>.................] - ETA: 26s - loss: 0.9853 - accuracy: 0.6545
 686/1563 [============>.................] - ETA: 26s - loss: 0.9847 - accuracy: 0.6547
 688/1563 [============>.................] - ETA: 26s - loss: 0.9843 - accuracy: 0.6549
 690/1563 [============>.................] - ETA: 26s - loss: 0.9847 - accuracy: 0.6548
 692/1563 [============>.................] - ETA: 26s - loss: 0.9838 - accuracy: 0.6552
 694/1563 [============>.................] - ETA: 26s - loss: 0.9842 - accuracy: 0.6550
 696/1563 [============>.................] - ETA: 26s - loss: 0.9848 - accuracy: 0.6549
 698/1563 [============>.................] - ETA: 25s - loss: 0.9844 - accuracy: 0.6550
 700/1563 [============>.................] - ETA: 25s - loss: 0.9846 - accuracy: 0.6550
 702/1563 [============>.................] - ETA: 25s - loss: 0.9841 - accuracy: 0.6550
 704/1563 [============>.................] - ETA: 25s - loss: 0.9845 - accuracy: 0.6547
 706/1563 [============>.................] - ETA: 25s - loss: 0.9837 - accuracy: 0.6551
 708/1563 [============>.................] - ETA: 25s - loss: 0.9838 - accuracy: 0.6551
 710/1563 [============>.................] - ETA: 25s - loss: 0.9841 - accuracy: 0.6550
 712/1563 [============>.................] - ETA: 25s - loss: 0.9847 - accuracy: 0.6548
 714/1563 [============>.................] - ETA: 25s - loss: 0.9852 - accuracy: 0.6548
 715/1563 [============>.................] - ETA: 25s - loss: 0.9850 - accuracy: 0.6549
 718/1563 [============>.................] - ETA: 25s - loss: 0.9848 - accuracy: 0.6549
 720/1563 [============>.................] - ETA: 25s - loss: 0.9847 - accuracy: 0.6548
 722/1563 [============>.................] - ETA: 25s - loss: 0.9849 - accuracy: 0.6549
 725/1563 [============>.................] - ETA: 25s - loss: 0.9846 - accuracy: 0.6550
 728/1563 [============>.................] - ETA: 25s - loss: 0.9849 - accuracy: 0.6550
 730/1563 [=============>................] - ETA: 25s - loss: 0.9844 - accuracy: 0.6551
 732/1563 [=============>................] - ETA: 25s - loss: 0.9850 - accuracy: 0.6548
 734/1563 [=============>................] - ETA: 25s - loss: 0.9851 - accuracy: 0.6548
 736/1563 [=============>................] - ETA: 24s - loss: 0.9855 - accuracy: 0.6546
 739/1563 [=============>................] - ETA: 24s - loss: 0.9848 - accuracy: 0.6549
 741/1563 [=============>................] - ETA: 24s - loss: 0.9842 - accuracy: 0.6552
 743/1563 [=============>................] - ETA: 24s - loss: 0.9840 - accuracy: 0.6552
 745/1563 [=============>................] - ETA: 24s - loss: 0.9844 - accuracy: 0.6548
 746/1563 [=============>................] - ETA: 24s - loss: 0.9842 - accuracy: 0.6549
 748/1563 [=============>................] - ETA: 24s - loss: 0.9836 - accuracy: 0.6551
 750/1563 [=============>................] - ETA: 24s - loss: 0.9832 - accuracy: 0.6552
 752/1563 [=============>................] - ETA: 24s - loss: 0.9835 - accuracy: 0.6552
 754/1563 [=============>................] - ETA: 24s - loss: 0.9830 - accuracy: 0.6554
 756/1563 [=============>................] - ETA: 24s - loss: 0.9841 - accuracy: 0.6553
 758/1563 [=============>................] - ETA: 24s - loss: 0.9834 - accuracy: 0.6555
 761/1563 [=============>................] - ETA: 24s - loss: 0.9837 - accuracy: 0.6554
 763/1563 [=============>................] - ETA: 24s - loss: 0.9838 - accuracy: 0.6555
 765/1563 [=============>................] - ETA: 24s - loss: 0.9845 - accuracy: 0.6553
 767/1563 [=============>................] - ETA: 24s - loss: 0.9845 - accuracy: 0.6552
 769/1563 [=============>................] - ETA: 24s - loss: 0.9842 - accuracy: 0.6553
 771/1563 [=============>................] - ETA: 24s - loss: 0.9844 - accuracy: 0.6553
 773/1563 [=============>................] - ETA: 23s - loss: 0.9840 - accuracy: 0.6554
 775/1563 [=============>................] - ETA: 23s - loss: 0.9833 - accuracy: 0.6556
 778/1563 [=============>................] - ETA: 23s - loss: 0.9834 - accuracy: 0.6555
 781/1563 [=============>................] - ETA: 23s - loss: 0.9835 - accuracy: 0.6551
 783/1563 [==============>...............] - ETA: 23s - loss: 0.9837 - accuracy: 0.6551
 785/1563 [==============>...............] - ETA: 23s - loss: 0.9833 - accuracy: 0.6553
 788/1563 [==============>...............] - ETA: 23s - loss: 0.9832 - accuracy: 0.6553
 790/1563 [==============>...............] - ETA: 23s - loss: 0.9832 - accuracy: 0.6552
 793/1563 [==============>...............] - ETA: 23s - loss: 0.9833 - accuracy: 0.6551
 796/1563 [==============>...............] - ETA: 23s - loss: 0.9829 - accuracy: 0.6553
 798/1563 [==============>...............] - ETA: 23s - loss: 0.9833 - accuracy: 0.6553
 801/1563 [==============>...............] - ETA: 23s - loss: 0.9834 - accuracy: 0.6554
 803/1563 [==============>...............] - ETA: 22s - loss: 0.9831 - accuracy: 0.6555
 805/1563 [==============>...............] - ETA: 22s - loss: 0.9828 - accuracy: 0.6556
 807/1563 [==============>...............] - ETA: 22s - loss: 0.9825 - accuracy: 0.6558
 809/1563 [==============>...............] - ETA: 22s - loss: 0.9823 - accuracy: 0.6560
 811/1563 [==============>...............] - ETA: 22s - loss: 0.9820 - accuracy: 0.6563
 813/1563 [==============>...............] - ETA: 22s - loss: 0.9815 - accuracy: 0.6563
 815/1563 [==============>...............] - ETA: 22s - loss: 0.9814 - accuracy: 0.6563
 817/1563 [==============>...............] - ETA: 22s - loss: 0.9814 - accuracy: 0.6562
 819/1563 [==============>...............] - ETA: 22s - loss: 0.9805 - accuracy: 0.6566
 821/1563 [==============>...............] - ETA: 22s - loss: 0.9801 - accuracy: 0.6567
 823/1563 [==============>...............] - ETA: 22s - loss: 0.9806 - accuracy: 0.6566
 825/1563 [==============>...............] - ETA: 22s - loss: 0.9803 - accuracy: 0.6567
 827/1563 [==============>...............] - ETA: 22s - loss: 0.9803 - accuracy: 0.6569
 829/1563 [==============>...............] - ETA: 22s - loss: 0.9805 - accuracy: 0.6568
 831/1563 [==============>...............] - ETA: 22s - loss: 0.9807 - accuracy: 0.6567
 833/1563 [==============>...............] - ETA: 22s - loss: 0.9809 - accuracy: 0.6567
 834/1563 [===============>..............] - ETA: 22s - loss: 0.9815 - accuracy: 0.6566
 836/1563 [===============>..............] - ETA: 22s - loss: 0.9811 - accuracy: 0.6567
 838/1563 [===============>..............] - ETA: 22s - loss: 0.9810 - accuracy: 0.6568
 840/1563 [===============>..............] - ETA: 21s - loss: 0.9809 - accuracy: 0.6569
 842/1563 [===============>..............] - ETA: 21s - loss: 0.9811 - accuracy: 0.6567
 844/1563 [===============>..............] - ETA: 21s - loss: 0.9813 - accuracy: 0.6569
 846/1563 [===============>..............] - ETA: 21s - loss: 0.9816 - accuracy: 0.6569
 848/1563 [===============>..............] - ETA: 21s - loss: 0.9818 - accuracy: 0.6571
 850/1563 [===============>..............] - ETA: 21s - loss: 0.9817 - accuracy: 0.6571
 853/1563 [===============>..............] - ETA: 21s - loss: 0.9818 - accuracy: 0.6571
 855/1563 [===============>..............] - ETA: 21s - loss: 0.9822 - accuracy: 0.6569
 857/1563 [===============>..............] - ETA: 21s - loss: 0.9820 - accuracy: 0.6570
 859/1563 [===============>..............] - ETA: 21s - loss: 0.9820 - accuracy: 0.6570
 861/1563 [===============>..............] - ETA: 21s - loss: 0.9821 - accuracy: 0.6570
 864/1563 [===============>..............] - ETA: 21s - loss: 0.9814 - accuracy: 0.6571
 867/1563 [===============>..............] - ETA: 21s - loss: 0.9806 - accuracy: 0.6573
 870/1563 [===============>..............] - ETA: 21s - loss: 0.9802 - accuracy: 0.6574
 872/1563 [===============>..............] - ETA: 20s - loss: 0.9797 - accuracy: 0.6575
 874/1563 [===============>..............] - ETA: 20s - loss: 0.9794 - accuracy: 0.6576
 876/1563 [===============>..............] - ETA: 20s - loss: 0.9793 - accuracy: 0.6575
 878/1563 [===============>..............] - ETA: 20s - loss: 0.9794 - accuracy: 0.6574
 880/1563 [===============>..............] - ETA: 20s - loss: 0.9794 - accuracy: 0.6575
 882/1563 [===============>..............] - ETA: 20s - loss: 0.9794 - accuracy: 0.6575
 884/1563 [===============>..............] - ETA: 20s - loss: 0.9791 - accuracy: 0.6578
 886/1563 [================>.............] - ETA: 20s - loss: 0.9789 - accuracy: 0.6578
 888/1563 [================>.............] - ETA: 20s - loss: 0.9793 - accuracy: 0.6576
 890/1563 [================>.............] - ETA: 20s - loss: 0.9787 - accuracy: 0.6578
 893/1563 [================>.............] - ETA: 20s - loss: 0.9791 - accuracy: 0.6578
 895/1563 [================>.............] - ETA: 20s - loss: 0.9791 - accuracy: 0.6578
 897/1563 [================>.............] - ETA: 20s - loss: 0.9786 - accuracy: 0.6579
 899/1563 [================>.............] - ETA: 20s - loss: 0.9790 - accuracy: 0.6577
 901/1563 [================>.............] - ETA: 20s - loss: 0.9791 - accuracy: 0.6575
 903/1563 [================>.............] - ETA: 20s - loss: 0.9790 - accuracy: 0.6575
 906/1563 [================>.............] - ETA: 19s - loss: 0.9788 - accuracy: 0.6575
 908/1563 [================>.............] - ETA: 19s - loss: 0.9790 - accuracy: 0.6575
 910/1563 [================>.............] - ETA: 19s - loss: 0.9791 - accuracy: 0.6573
 913/1563 [================>.............] - ETA: 19s - loss: 0.9781 - accuracy: 0.6577
 915/1563 [================>.............] - ETA: 19s - loss: 0.9787 - accuracy: 0.6577
 917/1563 [================>.............] - ETA: 19s - loss: 0.9792 - accuracy: 0.6574
 919/1563 [================>.............] - ETA: 19s - loss: 0.9791 - accuracy: 0.6576
 922/1563 [================>.............] - ETA: 19s - loss: 0.9788 - accuracy: 0.6576
 925/1563 [================>.............] - ETA: 19s - loss: 0.9789 - accuracy: 0.6575
 927/1563 [================>.............] - ETA: 19s - loss: 0.9786 - accuracy: 0.6577
 929/1563 [================>.............] - ETA: 19s - loss: 0.9786 - accuracy: 0.6578
 932/1563 [================>.............] - ETA: 19s - loss: 0.9787 - accuracy: 0.6577
 934/1563 [================>.............] - ETA: 19s - loss: 0.9791 - accuracy: 0.6576
 937/1563 [================>.............] - ETA: 18s - loss: 0.9784 - accuracy: 0.6580
 940/1563 [=================>............] - ETA: 18s - loss: 0.9782 - accuracy: 0.6582
 943/1563 [=================>............] - ETA: 18s - loss: 0.9777 - accuracy: 0.6583
 945/1563 [=================>............] - ETA: 18s - loss: 0.9777 - accuracy: 0.6581
 947/1563 [=================>............] - ETA: 18s - loss: 0.9776 - accuracy: 0.6581
 949/1563 [=================>............] - ETA: 18s - loss: 0.9773 - accuracy: 0.6582
 951/1563 [=================>............] - ETA: 18s - loss: 0.9773 - accuracy: 0.6581
 954/1563 [=================>............] - ETA: 18s - loss: 0.9771 - accuracy: 0.6582
 956/1563 [=================>............] - ETA: 18s - loss: 0.9771 - accuracy: 0.6582
 959/1563 [=================>............] - ETA: 18s - loss: 0.9766 - accuracy: 0.6585
 961/1563 [=================>............] - ETA: 18s - loss: 0.9766 - accuracy: 0.6586
 963/1563 [=================>............] - ETA: 18s - loss: 0.9762 - accuracy: 0.6588
 966/1563 [=================>............] - ETA: 18s - loss: 0.9755 - accuracy: 0.6590
 968/1563 [=================>............] - ETA: 18s - loss: 0.9753 - accuracy: 0.6590
 970/1563 [=================>............] - ETA: 18s - loss: 0.9752 - accuracy: 0.6590
 973/1563 [=================>............] - ETA: 17s - loss: 0.9753 - accuracy: 0.6589
 976/1563 [=================>............] - ETA: 17s - loss: 0.9749 - accuracy: 0.6591
 978/1563 [=================>............] - ETA: 17s - loss: 0.9744 - accuracy: 0.6592
 981/1563 [=================>............] - ETA: 17s - loss: 0.9742 - accuracy: 0.6593
 983/1563 [=================>............] - ETA: 17s - loss: 0.9737 - accuracy: 0.6595
 985/1563 [=================>............] - ETA: 17s - loss: 0.9741 - accuracy: 0.6595
 987/1563 [=================>............] - ETA: 17s - loss: 0.9745 - accuracy: 0.6594
 989/1563 [=================>............] - ETA: 17s - loss: 0.9742 - accuracy: 0.6595
 991/1563 [==================>...........] - ETA: 17s - loss: 0.9740 - accuracy: 0.6595
 993/1563 [==================>...........] - ETA: 17s - loss: 0.9740 - accuracy: 0.6596
 995/1563 [==================>...........] - ETA: 17s - loss: 0.9737 - accuracy: 0.6596
 997/1563 [==================>...........] - ETA: 17s - loss: 0.9737 - accuracy: 0.6597
1000/1563 [==================>...........] - ETA: 17s - loss: 0.9738 - accuracy: 0.6597
1003/1563 [==================>...........] - ETA: 16s - loss: 0.9734 - accuracy: 0.6599
1005/1563 [==================>...........] - ETA: 16s - loss: 0.9730 - accuracy: 0.6601
1007/1563 [==================>...........] - ETA: 16s - loss: 0.9732 - accuracy: 0.6599
1010/1563 [==================>...........] - ETA: 16s - loss: 0.9728 - accuracy: 0.6599
1012/1563 [==================>...........] - ETA: 16s - loss: 0.9725 - accuracy: 0.6600
1014/1563 [==================>...........] - ETA: 16s - loss: 0.9721 - accuracy: 0.6603
1016/1563 [==================>...........] - ETA: 16s - loss: 0.9727 - accuracy: 0.6601
1018/1563 [==================>...........] - ETA: 16s - loss: 0.9726 - accuracy: 0.6600
1021/1563 [==================>...........] - ETA: 16s - loss: 0.9721 - accuracy: 0.6601
1024/1563 [==================>...........] - ETA: 16s - loss: 0.9716 - accuracy: 0.6604
1027/1563 [==================>...........] - ETA: 16s - loss: 0.9716 - accuracy: 0.6604
1029/1563 [==================>...........] - ETA: 16s - loss: 0.9721 - accuracy: 0.6604
1032/1563 [==================>...........] - ETA: 16s - loss: 0.9718 - accuracy: 0.6605
1034/1563 [==================>...........] - ETA: 15s - loss: 0.9720 - accuracy: 0.6605
1036/1563 [==================>...........] - ETA: 15s - loss: 0.9717 - accuracy: 0.6605
1038/1563 [==================>...........] - ETA: 15s - loss: 0.9714 - accuracy: 0.6606
1041/1563 [==================>...........] - ETA: 15s - loss: 0.9714 - accuracy: 0.6607
1043/1563 [===================>..........] - ETA: 15s - loss: 0.9718 - accuracy: 0.6605
1045/1563 [===================>..........] - ETA: 15s - loss: 0.9717 - accuracy: 0.6605
1047/1563 [===================>..........] - ETA: 15s - loss: 0.9716 - accuracy: 0.6606
1049/1563 [===================>..........] - ETA: 15s - loss: 0.9716 - accuracy: 0.6605
1051/1563 [===================>..........] - ETA: 15s - loss: 0.9714 - accuracy: 0.6606
1053/1563 [===================>..........] - ETA: 15s - loss: 0.9715 - accuracy: 0.6606
1055/1563 [===================>..........] - ETA: 15s - loss: 0.9720 - accuracy: 0.6603
1058/1563 [===================>..........] - ETA: 15s - loss: 0.9721 - accuracy: 0.6603
1060/1563 [===================>..........] - ETA: 15s - loss: 0.9725 - accuracy: 0.6603
1062/1563 [===================>..........] - ETA: 15s - loss: 0.9726 - accuracy: 0.6603
1064/1563 [===================>..........] - ETA: 15s - loss: 0.9726 - accuracy: 0.6604
1066/1563 [===================>..........] - ETA: 15s - loss: 0.9729 - accuracy: 0.6602
1068/1563 [===================>..........] - ETA: 15s - loss: 0.9729 - accuracy: 0.6603
1070/1563 [===================>..........] - ETA: 14s - loss: 0.9729 - accuracy: 0.6603
1072/1563 [===================>..........] - ETA: 14s - loss: 0.9724 - accuracy: 0.6604
1074/1563 [===================>..........] - ETA: 14s - loss: 0.9723 - accuracy: 0.6604
1076/1563 [===================>..........] - ETA: 14s - loss: 0.9723 - accuracy: 0.6604
1078/1563 [===================>..........] - ETA: 14s - loss: 0.9722 - accuracy: 0.6605
1081/1563 [===================>..........] - ETA: 14s - loss: 0.9719 - accuracy: 0.6606
1083/1563 [===================>..........] - ETA: 14s - loss: 0.9719 - accuracy: 0.6606
1086/1563 [===================>..........] - ETA: 14s - loss: 0.9719 - accuracy: 0.6606
1088/1563 [===================>..........] - ETA: 14s - loss: 0.9714 - accuracy: 0.6607
1089/1563 [===================>..........] - ETA: 14s - loss: 0.9713 - accuracy: 0.6608
1091/1563 [===================>..........] - ETA: 14s - loss: 0.9711 - accuracy: 0.6608
1094/1563 [===================>..........] - ETA: 14s - loss: 0.9712 - accuracy: 0.6607
1097/1563 [====================>.........] - ETA: 14s - loss: 0.9712 - accuracy: 0.6608
1099/1563 [====================>.........] - ETA: 14s - loss: 0.9710 - accuracy: 0.6609
1102/1563 [====================>.........] - ETA: 13s - loss: 0.9712 - accuracy: 0.6608
1104/1563 [====================>.........] - ETA: 13s - loss: 0.9709 - accuracy: 0.6608
1106/1563 [====================>.........] - ETA: 13s - loss: 0.9706 - accuracy: 0.6609
1108/1563 [====================>.........] - ETA: 13s - loss: 0.9702 - accuracy: 0.6610
1110/1563 [====================>.........] - ETA: 13s - loss: 0.9695 - accuracy: 0.6613
1112/1563 [====================>.........] - ETA: 13s - loss: 0.9696 - accuracy: 0.6613
1114/1563 [====================>.........] - ETA: 13s - loss: 0.9692 - accuracy: 0.6614
1116/1563 [====================>.........] - ETA: 13s - loss: 0.9690 - accuracy: 0.6615
1118/1563 [====================>.........] - ETA: 13s - loss: 0.9690 - accuracy: 0.6614
1120/1563 [====================>.........] - ETA: 13s - loss: 0.9687 - accuracy: 0.6614
1122/1563 [====================>.........] - ETA: 13s - loss: 0.9690 - accuracy: 0.6613
1124/1563 [====================>.........] - ETA: 13s - loss: 0.9692 - accuracy: 0.6613
1126/1563 [====================>.........] - ETA: 13s - loss: 0.9684 - accuracy: 0.6616
1128/1563 [====================>.........] - ETA: 13s - loss: 0.9681 - accuracy: 0.6617
1130/1563 [====================>.........] - ETA: 13s - loss: 0.9680 - accuracy: 0.6617
1132/1563 [====================>.........] - ETA: 13s - loss: 0.9682 - accuracy: 0.6615
1134/1563 [====================>.........] - ETA: 13s - loss: 0.9681 - accuracy: 0.6615
1136/1563 [====================>.........] - ETA: 12s - loss: 0.9679 - accuracy: 0.6616
1138/1563 [====================>.........] - ETA: 12s - loss: 0.9680 - accuracy: 0.6617
1140/1563 [====================>.........] - ETA: 12s - loss: 0.9677 - accuracy: 0.6617
1142/1563 [====================>.........] - ETA: 12s - loss: 0.9677 - accuracy: 0.6617
1144/1563 [====================>.........] - ETA: 12s - loss: 0.9675 - accuracy: 0.6618
1147/1563 [=====================>........] - ETA: 12s - loss: 0.9674 - accuracy: 0.6619
1149/1563 [=====================>........] - ETA: 12s - loss: 0.9676 - accuracy: 0.6618
1151/1563 [=====================>........] - ETA: 12s - loss: 0.9674 - accuracy: 0.6620
1153/1563 [=====================>........] - ETA: 12s - loss: 0.9675 - accuracy: 0.6621
1155/1563 [=====================>........] - ETA: 12s - loss: 0.9671 - accuracy: 0.6621
1157/1563 [=====================>........] - ETA: 12s - loss: 0.9671 - accuracy: 0.6622
1160/1563 [=====================>........] - ETA: 12s - loss: 0.9670 - accuracy: 0.6623
1162/1563 [=====================>........] - ETA: 12s - loss: 0.9669 - accuracy: 0.6625
1164/1563 [=====================>........] - ETA: 12s - loss: 0.9671 - accuracy: 0.6626
1167/1563 [=====================>........] - ETA: 12s - loss: 0.9674 - accuracy: 0.6624
1169/1563 [=====================>........] - ETA: 11s - loss: 0.9673 - accuracy: 0.6625
1171/1563 [=====================>........] - ETA: 11s - loss: 0.9671 - accuracy: 0.6625
1173/1563 [=====================>........] - ETA: 11s - loss: 0.9668 - accuracy: 0.6627
1175/1563 [=====================>........] - ETA: 11s - loss: 0.9670 - accuracy: 0.6627
1177/1563 [=====================>........] - ETA: 11s - loss: 0.9667 - accuracy: 0.6627
1179/1563 [=====================>........] - ETA: 11s - loss: 0.9665 - accuracy: 0.6628
1181/1563 [=====================>........] - ETA: 11s - loss: 0.9665 - accuracy: 0.6628
1183/1563 [=====================>........] - ETA: 11s - loss: 0.9662 - accuracy: 0.6629
1186/1563 [=====================>........] - ETA: 11s - loss: 0.9658 - accuracy: 0.6630
1189/1563 [=====================>........] - ETA: 11s - loss: 0.9657 - accuracy: 0.6631
1192/1563 [=====================>........] - ETA: 11s - loss: 0.9656 - accuracy: 0.6631
1194/1563 [=====================>........] - ETA: 11s - loss: 0.9652 - accuracy: 0.6632
1196/1563 [=====================>........] - ETA: 11s - loss: 0.9651 - accuracy: 0.6633
1198/1563 [=====================>........] - ETA: 11s - loss: 0.9653 - accuracy: 0.6632
1200/1563 [======================>.......] - ETA: 11s - loss: 0.9648 - accuracy: 0.6634
1202/1563 [======================>.......] - ETA: 10s - loss: 0.9644 - accuracy: 0.6634
1204/1563 [======================>.......] - ETA: 10s - loss: 0.9650 - accuracy: 0.6634
1206/1563 [======================>.......] - ETA: 10s - loss: 0.9647 - accuracy: 0.6635
1208/1563 [======================>.......] - ETA: 10s - loss: 0.9646 - accuracy: 0.6634
1210/1563 [======================>.......] - ETA: 10s - loss: 0.9646 - accuracy: 0.6634
1212/1563 [======================>.......] - ETA: 10s - loss: 0.9647 - accuracy: 0.6634
1214/1563 [======================>.......] - ETA: 10s - loss: 0.9646 - accuracy: 0.6635
1216/1563 [======================>.......] - ETA: 10s - loss: 0.9644 - accuracy: 0.6636
1218/1563 [======================>.......] - ETA: 10s - loss: 0.9643 - accuracy: 0.6637
1220/1563 [======================>.......] - ETA: 10s - loss: 0.9644 - accuracy: 0.6637
1222/1563 [======================>.......] - ETA: 10s - loss: 0.9640 - accuracy: 0.6639
1224/1563 [======================>.......] - ETA: 10s - loss: 0.9640 - accuracy: 0.6639
1226/1563 [======================>.......] - ETA: 10s - loss: 0.9637 - accuracy: 0.6639
1229/1563 [======================>.......] - ETA: 10s - loss: 0.9632 - accuracy: 0.6642
1232/1563 [======================>.......] - ETA: 10s - loss: 0.9630 - accuracy: 0.6643
1235/1563 [======================>.......] - ETA: 10s - loss: 0.9625 - accuracy: 0.6644
1237/1563 [======================>.......] - ETA: 9s - loss: 0.9623 - accuracy: 0.6646 
1239/1563 [======================>.......] - ETA: 9s - loss: 0.9627 - accuracy: 0.6644
1241/1563 [======================>.......] - ETA: 9s - loss: 0.9625 - accuracy: 0.6646
1243/1563 [======================>.......] - ETA: 9s - loss: 0.9625 - accuracy: 0.6646
1245/1563 [======================>.......] - ETA: 9s - loss: 0.9628 - accuracy: 0.6644
1248/1563 [======================>.......] - ETA: 9s - loss: 0.9627 - accuracy: 0.6645
1251/1563 [=======================>......] - ETA: 9s - loss: 0.9621 - accuracy: 0.6646
1253/1563 [=======================>......] - ETA: 9s - loss: 0.9619 - accuracy: 0.6646
1255/1563 [=======================>......] - ETA: 9s - loss: 0.9618 - accuracy: 0.6646
1257/1563 [=======================>......] - ETA: 9s - loss: 0.9615 - accuracy: 0.6648
1259/1563 [=======================>......] - ETA: 9s - loss: 0.9614 - accuracy: 0.6648
1261/1563 [=======================>......] - ETA: 9s - loss: 0.9617 - accuracy: 0.6648
1264/1563 [=======================>......] - ETA: 9s - loss: 0.9620 - accuracy: 0.6646
1266/1563 [=======================>......] - ETA: 9s - loss: 0.9619 - accuracy: 0.6646
1268/1563 [=======================>......] - ETA: 9s - loss: 0.9619 - accuracy: 0.6647
1270/1563 [=======================>......] - ETA: 8s - loss: 0.9620 - accuracy: 0.6646
1272/1563 [=======================>......] - ETA: 8s - loss: 0.9618 - accuracy: 0.6646
1274/1563 [=======================>......] - ETA: 8s - loss: 0.9619 - accuracy: 0.6646
1276/1563 [=======================>......] - ETA: 8s - loss: 0.9619 - accuracy: 0.6646
1278/1563 [=======================>......] - ETA: 8s - loss: 0.9618 - accuracy: 0.6646
1280/1563 [=======================>......] - ETA: 8s - loss: 0.9617 - accuracy: 0.6646
1282/1563 [=======================>......] - ETA: 8s - loss: 0.9617 - accuracy: 0.6646
1284/1563 [=======================>......] - ETA: 8s - loss: 0.9619 - accuracy: 0.6645
1286/1563 [=======================>......] - ETA: 8s - loss: 0.9618 - accuracy: 0.6646
1289/1563 [=======================>......] - ETA: 8s - loss: 0.9619 - accuracy: 0.6645
1291/1563 [=======================>......] - ETA: 8s - loss: 0.9621 - accuracy: 0.6644
1293/1563 [=======================>......] - ETA: 8s - loss: 0.9625 - accuracy: 0.6644
1295/1563 [=======================>......] - ETA: 8s - loss: 0.9623 - accuracy: 0.6645
1297/1563 [=======================>......] - ETA: 8s - loss: 0.9623 - accuracy: 0.6645
1299/1563 [=======================>......] - ETA: 8s - loss: 0.9623 - accuracy: 0.6645
1301/1563 [=======================>......] - ETA: 8s - loss: 0.9618 - accuracy: 0.6647
1304/1563 [========================>.....] - ETA: 7s - loss: 0.9618 - accuracy: 0.6647
1306/1563 [========================>.....] - ETA: 7s - loss: 0.9621 - accuracy: 0.6646
1308/1563 [========================>.....] - ETA: 7s - loss: 0.9621 - accuracy: 0.6646
1310/1563 [========================>.....] - ETA: 7s - loss: 0.9621 - accuracy: 0.6645
1312/1563 [========================>.....] - ETA: 7s - loss: 0.9618 - accuracy: 0.6647
1314/1563 [========================>.....] - ETA: 7s - loss: 0.9617 - accuracy: 0.6646
1316/1563 [========================>.....] - ETA: 7s - loss: 0.9615 - accuracy: 0.6647
1319/1563 [========================>.....] - ETA: 7s - loss: 0.9610 - accuracy: 0.6649
1320/1563 [========================>.....] - ETA: 7s - loss: 0.9610 - accuracy: 0.6649
1322/1563 [========================>.....] - ETA: 7s - loss: 0.9608 - accuracy: 0.6649
1324/1563 [========================>.....] - ETA: 7s - loss: 0.9608 - accuracy: 0.6649
1326/1563 [========================>.....] - ETA: 7s - loss: 0.9607 - accuracy: 0.6650
1329/1563 [========================>.....] - ETA: 7s - loss: 0.9604 - accuracy: 0.6652
1331/1563 [========================>.....] - ETA: 7s - loss: 0.9606 - accuracy: 0.6651
1333/1563 [========================>.....] - ETA: 7s - loss: 0.9604 - accuracy: 0.6651
1335/1563 [========================>.....] - ETA: 6s - loss: 0.9606 - accuracy: 0.6651
1337/1563 [========================>.....] - ETA: 6s - loss: 0.9604 - accuracy: 0.6652
1339/1563 [========================>.....] - ETA: 6s - loss: 0.9602 - accuracy: 0.6654
1341/1563 [========================>.....] - ETA: 6s - loss: 0.9603 - accuracy: 0.6655
1344/1563 [========================>.....] - ETA: 6s - loss: 0.9602 - accuracy: 0.6654
1346/1563 [========================>.....] - ETA: 6s - loss: 0.9600 - accuracy: 0.6655
1348/1563 [========================>.....] - ETA: 6s - loss: 0.9598 - accuracy: 0.6655
1350/1563 [========================>.....] - ETA: 6s - loss: 0.9598 - accuracy: 0.6654
1352/1563 [========================>.....] - ETA: 6s - loss: 0.9597 - accuracy: 0.6655
1355/1563 [=========================>....] - ETA: 6s - loss: 0.9598 - accuracy: 0.6655
1357/1563 [=========================>....] - ETA: 6s - loss: 0.9598 - accuracy: 0.6656
1359/1563 [=========================>....] - ETA: 6s - loss: 0.9600 - accuracy: 0.6655
1361/1563 [=========================>....] - ETA: 6s - loss: 0.9599 - accuracy: 0.6655
1363/1563 [=========================>....] - ETA: 6s - loss: 0.9597 - accuracy: 0.6656
1365/1563 [=========================>....] - ETA: 6s - loss: 0.9594 - accuracy: 0.6657
1368/1563 [=========================>....] - ETA: 5s - loss: 0.9591 - accuracy: 0.6659
1370/1563 [=========================>....] - ETA: 5s - loss: 0.9592 - accuracy: 0.6659
1372/1563 [=========================>....] - ETA: 5s - loss: 0.9590 - accuracy: 0.6659
1374/1563 [=========================>....] - ETA: 5s - loss: 0.9588 - accuracy: 0.6659
1376/1563 [=========================>....] - ETA: 5s - loss: 0.9589 - accuracy: 0.6659
1378/1563 [=========================>....] - ETA: 5s - loss: 0.9588 - accuracy: 0.6659
1380/1563 [=========================>....] - ETA: 5s - loss: 0.9587 - accuracy: 0.6660
1383/1563 [=========================>....] - ETA: 5s - loss: 0.9583 - accuracy: 0.6661
1386/1563 [=========================>....] - ETA: 5s - loss: 0.9583 - accuracy: 0.6661
1388/1563 [=========================>....] - ETA: 5s - loss: 0.9580 - accuracy: 0.6662
1390/1563 [=========================>....] - ETA: 5s - loss: 0.9580 - accuracy: 0.6663
1392/1563 [=========================>....] - ETA: 5s - loss: 0.9585 - accuracy: 0.6660
1394/1563 [=========================>....] - ETA: 5s - loss: 0.9583 - accuracy: 0.6661
1396/1563 [=========================>....] - ETA: 5s - loss: 0.9580 - accuracy: 0.6662
1398/1563 [=========================>....] - ETA: 5s - loss: 0.9578 - accuracy: 0.6663
1400/1563 [=========================>....] - ETA: 4s - loss: 0.9574 - accuracy: 0.6664
1402/1563 [=========================>....] - ETA: 4s - loss: 0.9573 - accuracy: 0.6665
1404/1563 [=========================>....] - ETA: 4s - loss: 0.9569 - accuracy: 0.6666
1406/1563 [=========================>....] - ETA: 4s - loss: 0.9568 - accuracy: 0.6667
1408/1563 [==========================>...] - ETA: 4s - loss: 0.9567 - accuracy: 0.6667
1410/1563 [==========================>...] - ETA: 4s - loss: 0.9568 - accuracy: 0.6666
1412/1563 [==========================>...] - ETA: 4s - loss: 0.9564 - accuracy: 0.6667
1415/1563 [==========================>...] - ETA: 4s - loss: 0.9566 - accuracy: 0.6667
1416/1563 [==========================>...] - ETA: 4s - loss: 0.9565 - accuracy: 0.6667
1418/1563 [==========================>...] - ETA: 4s - loss: 0.9564 - accuracy: 0.6667
1420/1563 [==========================>...] - ETA: 4s - loss: 0.9564 - accuracy: 0.6667
1423/1563 [==========================>...] - ETA: 4s - loss: 0.9561 - accuracy: 0.6668
1426/1563 [==========================>...] - ETA: 4s - loss: 0.9559 - accuracy: 0.6670
1428/1563 [==========================>...] - ETA: 4s - loss: 0.9557 - accuracy: 0.6670
1430/1563 [==========================>...] - ETA: 4s - loss: 0.9556 - accuracy: 0.6670
1432/1563 [==========================>...] - ETA: 4s - loss: 0.9556 - accuracy: 0.6669
1434/1563 [==========================>...] - ETA: 3s - loss: 0.9554 - accuracy: 0.6670
1436/1563 [==========================>...] - ETA: 3s - loss: 0.9552 - accuracy: 0.6671
1438/1563 [==========================>...] - ETA: 3s - loss: 0.9557 - accuracy: 0.6670
1440/1563 [==========================>...] - ETA: 3s - loss: 0.9559 - accuracy: 0.6669
1442/1563 [==========================>...] - ETA: 3s - loss: 0.9561 - accuracy: 0.6668
1444/1563 [==========================>...] - ETA: 3s - loss: 0.9562 - accuracy: 0.6667
1446/1563 [==========================>...] - ETA: 3s - loss: 0.9565 - accuracy: 0.6667
1448/1563 [==========================>...] - ETA: 3s - loss: 0.9569 - accuracy: 0.6667
1450/1563 [==========================>...] - ETA: 3s - loss: 0.9568 - accuracy: 0.6667
1452/1563 [==========================>...] - ETA: 3s - loss: 0.9568 - accuracy: 0.6667
1455/1563 [==========================>...] - ETA: 3s - loss: 0.9570 - accuracy: 0.6666
1457/1563 [==========================>...] - ETA: 3s - loss: 0.9570 - accuracy: 0.6667
1459/1563 [===========================>..] - ETA: 3s - loss: 0.9571 - accuracy: 0.6667
1461/1563 [===========================>..] - ETA: 3s - loss: 0.9570 - accuracy: 0.6667
1463/1563 [===========================>..] - ETA: 3s - loss: 0.9572 - accuracy: 0.6667
1465/1563 [===========================>..] - ETA: 3s - loss: 0.9572 - accuracy: 0.6666
1468/1563 [===========================>..] - ETA: 2s - loss: 0.9570 - accuracy: 0.6667
1470/1563 [===========================>..] - ETA: 2s - loss: 0.9569 - accuracy: 0.6667
1472/1563 [===========================>..] - ETA: 2s - loss: 0.9570 - accuracy: 0.6667
1475/1563 [===========================>..] - ETA: 2s - loss: 0.9570 - accuracy: 0.6666
1477/1563 [===========================>..] - ETA: 2s - loss: 0.9570 - accuracy: 0.6666
1479/1563 [===========================>..] - ETA: 2s - loss: 0.9569 - accuracy: 0.6667
1481/1563 [===========================>..] - ETA: 2s - loss: 0.9569 - accuracy: 0.6667
1483/1563 [===========================>..] - ETA: 2s - loss: 0.9567 - accuracy: 0.6667
1486/1563 [===========================>..] - ETA: 2s - loss: 0.9564 - accuracy: 0.6669
1489/1563 [===========================>..] - ETA: 2s - loss: 0.9563 - accuracy: 0.6669
1491/1563 [===========================>..] - ETA: 2s - loss: 0.9565 - accuracy: 0.6668
1493/1563 [===========================>..] - ETA: 2s - loss: 0.9566 - accuracy: 0.6668
1495/1563 [===========================>..] - ETA: 2s - loss: 0.9566 - accuracy: 0.6668
1497/1563 [===========================>..] - ETA: 2s - loss: 0.9565 - accuracy: 0.6668
1500/1563 [===========================>..] - ETA: 1s - loss: 0.9563 - accuracy: 0.6668
1502/1563 [===========================>..] - ETA: 1s - loss: 0.9563 - accuracy: 0.6668
1504/1563 [===========================>..] - ETA: 1s - loss: 0.9565 - accuracy: 0.6669
1506/1563 [===========================>..] - ETA: 1s - loss: 0.9564 - accuracy: 0.6670
1509/1563 [===========================>..] - ETA: 1s - loss: 0.9565 - accuracy: 0.6669
1511/1563 [============================>.] - ETA: 1s - loss: 0.9566 - accuracy: 0.6668
1513/1563 [============================>.] - ETA: 1s - loss: 0.9565 - accuracy: 0.6669
1515/1563 [============================>.] - ETA: 1s - loss: 0.9563 - accuracy: 0.6670
1517/1563 [============================>.] - ETA: 1s - loss: 0.9561 - accuracy: 0.6671
1519/1563 [============================>.] - ETA: 1s - loss: 0.9558 - accuracy: 0.6672
1522/1563 [============================>.] - ETA: 1s - loss: 0.9558 - accuracy: 0.6673
1524/1563 [============================>.] - ETA: 1s - loss: 0.9556 - accuracy: 0.6673
1526/1563 [============================>.] - ETA: 1s - loss: 0.9555 - accuracy: 0.6674
1528/1563 [============================>.] - ETA: 1s - loss: 0.9555 - accuracy: 0.6673
1530/1563 [============================>.] - ETA: 1s - loss: 0.9555 - accuracy: 0.6673
1532/1563 [============================>.] - ETA: 0s - loss: 0.9557 - accuracy: 0.6672
1534/1563 [============================>.] - ETA: 0s - loss: 0.9557 - accuracy: 0.6672
1536/1563 [============================>.] - ETA: 0s - loss: 0.9558 - accuracy: 0.6671
1539/1563 [============================>.] - ETA: 0s - loss: 0.9559 - accuracy: 0.6670
1541/1563 [============================>.] - ETA: 0s - loss: 0.9557 - accuracy: 0.6670
1544/1563 [============================>.] - ETA: 0s - loss: 0.9555 - accuracy: 0.6672
1546/1563 [============================>.] - ETA: 0s - loss: 0.9552 - accuracy: 0.6673
1549/1563 [============================>.] - ETA: 0s - loss: 0.9550 - accuracy: 0.6673
1552/1563 [============================>.] - ETA: 0s - loss: 0.9553 - accuracy: 0.6673
1554/1563 [============================>.] - ETA: 0s - loss: 0.9553 - accuracy: 0.6672
1556/1563 [============================>.] - ETA: 0s - loss: 0.9555 - accuracy: 0.6672
1558/1563 [============================>.] - ETA: 0s - loss: 0.9555 - accuracy: 0.6672
1560/1563 [============================>.] - ETA: 0s - loss: 0.9555 - accuracy: 0.6672
1562/1563 [============================>.] - ETA: 0s - loss: 0.9555 - accuracy: 0.6673
1563/1563 [==============================] - 53s 34ms/step - loss: 0.9554 - accuracy: 0.6673 - val_loss: 0.9163 - val_accuracy: 0.6831
Epoch 3/100

   1/1563 [..............................] - ETA: 1:23 - loss: 0.9764 - accuracy: 0.7500
   3/1563 [..............................] - ETA: 1:00 - loss: 0.8049 - accuracy: 0.7604
   6/1563 [..............................] - ETA: 45s - loss: 0.8167 - accuracy: 0.7448 
   9/1563 [..............................] - ETA: 42s - loss: 0.8226 - accuracy: 0.7153
  11/1563 [..............................] - ETA: 44s - loss: 0.8104 - accuracy: 0.7188
  14/1563 [..............................] - ETA: 45s - loss: 0.7733 - accuracy: 0.7277
  16/1563 [..............................] - ETA: 44s - loss: 0.7714 - accuracy: 0.7246
  18/1563 [..............................] - ETA: 44s - loss: 0.7768 - accuracy: 0.7222
  20/1563 [..............................] - ETA: 44s - loss: 0.7746 - accuracy: 0.7188
  22/1563 [..............................] - ETA: 45s - loss: 0.7693 - accuracy: 0.7216
  25/1563 [..............................] - ETA: 43s - loss: 0.7547 - accuracy: 0.7300
  27/1563 [..............................] - ETA: 43s - loss: 0.7732 - accuracy: 0.7234
  29/1563 [..............................] - ETA: 44s - loss: 0.7697 - accuracy: 0.7284
  31/1563 [..............................] - ETA: 45s - loss: 0.7650 - accuracy: 0.7298
  33/1563 [..............................] - ETA: 45s - loss: 0.7606 - accuracy: 0.7301
  35/1563 [..............................] - ETA: 45s - loss: 0.7639 - accuracy: 0.7277
  37/1563 [..............................] - ETA: 46s - loss: 0.7770 - accuracy: 0.7230
  40/1563 [..............................] - ETA: 45s - loss: 0.7827 - accuracy: 0.7195
  42/1563 [..............................] - ETA: 45s - loss: 0.7859 - accuracy: 0.7188
  45/1563 [..............................] - ETA: 44s - loss: 0.7851 - accuracy: 0.7208
  47/1563 [..............................] - ETA: 44s - loss: 0.7781 - accuracy: 0.7254
  49/1563 [..............................] - ETA: 44s - loss: 0.7746 - accuracy: 0.7258
  51/1563 [..............................] - ETA: 45s - loss: 0.7692 - accuracy: 0.7273
  53/1563 [>.............................] - ETA: 45s - loss: 0.7694 - accuracy: 0.7270
  55/1563 [>.............................] - ETA: 45s - loss: 0.7652 - accuracy: 0.7290
  57/1563 [>.............................] - ETA: 45s - loss: 0.7677 - accuracy: 0.7286
  59/1563 [>.............................] - ETA: 45s - loss: 0.7694 - accuracy: 0.7283
  61/1563 [>.............................] - ETA: 46s - loss: 0.7766 - accuracy: 0.7249
  64/1563 [>.............................] - ETA: 45s - loss: 0.7878 - accuracy: 0.7217
  66/1563 [>.............................] - ETA: 46s - loss: 0.7856 - accuracy: 0.7235
  68/1563 [>.............................] - ETA: 45s - loss: 0.7831 - accuracy: 0.7224
  70/1563 [>.............................] - ETA: 45s - loss: 0.7854 - accuracy: 0.7214
  72/1563 [>.............................] - ETA: 45s - loss: 0.7860 - accuracy: 0.7209
  74/1563 [>.............................] - ETA: 45s - loss: 0.7872 - accuracy: 0.7196
  77/1563 [>.............................] - ETA: 45s - loss: 0.7855 - accuracy: 0.7228
  79/1563 [>.............................] - ETA: 45s - loss: 0.7851 - accuracy: 0.7231
  81/1563 [>.............................] - ETA: 45s - loss: 0.7865 - accuracy: 0.7234
  84/1563 [>.............................] - ETA: 44s - loss: 0.7863 - accuracy: 0.7247
  87/1563 [>.............................] - ETA: 44s - loss: 0.7869 - accuracy: 0.7238
  89/1563 [>.............................] - ETA: 44s - loss: 0.7884 - accuracy: 0.7244
  92/1563 [>.............................] - ETA: 44s - loss: 0.7902 - accuracy: 0.7252
  95/1563 [>.............................] - ETA: 43s - loss: 0.7922 - accuracy: 0.7237
  97/1563 [>.............................] - ETA: 44s - loss: 0.7954 - accuracy: 0.7220
  99/1563 [>.............................] - ETA: 43s - loss: 0.7981 - accuracy: 0.7216
 101/1563 [>.............................] - ETA: 43s - loss: 0.7987 - accuracy: 0.7200
 103/1563 [>.............................] - ETA: 43s - loss: 0.7974 - accuracy: 0.7212
 105/1563 [=>............................] - ETA: 43s - loss: 0.7935 - accuracy: 0.7232
 107/1563 [=>............................] - ETA: 43s - loss: 0.7950 - accuracy: 0.7228
 109/1563 [=>............................] - ETA: 43s - loss: 0.7976 - accuracy: 0.7228
 111/1563 [=>............................] - ETA: 43s - loss: 0.7962 - accuracy: 0.7227
 113/1563 [=>............................] - ETA: 43s - loss: 0.7929 - accuracy: 0.7240
 116/1563 [=>............................] - ETA: 43s - loss: 0.7942 - accuracy: 0.7225
 118/1563 [=>............................] - ETA: 43s - loss: 0.7952 - accuracy: 0.7219
 121/1563 [=>............................] - ETA: 42s - loss: 0.7953 - accuracy: 0.7226
 123/1563 [=>............................] - ETA: 42s - loss: 0.7938 - accuracy: 0.7241
 125/1563 [=>............................] - ETA: 42s - loss: 0.7916 - accuracy: 0.7253
 127/1563 [=>............................] - ETA: 42s - loss: 0.7917 - accuracy: 0.7249
 129/1563 [=>............................] - ETA: 42s - loss: 0.7944 - accuracy: 0.7241
 132/1563 [=>............................] - ETA: 42s - loss: 0.7941 - accuracy: 0.7244
 134/1563 [=>............................] - ETA: 42s - loss: 0.7930 - accuracy: 0.7246
 136/1563 [=>............................] - ETA: 42s - loss: 0.7919 - accuracy: 0.7247
 138/1563 [=>............................] - ETA: 42s - loss: 0.7924 - accuracy: 0.7240
 140/1563 [=>............................] - ETA: 42s - loss: 0.7899 - accuracy: 0.7250
 142/1563 [=>............................] - ETA: 42s - loss: 0.7902 - accuracy: 0.7256
 144/1563 [=>............................] - ETA: 42s - loss: 0.7902 - accuracy: 0.7248
 146/1563 [=>............................] - ETA: 42s - loss: 0.7898 - accuracy: 0.7241
 148/1563 [=>............................] - ETA: 42s - loss: 0.7904 - accuracy: 0.7232
 150/1563 [=>............................] - ETA: 42s - loss: 0.7918 - accuracy: 0.7233
 152/1563 [=>............................] - ETA: 42s - loss: 0.7909 - accuracy: 0.7237
 154/1563 [=>............................] - ETA: 42s - loss: 0.7892 - accuracy: 0.7240
 156/1563 [=>............................] - ETA: 42s - loss: 0.7906 - accuracy: 0.7232
 158/1563 [==>...........................] - ETA: 42s - loss: 0.7907 - accuracy: 0.7229
 160/1563 [==>...........................] - ETA: 42s - loss: 0.7912 - accuracy: 0.7227
 162/1563 [==>...........................] - ETA: 42s - loss: 0.7904 - accuracy: 0.7230
 164/1563 [==>...........................] - ETA: 42s - loss: 0.7911 - accuracy: 0.7229
 166/1563 [==>...........................] - ETA: 42s - loss: 0.7879 - accuracy: 0.7240
 168/1563 [==>...........................] - ETA: 42s - loss: 0.7863 - accuracy: 0.7249
 170/1563 [==>...........................] - ETA: 42s - loss: 0.7862 - accuracy: 0.7254
 172/1563 [==>...........................] - ETA: 42s - loss: 0.7875 - accuracy: 0.7251
 173/1563 [==>...........................] - ETA: 42s - loss: 0.7876 - accuracy: 0.7253
 176/1563 [==>...........................] - ETA: 42s - loss: 0.7882 - accuracy: 0.7259
 178/1563 [==>...........................] - ETA: 42s - loss: 0.7886 - accuracy: 0.7259
 181/1563 [==>...........................] - ETA: 42s - loss: 0.7882 - accuracy: 0.7265
 183/1563 [==>...........................] - ETA: 42s - loss: 0.7878 - accuracy: 0.7275
 185/1563 [==>...........................] - ETA: 42s - loss: 0.7859 - accuracy: 0.7280
 187/1563 [==>...........................] - ETA: 42s - loss: 0.7885 - accuracy: 0.7274
 189/1563 [==>...........................] - ETA: 42s - loss: 0.7896 - accuracy: 0.7267
 191/1563 [==>...........................] - ETA: 42s - loss: 0.7884 - accuracy: 0.7269
 194/1563 [==>...........................] - ETA: 41s - loss: 0.7893 - accuracy: 0.7263
 196/1563 [==>...........................] - ETA: 41s - loss: 0.7905 - accuracy: 0.7266
 198/1563 [==>...........................] - ETA: 41s - loss: 0.7904 - accuracy: 0.7271
 200/1563 [==>...........................] - ETA: 41s - loss: 0.7908 - accuracy: 0.7270
 202/1563 [==>...........................] - ETA: 41s - loss: 0.7920 - accuracy: 0.7274
 204/1563 [==>...........................] - ETA: 41s - loss: 0.7913 - accuracy: 0.7276
 206/1563 [==>...........................] - ETA: 41s - loss: 0.7900 - accuracy: 0.7277
 208/1563 [==>...........................] - ETA: 41s - loss: 0.7903 - accuracy: 0.7276
 210/1563 [===>..........................] - ETA: 41s - loss: 0.7888 - accuracy: 0.7280
 212/1563 [===>..........................] - ETA: 41s - loss: 0.7872 - accuracy: 0.7280
 215/1563 [===>..........................] - ETA: 41s - loss: 0.7844 - accuracy: 0.7291
 218/1563 [===>..........................] - ETA: 41s - loss: 0.7844 - accuracy: 0.7289
 220/1563 [===>..........................] - ETA: 41s - loss: 0.7839 - accuracy: 0.7291
 222/1563 [===>..........................] - ETA: 40s - loss: 0.7837 - accuracy: 0.7293
 225/1563 [===>..........................] - ETA: 40s - loss: 0.7841 - accuracy: 0.7285
 227/1563 [===>..........................] - ETA: 40s - loss: 0.7843 - accuracy: 0.7282
 229/1563 [===>..........................] - ETA: 40s - loss: 0.7867 - accuracy: 0.7275
 231/1563 [===>..........................] - ETA: 40s - loss: 0.7884 - accuracy: 0.7266
 233/1563 [===>..........................] - ETA: 40s - loss: 0.7911 - accuracy: 0.7257
 235/1563 [===>..........................] - ETA: 40s - loss: 0.7922 - accuracy: 0.7249
 237/1563 [===>..........................] - ETA: 40s - loss: 0.7928 - accuracy: 0.7248
 239/1563 [===>..........................] - ETA: 40s - loss: 0.7936 - accuracy: 0.7246
 241/1563 [===>..........................] - ETA: 40s - loss: 0.7934 - accuracy: 0.7242
 243/1563 [===>..........................] - ETA: 40s - loss: 0.7935 - accuracy: 0.7242
 245/1563 [===>..........................] - ETA: 40s - loss: 0.7946 - accuracy: 0.7239
 247/1563 [===>..........................] - ETA: 40s - loss: 0.7940 - accuracy: 0.7241
 250/1563 [===>..........................] - ETA: 40s - loss: 0.7941 - accuracy: 0.7237
 253/1563 [===>..........................] - ETA: 40s - loss: 0.7961 - accuracy: 0.7236
 255/1563 [===>..........................] - ETA: 40s - loss: 0.7965 - accuracy: 0.7240
 257/1563 [===>..........................] - ETA: 40s - loss: 0.7974 - accuracy: 0.7231
 259/1563 [===>..........................] - ETA: 40s - loss: 0.7961 - accuracy: 0.7235
 261/1563 [====>.........................] - ETA: 40s - loss: 0.7958 - accuracy: 0.7234
 263/1563 [====>.........................] - ETA: 40s - loss: 0.7982 - accuracy: 0.7227
 265/1563 [====>.........................] - ETA: 40s - loss: 0.7976 - accuracy: 0.7228
 268/1563 [====>.........................] - ETA: 39s - loss: 0.7992 - accuracy: 0.7219
 270/1563 [====>.........................] - ETA: 39s - loss: 0.7998 - accuracy: 0.7216
 272/1563 [====>.........................] - ETA: 39s - loss: 0.8005 - accuracy: 0.7212
 275/1563 [====>.........................] - ETA: 39s - loss: 0.8006 - accuracy: 0.7216
 278/1563 [====>.........................] - ETA: 39s - loss: 0.8012 - accuracy: 0.7214
 281/1563 [====>.........................] - ETA: 39s - loss: 0.8015 - accuracy: 0.7211
 283/1563 [====>.........................] - ETA: 39s - loss: 0.8001 - accuracy: 0.7217
 286/1563 [====>.........................] - ETA: 38s - loss: 0.8010 - accuracy: 0.7215
 289/1563 [====>.........................] - ETA: 38s - loss: 0.8004 - accuracy: 0.7221
 291/1563 [====>.........................] - ETA: 38s - loss: 0.8006 - accuracy: 0.7221
 293/1563 [====>.........................] - ETA: 38s - loss: 0.8016 - accuracy: 0.7216
 295/1563 [====>.........................] - ETA: 38s - loss: 0.8007 - accuracy: 0.7220
 297/1563 [====>.........................] - ETA: 38s - loss: 0.7994 - accuracy: 0.7224
 299/1563 [====>.........................] - ETA: 38s - loss: 0.7996 - accuracy: 0.7219
 302/1563 [====>.........................] - ETA: 38s - loss: 0.7987 - accuracy: 0.7223
 304/1563 [====>.........................] - ETA: 38s - loss: 0.7996 - accuracy: 0.7218
 306/1563 [====>.........................] - ETA: 38s - loss: 0.8003 - accuracy: 0.7217
 308/1563 [====>.........................] - ETA: 38s - loss: 0.8011 - accuracy: 0.7214
 310/1563 [====>.........................] - ETA: 38s - loss: 0.8008 - accuracy: 0.7212
 312/1563 [====>.........................] - ETA: 38s - loss: 0.8023 - accuracy: 0.7207
 314/1563 [=====>........................] - ETA: 38s - loss: 0.8031 - accuracy: 0.7202
 316/1563 [=====>........................] - ETA: 38s - loss: 0.8033 - accuracy: 0.7203
 318/1563 [=====>........................] - ETA: 38s - loss: 0.8034 - accuracy: 0.7199
 320/1563 [=====>........................] - ETA: 38s - loss: 0.8033 - accuracy: 0.7203
 323/1563 [=====>........................] - ETA: 38s - loss: 0.8047 - accuracy: 0.7204
 326/1563 [=====>........................] - ETA: 38s - loss: 0.8047 - accuracy: 0.7203
 328/1563 [=====>........................] - ETA: 37s - loss: 0.8040 - accuracy: 0.7206
 331/1563 [=====>........................] - ETA: 37s - loss: 0.8046 - accuracy: 0.7203
 333/1563 [=====>........................] - ETA: 37s - loss: 0.8047 - accuracy: 0.7201
 336/1563 [=====>........................] - ETA: 37s - loss: 0.8045 - accuracy: 0.7203
 338/1563 [=====>........................] - ETA: 37s - loss: 0.8038 - accuracy: 0.7207
 340/1563 [=====>........................] - ETA: 37s - loss: 0.8029 - accuracy: 0.7211
 342/1563 [=====>........................] - ETA: 37s - loss: 0.8048 - accuracy: 0.7203
 344/1563 [=====>........................] - ETA: 37s - loss: 0.8057 - accuracy: 0.7197
 347/1563 [=====>........................] - ETA: 37s - loss: 0.8070 - accuracy: 0.7186
 350/1563 [=====>........................] - ETA: 37s - loss: 0.8068 - accuracy: 0.7187
 352/1563 [=====>........................] - ETA: 37s - loss: 0.8072 - accuracy: 0.7187
 354/1563 [=====>........................] - ETA: 37s - loss: 0.8073 - accuracy: 0.7186
 356/1563 [=====>........................] - ETA: 37s - loss: 0.8081 - accuracy: 0.7178
 358/1563 [=====>........................] - ETA: 37s - loss: 0.8082 - accuracy: 0.7182
 359/1563 [=====>........................] - ETA: 37s - loss: 0.8090 - accuracy: 0.7180
 362/1563 [=====>........................] - ETA: 37s - loss: 0.8090 - accuracy: 0.7181
 364/1563 [=====>........................] - ETA: 37s - loss: 0.8094 - accuracy: 0.7179
 366/1563 [======>.......................] - ETA: 36s - loss: 0.8093 - accuracy: 0.7176
 369/1563 [======>.......................] - ETA: 36s - loss: 0.8099 - accuracy: 0.7176
 372/1563 [======>.......................] - ETA: 36s - loss: 0.8088 - accuracy: 0.7180
 374/1563 [======>.......................] - ETA: 36s - loss: 0.8087 - accuracy: 0.7181
 376/1563 [======>.......................] - ETA: 36s - loss: 0.8089 - accuracy: 0.7179
 378/1563 [======>.......................] - ETA: 36s - loss: 0.8106 - accuracy: 0.7175
 380/1563 [======>.......................] - ETA: 36s - loss: 0.8105 - accuracy: 0.7174
 382/1563 [======>.......................] - ETA: 36s - loss: 0.8100 - accuracy: 0.7175
 384/1563 [======>.......................] - ETA: 36s - loss: 0.8098 - accuracy: 0.7177
 387/1563 [======>.......................] - ETA: 36s - loss: 0.8097 - accuracy: 0.7179
 389/1563 [======>.......................] - ETA: 36s - loss: 0.8097 - accuracy: 0.7180
 392/1563 [======>.......................] - ETA: 35s - loss: 0.8090 - accuracy: 0.7181
 395/1563 [======>.......................] - ETA: 35s - loss: 0.8100 - accuracy: 0.7179
 398/1563 [======>.......................] - ETA: 35s - loss: 0.8096 - accuracy: 0.7182
 400/1563 [======>.......................] - ETA: 35s - loss: 0.8105 - accuracy: 0.7175
 402/1563 [======>.......................] - ETA: 35s - loss: 0.8110 - accuracy: 0.7174
 405/1563 [======>.......................] - ETA: 35s - loss: 0.8109 - accuracy: 0.7177
 407/1563 [======>.......................] - ETA: 35s - loss: 0.8101 - accuracy: 0.7177
 409/1563 [======>.......................] - ETA: 35s - loss: 0.8096 - accuracy: 0.7178
 411/1563 [======>.......................] - ETA: 35s - loss: 0.8089 - accuracy: 0.7179
 413/1563 [======>.......................] - ETA: 35s - loss: 0.8108 - accuracy: 0.7172
 415/1563 [======>.......................] - ETA: 35s - loss: 0.8103 - accuracy: 0.7176
 417/1563 [=======>......................] - ETA: 35s - loss: 0.8096 - accuracy: 0.7179
 419/1563 [=======>......................] - ETA: 35s - loss: 0.8092 - accuracy: 0.7179
 421/1563 [=======>......................] - ETA: 35s - loss: 0.8079 - accuracy: 0.7182
 423/1563 [=======>......................] - ETA: 34s - loss: 0.8079 - accuracy: 0.7182
 425/1563 [=======>......................] - ETA: 34s - loss: 0.8079 - accuracy: 0.7182
 427/1563 [=======>......................] - ETA: 34s - loss: 0.8079 - accuracy: 0.7180
 429/1563 [=======>......................] - ETA: 34s - loss: 0.8086 - accuracy: 0.7179
 431/1563 [=======>......................] - ETA: 34s - loss: 0.8093 - accuracy: 0.7177
 434/1563 [=======>......................] - ETA: 34s - loss: 0.8084 - accuracy: 0.7182
 435/1563 [=======>......................] - ETA: 34s - loss: 0.8084 - accuracy: 0.7182
 438/1563 [=======>......................] - ETA: 34s - loss: 0.8080 - accuracy: 0.7183
 440/1563 [=======>......................] - ETA: 34s - loss: 0.8073 - accuracy: 0.7186
 443/1563 [=======>......................] - ETA: 34s - loss: 0.8076 - accuracy: 0.7181
 446/1563 [=======>......................] - ETA: 34s - loss: 0.8078 - accuracy: 0.7180
 448/1563 [=======>......................] - ETA: 34s - loss: 0.8086 - accuracy: 0.7177
 450/1563 [=======>......................] - ETA: 34s - loss: 0.8080 - accuracy: 0.7181
 453/1563 [=======>......................] - ETA: 33s - loss: 0.8074 - accuracy: 0.7183
 455/1563 [=======>......................] - ETA: 33s - loss: 0.8076 - accuracy: 0.7181
 457/1563 [=======>......................] - ETA: 33s - loss: 0.8081 - accuracy: 0.7178
 460/1563 [=======>......................] - ETA: 33s - loss: 0.8100 - accuracy: 0.7171
 463/1563 [=======>......................] - ETA: 33s - loss: 0.8101 - accuracy: 0.7171
 465/1563 [=======>......................] - ETA: 33s - loss: 0.8097 - accuracy: 0.7173
 467/1563 [=======>......................] - ETA: 33s - loss: 0.8100 - accuracy: 0.7173
 470/1563 [========>.....................] - ETA: 33s - loss: 0.8107 - accuracy: 0.7170
 472/1563 [========>.....................] - ETA: 33s - loss: 0.8105 - accuracy: 0.7169
 474/1563 [========>.....................] - ETA: 33s - loss: 0.8109 - accuracy: 0.7168
 477/1563 [========>.....................] - ETA: 33s - loss: 0.8106 - accuracy: 0.7168
 480/1563 [========>.....................] - ETA: 33s - loss: 0.8104 - accuracy: 0.7167
 482/1563 [========>.....................] - ETA: 33s - loss: 0.8105 - accuracy: 0.7164
 484/1563 [========>.....................] - ETA: 32s - loss: 0.8105 - accuracy: 0.7166
 487/1563 [========>.....................] - ETA: 32s - loss: 0.8101 - accuracy: 0.7168
 489/1563 [========>.....................] - ETA: 32s - loss: 0.8099 - accuracy: 0.7168
 491/1563 [========>.....................] - ETA: 32s - loss: 0.8095 - accuracy: 0.7169
 493/1563 [========>.....................] - ETA: 32s - loss: 0.8089 - accuracy: 0.7172
 495/1563 [========>.....................] - ETA: 32s - loss: 0.8081 - accuracy: 0.7176
 498/1563 [========>.....................] - ETA: 32s - loss: 0.8077 - accuracy: 0.7176
 500/1563 [========>.....................] - ETA: 32s - loss: 0.8074 - accuracy: 0.7177
 502/1563 [========>.....................] - ETA: 32s - loss: 0.8067 - accuracy: 0.7179
 503/1563 [========>.....................] - ETA: 32s - loss: 0.8064 - accuracy: 0.7179
 505/1563 [========>.....................] - ETA: 32s - loss: 0.8063 - accuracy: 0.7181
 507/1563 [========>.....................] - ETA: 32s - loss: 0.8076 - accuracy: 0.7181
 509/1563 [========>.....................] - ETA: 32s - loss: 0.8073 - accuracy: 0.7181
 511/1563 [========>.....................] - ETA: 32s - loss: 0.8071 - accuracy: 0.7182
 514/1563 [========>.....................] - ETA: 32s - loss: 0.8064 - accuracy: 0.7181
 517/1563 [========>.....................] - ETA: 31s - loss: 0.8064 - accuracy: 0.7180
 519/1563 [========>.....................] - ETA: 31s - loss: 0.8058 - accuracy: 0.7181
 521/1563 [=========>....................] - ETA: 31s - loss: 0.8051 - accuracy: 0.7184
 524/1563 [=========>....................] - ETA: 31s - loss: 0.8048 - accuracy: 0.7185
 526/1563 [=========>....................] - ETA: 31s - loss: 0.8042 - accuracy: 0.7186
 529/1563 [=========>....................] - ETA: 31s - loss: 0.8037 - accuracy: 0.7190
 531/1563 [=========>....................] - ETA: 31s - loss: 0.8031 - accuracy: 0.7190
 533/1563 [=========>....................] - ETA: 31s - loss: 0.8034 - accuracy: 0.7189
 535/1563 [=========>....................] - ETA: 31s - loss: 0.8034 - accuracy: 0.7189
 538/1563 [=========>....................] - ETA: 31s - loss: 0.8037 - accuracy: 0.7190
 540/1563 [=========>....................] - ETA: 31s - loss: 0.8042 - accuracy: 0.7189
 542/1563 [=========>....................] - ETA: 31s - loss: 0.8038 - accuracy: 0.7190
 544/1563 [=========>....................] - ETA: 31s - loss: 0.8033 - accuracy: 0.7190
 547/1563 [=========>....................] - ETA: 30s - loss: 0.8029 - accuracy: 0.7191
 549/1563 [=========>....................] - ETA: 30s - loss: 0.8036 - accuracy: 0.7187
 551/1563 [=========>....................] - ETA: 30s - loss: 0.8037 - accuracy: 0.7187
 553/1563 [=========>....................] - ETA: 30s - loss: 0.8038 - accuracy: 0.7186
 555/1563 [=========>....................] - ETA: 30s - loss: 0.8035 - accuracy: 0.7189
 557/1563 [=========>....................] - ETA: 30s - loss: 0.8033 - accuracy: 0.7190
 559/1563 [=========>....................] - ETA: 30s - loss: 0.8032 - accuracy: 0.7190
 561/1563 [=========>....................] - ETA: 30s - loss: 0.8032 - accuracy: 0.7188
 563/1563 [=========>....................] - ETA: 30s - loss: 0.8027 - accuracy: 0.7190
 565/1563 [=========>....................] - ETA: 30s - loss: 0.8028 - accuracy: 0.7190
 568/1563 [=========>....................] - ETA: 30s - loss: 0.8027 - accuracy: 0.7194
 571/1563 [=========>....................] - ETA: 30s - loss: 0.8017 - accuracy: 0.7200
 573/1563 [=========>....................] - ETA: 30s - loss: 0.8020 - accuracy: 0.7199
 575/1563 [==========>...................] - ETA: 30s - loss: 0.8011 - accuracy: 0.7203
 577/1563 [==========>...................] - ETA: 29s - loss: 0.8009 - accuracy: 0.7204
 579/1563 [==========>...................] - ETA: 29s - loss: 0.8007 - accuracy: 0.7207
 581/1563 [==========>...................] - ETA: 29s - loss: 0.8007 - accuracy: 0.7208
 583/1563 [==========>...................] - ETA: 29s - loss: 0.8013 - accuracy: 0.7207
 585/1563 [==========>...................] - ETA: 29s - loss: 0.8010 - accuracy: 0.7208
 588/1563 [==========>...................] - ETA: 29s - loss: 0.8001 - accuracy: 0.7209
 590/1563 [==========>...................] - ETA: 29s - loss: 0.7997 - accuracy: 0.7209
 592/1563 [==========>...................] - ETA: 29s - loss: 0.7998 - accuracy: 0.7210
 595/1563 [==========>...................] - ETA: 29s - loss: 0.7993 - accuracy: 0.7210
 597/1563 [==========>...................] - ETA: 29s - loss: 0.7988 - accuracy: 0.7213
 600/1563 [==========>...................] - ETA: 29s - loss: 0.7995 - accuracy: 0.7210
 602/1563 [==========>...................] - ETA: 29s - loss: 0.7987 - accuracy: 0.7215
 605/1563 [==========>...................] - ETA: 28s - loss: 0.7987 - accuracy: 0.7214
 607/1563 [==========>...................] - ETA: 28s - loss: 0.7989 - accuracy: 0.7214
 610/1563 [==========>...................] - ETA: 28s - loss: 0.7995 - accuracy: 0.7209
 612/1563 [==========>...................] - ETA: 28s - loss: 0.7989 - accuracy: 0.7213
 614/1563 [==========>...................] - ETA: 28s - loss: 0.8000 - accuracy: 0.7209
 617/1563 [==========>...................] - ETA: 28s - loss: 0.7993 - accuracy: 0.7212
 619/1563 [==========>...................] - ETA: 28s - loss: 0.7994 - accuracy: 0.7212
 622/1563 [==========>...................] - ETA: 28s - loss: 0.7999 - accuracy: 0.7209
 624/1563 [==========>...................] - ETA: 28s - loss: 0.7996 - accuracy: 0.7208
 626/1563 [===========>..................] - ETA: 28s - loss: 0.7992 - accuracy: 0.7209
 629/1563 [===========>..................] - ETA: 28s - loss: 0.8002 - accuracy: 0.7205
 631/1563 [===========>..................] - ETA: 28s - loss: 0.8004 - accuracy: 0.7205
 633/1563 [===========>..................] - ETA: 28s - loss: 0.8002 - accuracy: 0.7206
 635/1563 [===========>..................] - ETA: 28s - loss: 0.8003 - accuracy: 0.7206
 637/1563 [===========>..................] - ETA: 28s - loss: 0.8008 - accuracy: 0.7207
 639/1563 [===========>..................] - ETA: 28s - loss: 0.8009 - accuracy: 0.7205
 641/1563 [===========>..................] - ETA: 27s - loss: 0.8004 - accuracy: 0.7207
 643/1563 [===========>..................] - ETA: 27s - loss: 0.8004 - accuracy: 0.7206
 645/1563 [===========>..................] - ETA: 27s - loss: 0.8006 - accuracy: 0.7206
 648/1563 [===========>..................] - ETA: 27s - loss: 0.8007 - accuracy: 0.7207
 650/1563 [===========>..................] - ETA: 27s - loss: 0.8010 - accuracy: 0.7206
 652/1563 [===========>..................] - ETA: 27s - loss: 0.8012 - accuracy: 0.7206
 655/1563 [===========>..................] - ETA: 27s - loss: 0.8004 - accuracy: 0.7208
 657/1563 [===========>..................] - ETA: 27s - loss: 0.7996 - accuracy: 0.7209
 660/1563 [===========>..................] - ETA: 27s - loss: 0.7993 - accuracy: 0.7211
 662/1563 [===========>..................] - ETA: 27s - loss: 0.7987 - accuracy: 0.7213
 664/1563 [===========>..................] - ETA: 27s - loss: 0.7988 - accuracy: 0.7211
 666/1563 [===========>..................] - ETA: 27s - loss: 0.7985 - accuracy: 0.7211
 668/1563 [===========>..................] - ETA: 27s - loss: 0.7983 - accuracy: 0.7210
 670/1563 [===========>..................] - ETA: 27s - loss: 0.7985 - accuracy: 0.7208
 672/1563 [===========>..................] - ETA: 27s - loss: 0.7980 - accuracy: 0.7209
 674/1563 [===========>..................] - ETA: 27s - loss: 0.7986 - accuracy: 0.7206
 676/1563 [===========>..................] - ETA: 26s - loss: 0.7989 - accuracy: 0.7206
 678/1563 [============>.................] - ETA: 26s - loss: 0.7988 - accuracy: 0.7206
 680/1563 [============>.................] - ETA: 26s - loss: 0.7994 - accuracy: 0.7204
 682/1563 [============>.................] - ETA: 26s - loss: 0.7998 - accuracy: 0.7201
 684/1563 [============>.................] - ETA: 26s - loss: 0.7996 - accuracy: 0.7201
 686/1563 [============>.................] - ETA: 26s - loss: 0.8004 - accuracy: 0.7198
 688/1563 [============>.................] - ETA: 26s - loss: 0.8003 - accuracy: 0.7198
 690/1563 [============>.................] - ETA: 26s - loss: 0.8003 - accuracy: 0.7198
 692/1563 [============>.................] - ETA: 26s - loss: 0.8000 - accuracy: 0.7197
 695/1563 [============>.................] - ETA: 26s - loss: 0.7993 - accuracy: 0.7200
 698/1563 [============>.................] - ETA: 26s - loss: 0.7996 - accuracy: 0.7199
 701/1563 [============>.................] - ETA: 26s - loss: 0.7996 - accuracy: 0.7199
 704/1563 [============>.................] - ETA: 26s - loss: 0.8001 - accuracy: 0.7198
 706/1563 [============>.................] - ETA: 26s - loss: 0.8002 - accuracy: 0.7197
 708/1563 [============>.................] - ETA: 26s - loss: 0.8006 - accuracy: 0.7197
 710/1563 [============>.................] - ETA: 25s - loss: 0.8009 - accuracy: 0.7198
 713/1563 [============>.................] - ETA: 25s - loss: 0.8008 - accuracy: 0.7198
 716/1563 [============>.................] - ETA: 25s - loss: 0.8009 - accuracy: 0.7199
 718/1563 [============>.................] - ETA: 25s - loss: 0.8004 - accuracy: 0.7201
 720/1563 [============>.................] - ETA: 25s - loss: 0.8006 - accuracy: 0.7200
 722/1563 [============>.................] - ETA: 25s - loss: 0.8003 - accuracy: 0.7200
 724/1563 [============>.................] - ETA: 25s - loss: 0.7999 - accuracy: 0.7202
 726/1563 [============>.................] - ETA: 25s - loss: 0.7997 - accuracy: 0.7204
 728/1563 [============>.................] - ETA: 25s - loss: 0.8000 - accuracy: 0.7205
 730/1563 [=============>................] - ETA: 25s - loss: 0.8000 - accuracy: 0.7204
 732/1563 [=============>................] - ETA: 25s - loss: 0.7996 - accuracy: 0.7205
 734/1563 [=============>................] - ETA: 25s - loss: 0.7993 - accuracy: 0.7205
 736/1563 [=============>................] - ETA: 25s - loss: 0.7986 - accuracy: 0.7209
 738/1563 [=============>................] - ETA: 25s - loss: 0.7977 - accuracy: 0.7212
 741/1563 [=============>................] - ETA: 24s - loss: 0.7983 - accuracy: 0.7211
 743/1563 [=============>................] - ETA: 24s - loss: 0.7984 - accuracy: 0.7211
 745/1563 [=============>................] - ETA: 24s - loss: 0.7981 - accuracy: 0.7211
 747/1563 [=============>................] - ETA: 24s - loss: 0.7982 - accuracy: 0.7210
 749/1563 [=============>................] - ETA: 24s - loss: 0.7978 - accuracy: 0.7210
 752/1563 [=============>................] - ETA: 24s - loss: 0.7981 - accuracy: 0.7208
 754/1563 [=============>................] - ETA: 24s - loss: 0.7979 - accuracy: 0.7207
 756/1563 [=============>................] - ETA: 24s - loss: 0.7984 - accuracy: 0.7207
 759/1563 [=============>................] - ETA: 24s - loss: 0.7974 - accuracy: 0.7210
 762/1563 [=============>................] - ETA: 24s - loss: 0.7968 - accuracy: 0.7212
 764/1563 [=============>................] - ETA: 24s - loss: 0.7969 - accuracy: 0.7211
 766/1563 [=============>................] - ETA: 24s - loss: 0.7966 - accuracy: 0.7211
 768/1563 [=============>................] - ETA: 24s - loss: 0.7963 - accuracy: 0.7212
 770/1563 [=============>................] - ETA: 24s - loss: 0.7961 - accuracy: 0.7213
 772/1563 [=============>................] - ETA: 24s - loss: 0.7964 - accuracy: 0.7211
 774/1563 [=============>................] - ETA: 23s - loss: 0.7965 - accuracy: 0.7212
 777/1563 [=============>................] - ETA: 23s - loss: 0.7960 - accuracy: 0.7212
 779/1563 [=============>................] - ETA: 23s - loss: 0.7962 - accuracy: 0.7212
 781/1563 [=============>................] - ETA: 23s - loss: 0.7961 - accuracy: 0.7212
 784/1563 [==============>...............] - ETA: 23s - loss: 0.7958 - accuracy: 0.7213
 786/1563 [==============>...............] - ETA: 23s - loss: 0.7960 - accuracy: 0.7211
 789/1563 [==============>...............] - ETA: 23s - loss: 0.7960 - accuracy: 0.7212
 791/1563 [==============>...............] - ETA: 23s - loss: 0.7964 - accuracy: 0.7210
 793/1563 [==============>...............] - ETA: 23s - loss: 0.7965 - accuracy: 0.7209
 795/1563 [==============>...............] - ETA: 23s - loss: 0.7967 - accuracy: 0.7210
 798/1563 [==============>...............] - ETA: 23s - loss: 0.7966 - accuracy: 0.7208
 800/1563 [==============>...............] - ETA: 23s - loss: 0.7973 - accuracy: 0.7205
 803/1563 [==============>...............] - ETA: 23s - loss: 0.7976 - accuracy: 0.7205
 805/1563 [==============>...............] - ETA: 23s - loss: 0.7978 - accuracy: 0.7203
 807/1563 [==============>...............] - ETA: 23s - loss: 0.7976 - accuracy: 0.7202
 809/1563 [==============>...............] - ETA: 22s - loss: 0.7976 - accuracy: 0.7201
 812/1563 [==============>...............] - ETA: 22s - loss: 0.7978 - accuracy: 0.7200
 814/1563 [==============>...............] - ETA: 22s - loss: 0.7977 - accuracy: 0.7201
 816/1563 [==============>...............] - ETA: 22s - loss: 0.7974 - accuracy: 0.7203
 819/1563 [==============>...............] - ETA: 22s - loss: 0.7972 - accuracy: 0.7204
 822/1563 [==============>...............] - ETA: 22s - loss: 0.7986 - accuracy: 0.7199
 825/1563 [==============>...............] - ETA: 22s - loss: 0.7992 - accuracy: 0.7196
 827/1563 [==============>...............] - ETA: 22s - loss: 0.7990 - accuracy: 0.7196
 829/1563 [==============>...............] - ETA: 22s - loss: 0.7990 - accuracy: 0.7198
 831/1563 [==============>...............] - ETA: 22s - loss: 0.7986 - accuracy: 0.7199
 834/1563 [===============>..............] - ETA: 22s - loss: 0.7988 - accuracy: 0.7198
 836/1563 [===============>..............] - ETA: 22s - loss: 0.7985 - accuracy: 0.7200
 838/1563 [===============>..............] - ETA: 22s - loss: 0.7985 - accuracy: 0.7201
 840/1563 [===============>..............] - ETA: 22s - loss: 0.7985 - accuracy: 0.7201
 842/1563 [===============>..............] - ETA: 21s - loss: 0.7989 - accuracy: 0.7200
 844/1563 [===============>..............] - ETA: 21s - loss: 0.7984 - accuracy: 0.7202
 846/1563 [===============>..............] - ETA: 21s - loss: 0.7981 - accuracy: 0.7203
 848/1563 [===============>..............] - ETA: 21s - loss: 0.7977 - accuracy: 0.7205
 850/1563 [===============>..............] - ETA: 21s - loss: 0.7979 - accuracy: 0.7204
 852/1563 [===============>..............] - ETA: 21s - loss: 0.7979 - accuracy: 0.7205
 855/1563 [===============>..............] - ETA: 21s - loss: 0.7983 - accuracy: 0.7204
 858/1563 [===============>..............] - ETA: 21s - loss: 0.7980 - accuracy: 0.7205
 860/1563 [===============>..............] - ETA: 21s - loss: 0.7977 - accuracy: 0.7205
 862/1563 [===============>..............] - ETA: 21s - loss: 0.7979 - accuracy: 0.7205
 864/1563 [===============>..............] - ETA: 21s - loss: 0.7982 - accuracy: 0.7204
 866/1563 [===============>..............] - ETA: 21s - loss: 0.7978 - accuracy: 0.7206
 868/1563 [===============>..............] - ETA: 21s - loss: 0.7979 - accuracy: 0.7205
 870/1563 [===============>..............] - ETA: 21s - loss: 0.7980 - accuracy: 0.7205
 872/1563 [===============>..............] - ETA: 21s - loss: 0.7976 - accuracy: 0.7208
 875/1563 [===============>..............] - ETA: 20s - loss: 0.7982 - accuracy: 0.7207
 877/1563 [===============>..............] - ETA: 20s - loss: 0.7982 - accuracy: 0.7206
 879/1563 [===============>..............] - ETA: 20s - loss: 0.7977 - accuracy: 0.7208
 881/1563 [===============>..............] - ETA: 20s - loss: 0.7974 - accuracy: 0.7208
 883/1563 [===============>..............] - ETA: 20s - loss: 0.7976 - accuracy: 0.7206
 885/1563 [===============>..............] - ETA: 20s - loss: 0.7981 - accuracy: 0.7203
 887/1563 [================>.............] - ETA: 20s - loss: 0.7980 - accuracy: 0.7202
 889/1563 [================>.............] - ETA: 20s - loss: 0.7981 - accuracy: 0.7201
 892/1563 [================>.............] - ETA: 20s - loss: 0.7982 - accuracy: 0.7202
 894/1563 [================>.............] - ETA: 20s - loss: 0.7980 - accuracy: 0.7203
 896/1563 [================>.............] - ETA: 20s - loss: 0.7979 - accuracy: 0.7204
 898/1563 [================>.............] - ETA: 20s - loss: 0.7975 - accuracy: 0.7206
 901/1563 [================>.............] - ETA: 20s - loss: 0.7975 - accuracy: 0.7204
 903/1563 [================>.............] - ETA: 20s - loss: 0.7972 - accuracy: 0.7205
 905/1563 [================>.............] - ETA: 20s - loss: 0.7968 - accuracy: 0.7206
 907/1563 [================>.............] - ETA: 20s - loss: 0.7965 - accuracy: 0.7207
 910/1563 [================>.............] - ETA: 19s - loss: 0.7966 - accuracy: 0.7208
 912/1563 [================>.............] - ETA: 19s - loss: 0.7970 - accuracy: 0.7208
 915/1563 [================>.............] - ETA: 19s - loss: 0.7975 - accuracy: 0.7205
 917/1563 [================>.............] - ETA: 19s - loss: 0.7978 - accuracy: 0.7205
 919/1563 [================>.............] - ETA: 19s - loss: 0.7978 - accuracy: 0.7208
 922/1563 [================>.............] - ETA: 19s - loss: 0.7981 - accuracy: 0.7205
 924/1563 [================>.............] - ETA: 19s - loss: 0.7983 - accuracy: 0.7205
 926/1563 [================>.............] - ETA: 19s - loss: 0.7988 - accuracy: 0.7202
 928/1563 [================>.............] - ETA: 19s - loss: 0.7992 - accuracy: 0.7201
 930/1563 [================>.............] - ETA: 19s - loss: 0.7988 - accuracy: 0.7202
 932/1563 [================>.............] - ETA: 19s - loss: 0.7987 - accuracy: 0.7202
 934/1563 [================>.............] - ETA: 19s - loss: 0.7990 - accuracy: 0.7200
 936/1563 [================>.............] - ETA: 19s - loss: 0.7989 - accuracy: 0.7202
 938/1563 [=================>............] - ETA: 19s - loss: 0.7988 - accuracy: 0.7204
 941/1563 [=================>............] - ETA: 18s - loss: 0.7993 - accuracy: 0.7204
 944/1563 [=================>............] - ETA: 18s - loss: 0.7987 - accuracy: 0.7207
 945/1563 [=================>............] - ETA: 18s - loss: 0.7986 - accuracy: 0.7207
 948/1563 [=================>............] - ETA: 18s - loss: 0.7991 - accuracy: 0.7206
 950/1563 [=================>............] - ETA: 18s - loss: 0.7986 - accuracy: 0.7209
 952/1563 [=================>............] - ETA: 18s - loss: 0.7988 - accuracy: 0.7208
 954/1563 [=================>............] - ETA: 18s - loss: 0.7989 - accuracy: 0.7208
 956/1563 [=================>............] - ETA: 18s - loss: 0.7991 - accuracy: 0.7207
 958/1563 [=================>............] - ETA: 18s - loss: 0.7989 - accuracy: 0.7207
 960/1563 [=================>............] - ETA: 18s - loss: 0.7989 - accuracy: 0.7207
 962/1563 [=================>............] - ETA: 18s - loss: 0.7985 - accuracy: 0.7210
 964/1563 [=================>............] - ETA: 18s - loss: 0.7983 - accuracy: 0.7210
 967/1563 [=================>............] - ETA: 18s - loss: 0.7986 - accuracy: 0.7209
 969/1563 [=================>............] - ETA: 18s - loss: 0.7983 - accuracy: 0.7211
 971/1563 [=================>............] - ETA: 18s - loss: 0.7979 - accuracy: 0.7211
 973/1563 [=================>............] - ETA: 18s - loss: 0.7981 - accuracy: 0.7210
 974/1563 [=================>............] - ETA: 18s - loss: 0.7982 - accuracy: 0.7210
 977/1563 [=================>............] - ETA: 17s - loss: 0.7981 - accuracy: 0.7210
 979/1563 [=================>............] - ETA: 17s - loss: 0.7979 - accuracy: 0.7209
 981/1563 [=================>............] - ETA: 17s - loss: 0.7980 - accuracy: 0.7209
 983/1563 [=================>............] - ETA: 17s - loss: 0.7977 - accuracy: 0.7211
 985/1563 [=================>............] - ETA: 17s - loss: 0.7980 - accuracy: 0.7210
 988/1563 [=================>............] - ETA: 17s - loss: 0.7983 - accuracy: 0.7209
 990/1563 [==================>...........] - ETA: 17s - loss: 0.7983 - accuracy: 0.7209
 992/1563 [==================>...........] - ETA: 17s - loss: 0.7986 - accuracy: 0.7207
 995/1563 [==================>...........] - ETA: 17s - loss: 0.7988 - accuracy: 0.7207
 997/1563 [==================>...........] - ETA: 17s - loss: 0.7986 - accuracy: 0.7208
1000/1563 [==================>...........] - ETA: 17s - loss: 0.7987 - accuracy: 0.7208
1002/1563 [==================>...........] - ETA: 17s - loss: 0.7986 - accuracy: 0.7208
1003/1563 [==================>...........] - ETA: 17s - loss: 0.7986 - accuracy: 0.7209
1006/1563 [==================>...........] - ETA: 17s - loss: 0.7987 - accuracy: 0.7207
1008/1563 [==================>...........] - ETA: 17s - loss: 0.7990 - accuracy: 0.7205
1011/1563 [==================>...........] - ETA: 16s - loss: 0.7986 - accuracy: 0.7207
1014/1563 [==================>...........] - ETA: 16s - loss: 0.7984 - accuracy: 0.7207
1016/1563 [==================>...........] - ETA: 16s - loss: 0.7982 - accuracy: 0.7208
1019/1563 [==================>...........] - ETA: 16s - loss: 0.7978 - accuracy: 0.7210
1022/1563 [==================>...........] - ETA: 16s - loss: 0.7975 - accuracy: 0.7211
1024/1563 [==================>...........] - ETA: 16s - loss: 0.7975 - accuracy: 0.7212
1026/1563 [==================>...........] - ETA: 16s - loss: 0.7976 - accuracy: 0.7210
1028/1563 [==================>...........] - ETA: 16s - loss: 0.7974 - accuracy: 0.7210
1030/1563 [==================>...........] - ETA: 16s - loss: 0.7973 - accuracy: 0.7212
1033/1563 [==================>...........] - ETA: 16s - loss: 0.7975 - accuracy: 0.7212
1035/1563 [==================>...........] - ETA: 16s - loss: 0.7978 - accuracy: 0.7213
1037/1563 [==================>...........] - ETA: 16s - loss: 0.7977 - accuracy: 0.7213
1039/1563 [==================>...........] - ETA: 16s - loss: 0.7974 - accuracy: 0.7214
1042/1563 [===================>..........] - ETA: 15s - loss: 0.7970 - accuracy: 0.7216
1044/1563 [===================>..........] - ETA: 15s - loss: 0.7968 - accuracy: 0.7216
1047/1563 [===================>..........] - ETA: 15s - loss: 0.7974 - accuracy: 0.7215
1049/1563 [===================>..........] - ETA: 15s - loss: 0.7974 - accuracy: 0.7214
1051/1563 [===================>..........] - ETA: 15s - loss: 0.7972 - accuracy: 0.7215
1053/1563 [===================>..........] - ETA: 15s - loss: 0.7972 - accuracy: 0.7216
1056/1563 [===================>..........] - ETA: 15s - loss: 0.7974 - accuracy: 0.7215
1057/1563 [===================>..........] - ETA: 15s - loss: 0.7974 - accuracy: 0.7215
1059/1563 [===================>..........] - ETA: 15s - loss: 0.7972 - accuracy: 0.7215
1061/1563 [===================>..........] - ETA: 15s - loss: 0.7971 - accuracy: 0.7215
1063/1563 [===================>..........] - ETA: 15s - loss: 0.7969 - accuracy: 0.7215
1065/1563 [===================>..........] - ETA: 15s - loss: 0.7968 - accuracy: 0.7214
1067/1563 [===================>..........] - ETA: 15s - loss: 0.7971 - accuracy: 0.7214
1069/1563 [===================>..........] - ETA: 15s - loss: 0.7969 - accuracy: 0.7216
1070/1563 [===================>..........] - ETA: 15s - loss: 0.7966 - accuracy: 0.7217
1073/1563 [===================>..........] - ETA: 15s - loss: 0.7968 - accuracy: 0.7216
1075/1563 [===================>..........] - ETA: 14s - loss: 0.7967 - accuracy: 0.7216
1077/1563 [===================>..........] - ETA: 14s - loss: 0.7966 - accuracy: 0.7216
1080/1563 [===================>..........] - ETA: 14s - loss: 0.7966 - accuracy: 0.7216
1082/1563 [===================>..........] - ETA: 14s - loss: 0.7967 - accuracy: 0.7216
1084/1563 [===================>..........] - ETA: 14s - loss: 0.7967 - accuracy: 0.7216
1086/1563 [===================>..........] - ETA: 14s - loss: 0.7968 - accuracy: 0.7215
1088/1563 [===================>..........] - ETA: 14s - loss: 0.7968 - accuracy: 0.7214
1090/1563 [===================>..........] - ETA: 14s - loss: 0.7969 - accuracy: 0.7212
1092/1563 [===================>..........] - ETA: 14s - loss: 0.7969 - accuracy: 0.7213
1094/1563 [===================>..........] - ETA: 14s - loss: 0.7968 - accuracy: 0.7214
1097/1563 [====================>.........] - ETA: 14s - loss: 0.7965 - accuracy: 0.7214
1099/1563 [====================>.........] - ETA: 14s - loss: 0.7966 - accuracy: 0.7213
1101/1563 [====================>.........] - ETA: 14s - loss: 0.7967 - accuracy: 0.7213
1103/1563 [====================>.........] - ETA: 14s - loss: 0.7968 - accuracy: 0.7214
1106/1563 [====================>.........] - ETA: 13s - loss: 0.7970 - accuracy: 0.7213
1109/1563 [====================>.........] - ETA: 13s - loss: 0.7969 - accuracy: 0.7213
1111/1563 [====================>.........] - ETA: 13s - loss: 0.7971 - accuracy: 0.7213
1113/1563 [====================>.........] - ETA: 13s - loss: 0.7973 - accuracy: 0.7212
1116/1563 [====================>.........] - ETA: 13s - loss: 0.7973 - accuracy: 0.7212
1118/1563 [====================>.........] - ETA: 13s - loss: 0.7971 - accuracy: 0.7213
1119/1563 [====================>.........] - ETA: 13s - loss: 0.7971 - accuracy: 0.7213
1121/1563 [====================>.........] - ETA: 13s - loss: 0.7967 - accuracy: 0.7215
1124/1563 [====================>.........] - ETA: 13s - loss: 0.7968 - accuracy: 0.7213
1125/1563 [====================>.........] - ETA: 13s - loss: 0.7967 - accuracy: 0.7213
1127/1563 [====================>.........] - ETA: 13s - loss: 0.7969 - accuracy: 0.7213
1129/1563 [====================>.........] - ETA: 13s - loss: 0.7969 - accuracy: 0.7212
1131/1563 [====================>.........] - ETA: 13s - loss: 0.7967 - accuracy: 0.7213
1133/1563 [====================>.........] - ETA: 13s - loss: 0.7968 - accuracy: 0.7212
1135/1563 [====================>.........] - ETA: 13s - loss: 0.7969 - accuracy: 0.7212
1138/1563 [====================>.........] - ETA: 13s - loss: 0.7971 - accuracy: 0.7212
1141/1563 [====================>.........] - ETA: 12s - loss: 0.7973 - accuracy: 0.7213
1143/1563 [====================>.........] - ETA: 12s - loss: 0.7973 - accuracy: 0.7212
1145/1563 [====================>.........] - ETA: 12s - loss: 0.7975 - accuracy: 0.7212
1147/1563 [=====================>........] - ETA: 12s - loss: 0.7977 - accuracy: 0.7211
1149/1563 [=====================>........] - ETA: 12s - loss: 0.7977 - accuracy: 0.7211
1151/1563 [=====================>........] - ETA: 12s - loss: 0.7978 - accuracy: 0.7210
1153/1563 [=====================>........] - ETA: 12s - loss: 0.7976 - accuracy: 0.7210
1156/1563 [=====================>........] - ETA: 12s - loss: 0.7973 - accuracy: 0.7212
1159/1563 [=====================>........] - ETA: 12s - loss: 0.7973 - accuracy: 0.7213
1161/1563 [=====================>........] - ETA: 12s - loss: 0.7975 - accuracy: 0.7211
1163/1563 [=====================>........] - ETA: 12s - loss: 0.7976 - accuracy: 0.7211
1165/1563 [=====================>........] - ETA: 12s - loss: 0.7975 - accuracy: 0.7211
1167/1563 [=====================>........] - ETA: 12s - loss: 0.7975 - accuracy: 0.7212
1170/1563 [=====================>........] - ETA: 12s - loss: 0.7977 - accuracy: 0.7209
1172/1563 [=====================>........] - ETA: 11s - loss: 0.7977 - accuracy: 0.7209
1175/1563 [=====================>........] - ETA: 11s - loss: 0.7978 - accuracy: 0.7210
1177/1563 [=====================>........] - ETA: 11s - loss: 0.7976 - accuracy: 0.7211
1179/1563 [=====================>........] - ETA: 11s - loss: 0.7974 - accuracy: 0.7212
1181/1563 [=====================>........] - ETA: 11s - loss: 0.7971 - accuracy: 0.7213
1183/1563 [=====================>........] - ETA: 11s - loss: 0.7973 - accuracy: 0.7213
1185/1563 [=====================>........] - ETA: 11s - loss: 0.7976 - accuracy: 0.7212
1187/1563 [=====================>........] - ETA: 11s - loss: 0.7977 - accuracy: 0.7213
1189/1563 [=====================>........] - ETA: 11s - loss: 0.7980 - accuracy: 0.7212
1191/1563 [=====================>........] - ETA: 11s - loss: 0.7978 - accuracy: 0.7212
1194/1563 [=====================>........] - ETA: 11s - loss: 0.7975 - accuracy: 0.7214
1196/1563 [=====================>........] - ETA: 11s - loss: 0.7974 - accuracy: 0.7215
1198/1563 [=====================>........] - ETA: 11s - loss: 0.7971 - accuracy: 0.7215
1201/1563 [======================>.......] - ETA: 11s - loss: 0.7969 - accuracy: 0.7216
1203/1563 [======================>.......] - ETA: 11s - loss: 0.7973 - accuracy: 0.7216
1205/1563 [======================>.......] - ETA: 10s - loss: 0.7971 - accuracy: 0.7217
1208/1563 [======================>.......] - ETA: 10s - loss: 0.7970 - accuracy: 0.7217
1210/1563 [======================>.......] - ETA: 10s - loss: 0.7975 - accuracy: 0.7215
1212/1563 [======================>.......] - ETA: 10s - loss: 0.7979 - accuracy: 0.7215
1215/1563 [======================>.......] - ETA: 10s - loss: 0.7984 - accuracy: 0.7213
1217/1563 [======================>.......] - ETA: 10s - loss: 0.7986 - accuracy: 0.7212
1220/1563 [======================>.......] - ETA: 10s - loss: 0.7985 - accuracy: 0.7212
1223/1563 [======================>.......] - ETA: 10s - loss: 0.7986 - accuracy: 0.7212
1225/1563 [======================>.......] - ETA: 10s - loss: 0.7982 - accuracy: 0.7214
1227/1563 [======================>.......] - ETA: 10s - loss: 0.7982 - accuracy: 0.7213
1230/1563 [======================>.......] - ETA: 10s - loss: 0.7984 - accuracy: 0.7212
1233/1563 [======================>.......] - ETA: 10s - loss: 0.7983 - accuracy: 0.7213
1235/1563 [======================>.......] - ETA: 9s - loss: 0.7979 - accuracy: 0.7214 
1238/1563 [======================>.......] - ETA: 9s - loss: 0.7977 - accuracy: 0.7215
1240/1563 [======================>.......] - ETA: 9s - loss: 0.7976 - accuracy: 0.7214
1242/1563 [======================>.......] - ETA: 9s - loss: 0.7974 - accuracy: 0.7215
1244/1563 [======================>.......] - ETA: 9s - loss: 0.7974 - accuracy: 0.7215
1246/1563 [======================>.......] - ETA: 9s - loss: 0.7974 - accuracy: 0.7215
1248/1563 [======================>.......] - ETA: 9s - loss: 0.7976 - accuracy: 0.7214
1250/1563 [======================>.......] - ETA: 9s - loss: 0.7976 - accuracy: 0.7214
1252/1563 [=======================>......] - ETA: 9s - loss: 0.7976 - accuracy: 0.7215
1255/1563 [=======================>......] - ETA: 9s - loss: 0.7977 - accuracy: 0.7215
1257/1563 [=======================>......] - ETA: 9s - loss: 0.7980 - accuracy: 0.7214
1259/1563 [=======================>......] - ETA: 9s - loss: 0.7980 - accuracy: 0.7215
1261/1563 [=======================>......] - ETA: 9s - loss: 0.7978 - accuracy: 0.7216
1263/1563 [=======================>......] - ETA: 9s - loss: 0.7979 - accuracy: 0.7214
1265/1563 [=======================>......] - ETA: 9s - loss: 0.7978 - accuracy: 0.7215
1267/1563 [=======================>......] - ETA: 9s - loss: 0.7980 - accuracy: 0.7216
1269/1563 [=======================>......] - ETA: 8s - loss: 0.7979 - accuracy: 0.7216
1271/1563 [=======================>......] - ETA: 8s - loss: 0.7980 - accuracy: 0.7216
1273/1563 [=======================>......] - ETA: 8s - loss: 0.7984 - accuracy: 0.7216
1276/1563 [=======================>......] - ETA: 8s - loss: 0.7985 - accuracy: 0.7215
1278/1563 [=======================>......] - ETA: 8s - loss: 0.7983 - accuracy: 0.7217
1280/1563 [=======================>......] - ETA: 8s - loss: 0.7984 - accuracy: 0.7217
1283/1563 [=======================>......] - ETA: 8s - loss: 0.7979 - accuracy: 0.7218
1285/1563 [=======================>......] - ETA: 8s - loss: 0.7976 - accuracy: 0.7220
1287/1563 [=======================>......] - ETA: 8s - loss: 0.7976 - accuracy: 0.7220
1289/1563 [=======================>......] - ETA: 8s - loss: 0.7974 - accuracy: 0.7221
1291/1563 [=======================>......] - ETA: 8s - loss: 0.7982 - accuracy: 0.7218
1294/1563 [=======================>......] - ETA: 8s - loss: 0.7986 - accuracy: 0.7216
1296/1563 [=======================>......] - ETA: 8s - loss: 0.7985 - accuracy: 0.7217
1298/1563 [=======================>......] - ETA: 8s - loss: 0.7985 - accuracy: 0.7217
1300/1563 [=======================>......] - ETA: 8s - loss: 0.7985 - accuracy: 0.7217
1302/1563 [=======================>......] - ETA: 7s - loss: 0.7985 - accuracy: 0.7216
1304/1563 [========================>.....] - ETA: 7s - loss: 0.7984 - accuracy: 0.7216
1306/1563 [========================>.....] - ETA: 7s - loss: 0.7983 - accuracy: 0.7216
1309/1563 [========================>.....] - ETA: 7s - loss: 0.7982 - accuracy: 0.7216
1312/1563 [========================>.....] - ETA: 7s - loss: 0.7982 - accuracy: 0.7217
1314/1563 [========================>.....] - ETA: 7s - loss: 0.7985 - accuracy: 0.7214
1316/1563 [========================>.....] - ETA: 7s - loss: 0.7984 - accuracy: 0.7215
1318/1563 [========================>.....] - ETA: 7s - loss: 0.7984 - accuracy: 0.7215
1320/1563 [========================>.....] - ETA: 7s - loss: 0.7983 - accuracy: 0.7215
1322/1563 [========================>.....] - ETA: 7s - loss: 0.7983 - accuracy: 0.7216
1324/1563 [========================>.....] - ETA: 7s - loss: 0.7986 - accuracy: 0.7214
1326/1563 [========================>.....] - ETA: 7s - loss: 0.7986 - accuracy: 0.7214
1328/1563 [========================>.....] - ETA: 7s - loss: 0.7989 - accuracy: 0.7214
1331/1563 [========================>.....] - ETA: 7s - loss: 0.7988 - accuracy: 0.7214
1333/1563 [========================>.....] - ETA: 7s - loss: 0.7988 - accuracy: 0.7214
1335/1563 [========================>.....] - ETA: 6s - loss: 0.7988 - accuracy: 0.7214
1338/1563 [========================>.....] - ETA: 6s - loss: 0.7988 - accuracy: 0.7214
1340/1563 [========================>.....] - ETA: 6s - loss: 0.7987 - accuracy: 0.7214
1342/1563 [========================>.....] - ETA: 6s - loss: 0.7987 - accuracy: 0.7214
1345/1563 [========================>.....] - ETA: 6s - loss: 0.7989 - accuracy: 0.7214
1347/1563 [========================>.....] - ETA: 6s - loss: 0.7986 - accuracy: 0.7214
1349/1563 [========================>.....] - ETA: 6s - loss: 0.7990 - accuracy: 0.7213
1351/1563 [========================>.....] - ETA: 6s - loss: 0.7992 - accuracy: 0.7212
1353/1563 [========================>.....] - ETA: 6s - loss: 0.7991 - accuracy: 0.7213
1356/1563 [=========================>....] - ETA: 6s - loss: 0.7995 - accuracy: 0.7213
1358/1563 [=========================>....] - ETA: 6s - loss: 0.7993 - accuracy: 0.7213
1360/1563 [=========================>....] - ETA: 6s - loss: 0.7993 - accuracy: 0.7213
1362/1563 [=========================>....] - ETA: 6s - loss: 0.7992 - accuracy: 0.7214
1364/1563 [=========================>....] - ETA: 6s - loss: 0.7992 - accuracy: 0.7214
1367/1563 [=========================>....] - ETA: 5s - loss: 0.7996 - accuracy: 0.7214
1369/1563 [=========================>....] - ETA: 5s - loss: 0.7998 - accuracy: 0.7214
1371/1563 [=========================>....] - ETA: 5s - loss: 0.7998 - accuracy: 0.7214
1373/1563 [=========================>....] - ETA: 5s - loss: 0.7997 - accuracy: 0.7214
1375/1563 [=========================>....] - ETA: 5s - loss: 0.7998 - accuracy: 0.7213
1377/1563 [=========================>....] - ETA: 5s - loss: 0.7997 - accuracy: 0.7214
1380/1563 [=========================>....] - ETA: 5s - loss: 0.7995 - accuracy: 0.7215
1382/1563 [=========================>....] - ETA: 5s - loss: 0.8000 - accuracy: 0.7214
1384/1563 [=========================>....] - ETA: 5s - loss: 0.8001 - accuracy: 0.7214
1386/1563 [=========================>....] - ETA: 5s - loss: 0.7998 - accuracy: 0.7215
1388/1563 [=========================>....] - ETA: 5s - loss: 0.7998 - accuracy: 0.7215
1390/1563 [=========================>....] - ETA: 5s - loss: 0.7998 - accuracy: 0.7214
1392/1563 [=========================>....] - ETA: 5s - loss: 0.7999 - accuracy: 0.7214
1395/1563 [=========================>....] - ETA: 5s - loss: 0.8001 - accuracy: 0.7213
1397/1563 [=========================>....] - ETA: 5s - loss: 0.8002 - accuracy: 0.7213
1399/1563 [=========================>....] - ETA: 5s - loss: 0.8003 - accuracy: 0.7212
1401/1563 [=========================>....] - ETA: 4s - loss: 0.8003 - accuracy: 0.7212
1403/1563 [=========================>....] - ETA: 4s - loss: 0.8006 - accuracy: 0.7211
1405/1563 [=========================>....] - ETA: 4s - loss: 0.8005 - accuracy: 0.7211
1407/1563 [==========================>...] - ETA: 4s - loss: 0.8006 - accuracy: 0.7211
1409/1563 [==========================>...] - ETA: 4s - loss: 0.8006 - accuracy: 0.7209
1412/1563 [==========================>...] - ETA: 4s - loss: 0.8003 - accuracy: 0.7210
1414/1563 [==========================>...] - ETA: 4s - loss: 0.8001 - accuracy: 0.7210
1416/1563 [==========================>...] - ETA: 4s - loss: 0.8000 - accuracy: 0.7210
1419/1563 [==========================>...] - ETA: 4s - loss: 0.7995 - accuracy: 0.7212
1421/1563 [==========================>...] - ETA: 4s - loss: 0.7997 - accuracy: 0.7212
1423/1563 [==========================>...] - ETA: 4s - loss: 0.7996 - accuracy: 0.7212
1425/1563 [==========================>...] - ETA: 4s - loss: 0.7995 - accuracy: 0.7212
1427/1563 [==========================>...] - ETA: 4s - loss: 0.7996 - accuracy: 0.7211
1430/1563 [==========================>...] - ETA: 4s - loss: 0.7995 - accuracy: 0.7213
1432/1563 [==========================>...] - ETA: 4s - loss: 0.7993 - accuracy: 0.7212
1434/1563 [==========================>...] - ETA: 3s - loss: 0.7994 - accuracy: 0.7212
1436/1563 [==========================>...] - ETA: 3s - loss: 0.7993 - accuracy: 0.7212
1438/1563 [==========================>...] - ETA: 3s - loss: 0.7990 - accuracy: 0.7213
1440/1563 [==========================>...] - ETA: 3s - loss: 0.7990 - accuracy: 0.7213
1443/1563 [==========================>...] - ETA: 3s - loss: 0.7988 - accuracy: 0.7213
1446/1563 [==========================>...] - ETA: 3s - loss: 0.7987 - accuracy: 0.7214
1448/1563 [==========================>...] - ETA: 3s - loss: 0.7990 - accuracy: 0.7213
1451/1563 [==========================>...] - ETA: 3s - loss: 0.7989 - accuracy: 0.7214
1453/1563 [==========================>...] - ETA: 3s - loss: 0.7992 - accuracy: 0.7212
1456/1563 [==========================>...] - ETA: 3s - loss: 0.7999 - accuracy: 0.7211
1458/1563 [==========================>...] - ETA: 3s - loss: 0.7999 - accuracy: 0.7211
1461/1563 [===========================>..] - ETA: 3s - loss: 0.7997 - accuracy: 0.7212
1464/1563 [===========================>..] - ETA: 3s - loss: 0.7996 - accuracy: 0.7212
1466/1563 [===========================>..] - ETA: 2s - loss: 0.7992 - accuracy: 0.7213
1468/1563 [===========================>..] - ETA: 2s - loss: 0.7992 - accuracy: 0.7214
1470/1563 [===========================>..] - ETA: 2s - loss: 0.7991 - accuracy: 0.7213
1472/1563 [===========================>..] - ETA: 2s - loss: 0.7991 - accuracy: 0.7214
1474/1563 [===========================>..] - ETA: 2s - loss: 0.7988 - accuracy: 0.7214
1477/1563 [===========================>..] - ETA: 2s - loss: 0.7988 - accuracy: 0.7214
1480/1563 [===========================>..] - ETA: 2s - loss: 0.7986 - accuracy: 0.7214
1482/1563 [===========================>..] - ETA: 2s - loss: 0.7991 - accuracy: 0.7212
1484/1563 [===========================>..] - ETA: 2s - loss: 0.7989 - accuracy: 0.7213
1486/1563 [===========================>..] - ETA: 2s - loss: 0.7990 - accuracy: 0.7213
1489/1563 [===========================>..] - ETA: 2s - loss: 0.7992 - accuracy: 0.7212
1491/1563 [===========================>..] - ETA: 2s - loss: 0.7992 - accuracy: 0.7212
1494/1563 [===========================>..] - ETA: 2s - loss: 0.7992 - accuracy: 0.7213
1495/1563 [===========================>..] - ETA: 2s - loss: 0.7990 - accuracy: 0.7214
1497/1563 [===========================>..] - ETA: 2s - loss: 0.7989 - accuracy: 0.7214
1499/1563 [===========================>..] - ETA: 1s - loss: 0.7990 - accuracy: 0.7214
1501/1563 [===========================>..] - ETA: 1s - loss: 0.7988 - accuracy: 0.7214
1503/1563 [===========================>..] - ETA: 1s - loss: 0.7989 - accuracy: 0.7214
1505/1563 [===========================>..] - ETA: 1s - loss: 0.7994 - accuracy: 0.7212
1507/1563 [===========================>..] - ETA: 1s - loss: 0.7994 - accuracy: 0.7212
1508/1563 [===========================>..] - ETA: 1s - loss: 0.7995 - accuracy: 0.7212
1511/1563 [============================>.] - ETA: 1s - loss: 0.7995 - accuracy: 0.7212
1514/1563 [============================>.] - ETA: 1s - loss: 0.8000 - accuracy: 0.7211
1516/1563 [============================>.] - ETA: 1s - loss: 0.7998 - accuracy: 0.7211
1519/1563 [============================>.] - ETA: 1s - loss: 0.7997 - accuracy: 0.7211
1522/1563 [============================>.] - ETA: 1s - loss: 0.7995 - accuracy: 0.7210
1524/1563 [============================>.] - ETA: 1s - loss: 0.7996 - accuracy: 0.7210
1526/1563 [============================>.] - ETA: 1s - loss: 0.7993 - accuracy: 0.7211
1528/1563 [============================>.] - ETA: 1s - loss: 0.7992 - accuracy: 0.7212
1530/1563 [============================>.] - ETA: 1s - loss: 0.7995 - accuracy: 0.7212
1532/1563 [============================>.] - ETA: 0s - loss: 0.7996 - accuracy: 0.7212
1534/1563 [============================>.] - ETA: 0s - loss: 0.7993 - accuracy: 0.7213
1536/1563 [============================>.] - ETA: 0s - loss: 0.7993 - accuracy: 0.7214
1539/1563 [============================>.] - ETA: 0s - loss: 0.7992 - accuracy: 0.7213
1541/1563 [============================>.] - ETA: 0s - loss: 0.7995 - accuracy: 0.7212
1543/1563 [============================>.] - ETA: 0s - loss: 0.7997 - accuracy: 0.7212
1546/1563 [============================>.] - ETA: 0s - loss: 0.7998 - accuracy: 0.7212
1548/1563 [============================>.] - ETA: 0s - loss: 0.7994 - accuracy: 0.7213
1550/1563 [============================>.] - ETA: 0s - loss: 0.7991 - accuracy: 0.7215
1552/1563 [============================>.] - ETA: 0s - loss: 0.7991 - accuracy: 0.7214
1554/1563 [============================>.] - ETA: 0s - loss: 0.7992 - accuracy: 0.7214
1556/1563 [============================>.] - ETA: 0s - loss: 0.7991 - accuracy: 0.7214
1558/1563 [============================>.] - ETA: 0s - loss: 0.7990 - accuracy: 0.7214
1560/1563 [============================>.] - ETA: 0s - loss: 0.7989 - accuracy: 0.7215
1563/1563 [==============================] - ETA: 0s - loss: 0.7990 - accuracy: 0.7215
1563/1563 [==============================] - 52s 34ms/step - loss: 0.7990 - accuracy: 0.7215 - val_loss: 0.8435 - val_accuracy: 0.7064
Epoch 4/100

   1/1563 [..............................] - ETA: 48s - loss: 0.7645 - accuracy: 0.6875
   3/1563 [..............................] - ETA: 53s - loss: 0.7082 - accuracy: 0.7500
   5/1563 [..............................] - ETA: 52s - loss: 0.7306 - accuracy: 0.7375
   7/1563 [..............................] - ETA: 55s - loss: 0.7191 - accuracy: 0.7411
   9/1563 [..............................] - ETA: 56s - loss: 0.7049 - accuracy: 0.7465
  12/1563 [..............................] - ETA: 52s - loss: 0.7474 - accuracy: 0.7318
  14/1563 [..............................] - ETA: 52s - loss: 0.7369 - accuracy: 0.7344
  17/1563 [..............................] - ETA: 51s - loss: 0.7110 - accuracy: 0.7445
  19/1563 [..............................] - ETA: 50s - loss: 0.7187 - accuracy: 0.7484
  21/1563 [..............................] - ETA: 50s - loss: 0.7150 - accuracy: 0.7500
  24/1563 [..............................] - ETA: 47s - loss: 0.7198 - accuracy: 0.7422
  26/1563 [..............................] - ETA: 47s - loss: 0.7023 - accuracy: 0.7464
  28/1563 [..............................] - ETA: 47s - loss: 0.7067 - accuracy: 0.7478
  30/1563 [..............................] - ETA: 48s - loss: 0.7173 - accuracy: 0.7437
  32/1563 [..............................] - ETA: 48s - loss: 0.7040 - accuracy: 0.7500
  34/1563 [..............................] - ETA: 48s - loss: 0.6944 - accuracy: 0.7528
  36/1563 [..............................] - ETA: 48s - loss: 0.6870 - accuracy: 0.7569
  39/1563 [..............................] - ETA: 47s - loss: 0.6810 - accuracy: 0.7556
  41/1563 [..............................] - ETA: 47s - loss: 0.6850 - accuracy: 0.7530
  43/1563 [..............................] - ETA: 47s - loss: 0.6832 - accuracy: 0.7544
  46/1563 [..............................] - ETA: 46s - loss: 0.6779 - accuracy: 0.7554
  49/1563 [..............................] - ETA: 45s - loss: 0.6814 - accuracy: 0.7557
  51/1563 [..............................] - ETA: 46s - loss: 0.6754 - accuracy: 0.7574
  53/1563 [>.............................] - ETA: 46s - loss: 0.6804 - accuracy: 0.7565
  54/1563 [>.............................] - ETA: 46s - loss: 0.6793 - accuracy: 0.7587
  57/1563 [>.............................] - ETA: 45s - loss: 0.6742 - accuracy: 0.7588
  59/1563 [>.............................] - ETA: 45s - loss: 0.6764 - accuracy: 0.7569
  61/1563 [>.............................] - ETA: 45s - loss: 0.6791 - accuracy: 0.7541
  63/1563 [>.............................] - ETA: 45s - loss: 0.6744 - accuracy: 0.7560
  65/1563 [>.............................] - ETA: 46s - loss: 0.6725 - accuracy: 0.7567
  67/1563 [>.............................] - ETA: 46s - loss: 0.6719 - accuracy: 0.7565
  69/1563 [>.............................] - ETA: 45s - loss: 0.6662 - accuracy: 0.7591
  71/1563 [>.............................] - ETA: 46s - loss: 0.6683 - accuracy: 0.7597
  74/1563 [>.............................] - ETA: 45s - loss: 0.6718 - accuracy: 0.7593
  77/1563 [>.............................] - ETA: 44s - loss: 0.6745 - accuracy: 0.7618
  79/1563 [>.............................] - ETA: 45s - loss: 0.6738 - accuracy: 0.7615
  81/1563 [>.............................] - ETA: 45s - loss: 0.6712 - accuracy: 0.7608
  83/1563 [>.............................] - ETA: 44s - loss: 0.6675 - accuracy: 0.7624
  85/1563 [>.............................] - ETA: 45s - loss: 0.6684 - accuracy: 0.7629
  88/1563 [>.............................] - ETA: 44s - loss: 0.6755 - accuracy: 0.7589
  90/1563 [>.............................] - ETA: 44s - loss: 0.6747 - accuracy: 0.7604
  93/1563 [>.............................] - ETA: 43s - loss: 0.6745 - accuracy: 0.7611
  96/1563 [>.............................] - ETA: 43s - loss: 0.6680 - accuracy: 0.7630
  99/1563 [>.............................] - ETA: 43s - loss: 0.6652 - accuracy: 0.7655
 101/1563 [>.............................] - ETA: 43s - loss: 0.6693 - accuracy: 0.7645
 104/1563 [>.............................] - ETA: 42s - loss: 0.6664 - accuracy: 0.7656
 106/1563 [=>............................] - ETA: 42s - loss: 0.6691 - accuracy: 0.7650
 108/1563 [=>............................] - ETA: 42s - loss: 0.6712 - accuracy: 0.7645
 110/1563 [=>............................] - ETA: 42s - loss: 0.6693 - accuracy: 0.7656
 112/1563 [=>............................] - ETA: 42s - loss: 0.6709 - accuracy: 0.7645
 114/1563 [=>............................] - ETA: 42s - loss: 0.6760 - accuracy: 0.7621
 117/1563 [=>............................] - ETA: 42s - loss: 0.6764 - accuracy: 0.7618
 119/1563 [=>............................] - ETA: 42s - loss: 0.6758 - accuracy: 0.7616
 121/1563 [=>............................] - ETA: 42s - loss: 0.6806 - accuracy: 0.7601
 123/1563 [=>............................] - ETA: 42s - loss: 0.6822 - accuracy: 0.7597
 125/1563 [=>............................] - ETA: 42s - loss: 0.6834 - accuracy: 0.7595
 127/1563 [=>............................] - ETA: 42s - loss: 0.6851 - accuracy: 0.7584
 130/1563 [=>............................] - ETA: 41s - loss: 0.6828 - accuracy: 0.7591
 132/1563 [=>............................] - ETA: 42s - loss: 0.6826 - accuracy: 0.7597
 134/1563 [=>............................] - ETA: 42s - loss: 0.6827 - accuracy: 0.7596
 137/1563 [=>............................] - ETA: 41s - loss: 0.6847 - accuracy: 0.7596
 140/1563 [=>............................] - ETA: 41s - loss: 0.6830 - accuracy: 0.7598
 142/1563 [=>............................] - ETA: 41s - loss: 0.6821 - accuracy: 0.7606
 144/1563 [=>............................] - ETA: 41s - loss: 0.6827 - accuracy: 0.7602
 146/1563 [=>............................] - ETA: 41s - loss: 0.6840 - accuracy: 0.7588
 149/1563 [=>............................] - ETA: 41s - loss: 0.6830 - accuracy: 0.7578
 152/1563 [=>............................] - ETA: 41s - loss: 0.6831 - accuracy: 0.7584
 154/1563 [=>............................] - ETA: 41s - loss: 0.6814 - accuracy: 0.7593
 157/1563 [==>...........................] - ETA: 41s - loss: 0.6833 - accuracy: 0.7590
 159/1563 [==>...........................] - ETA: 41s - loss: 0.6824 - accuracy: 0.7592
 161/1563 [==>...........................] - ETA: 41s - loss: 0.6813 - accuracy: 0.7595
 163/1563 [==>...........................] - ETA: 41s - loss: 0.6816 - accuracy: 0.7596
 165/1563 [==>...........................] - ETA: 41s - loss: 0.6843 - accuracy: 0.7587
 167/1563 [==>...........................] - ETA: 40s - loss: 0.6819 - accuracy: 0.7599
 169/1563 [==>...........................] - ETA: 41s - loss: 0.6812 - accuracy: 0.7604
 172/1563 [==>...........................] - ETA: 40s - loss: 0.6831 - accuracy: 0.7600
 174/1563 [==>...........................] - ETA: 41s - loss: 0.6840 - accuracy: 0.7604
 176/1563 [==>...........................] - ETA: 41s - loss: 0.6832 - accuracy: 0.7610
 179/1563 [==>...........................] - ETA: 41s - loss: 0.6830 - accuracy: 0.7619
 182/1563 [==>...........................] - ETA: 40s - loss: 0.6818 - accuracy: 0.7618
 184/1563 [==>...........................] - ETA: 40s - loss: 0.6856 - accuracy: 0.7610
 186/1563 [==>...........................] - ETA: 40s - loss: 0.6843 - accuracy: 0.7611
 189/1563 [==>...........................] - ETA: 40s - loss: 0.6838 - accuracy: 0.7616
 191/1563 [==>...........................] - ETA: 40s - loss: 0.6828 - accuracy: 0.7619
 194/1563 [==>...........................] - ETA: 40s - loss: 0.6823 - accuracy: 0.7621
 197/1563 [==>...........................] - ETA: 39s - loss: 0.6836 - accuracy: 0.7616
 199/1563 [==>...........................] - ETA: 39s - loss: 0.6830 - accuracy: 0.7619
 201/1563 [==>...........................] - ETA: 40s - loss: 0.6843 - accuracy: 0.7607
 204/1563 [==>...........................] - ETA: 39s - loss: 0.6822 - accuracy: 0.7612
 207/1563 [==>...........................] - ETA: 39s - loss: 0.6829 - accuracy: 0.7609
 208/1563 [==>...........................] - ETA: 39s - loss: 0.6822 - accuracy: 0.7613
 210/1563 [===>..........................] - ETA: 39s - loss: 0.6831 - accuracy: 0.7604
 212/1563 [===>..........................] - ETA: 39s - loss: 0.6836 - accuracy: 0.7606
 214/1563 [===>..........................] - ETA: 39s - loss: 0.6828 - accuracy: 0.7608
 217/1563 [===>..........................] - ETA: 39s - loss: 0.6834 - accuracy: 0.7608
 219/1563 [===>..........................] - ETA: 39s - loss: 0.6823 - accuracy: 0.7611
 221/1563 [===>..........................] - ETA: 39s - loss: 0.6808 - accuracy: 0.7619
 223/1563 [===>..........................] - ETA: 39s - loss: 0.6813 - accuracy: 0.7618
 226/1563 [===>..........................] - ETA: 39s - loss: 0.6800 - accuracy: 0.7623
 228/1563 [===>..........................] - ETA: 39s - loss: 0.6787 - accuracy: 0.7629
 231/1563 [===>..........................] - ETA: 39s - loss: 0.6791 - accuracy: 0.7626
 234/1563 [===>..........................] - ETA: 38s - loss: 0.6783 - accuracy: 0.7628
 236/1563 [===>..........................] - ETA: 38s - loss: 0.6775 - accuracy: 0.7635
 238/1563 [===>..........................] - ETA: 38s - loss: 0.6779 - accuracy: 0.7635
 241/1563 [===>..........................] - ETA: 38s - loss: 0.6778 - accuracy: 0.7635
 244/1563 [===>..........................] - ETA: 38s - loss: 0.6764 - accuracy: 0.7638
 246/1563 [===>..........................] - ETA: 38s - loss: 0.6765 - accuracy: 0.7637
 248/1563 [===>..........................] - ETA: 38s - loss: 0.6765 - accuracy: 0.7640
 250/1563 [===>..........................] - ETA: 38s - loss: 0.6752 - accuracy: 0.7646
 253/1563 [===>..........................] - ETA: 38s - loss: 0.6750 - accuracy: 0.7642
 255/1563 [===>..........................] - ETA: 38s - loss: 0.6742 - accuracy: 0.7642
 258/1563 [===>..........................] - ETA: 38s - loss: 0.6762 - accuracy: 0.7638
 261/1563 [====>.........................] - ETA: 38s - loss: 0.6773 - accuracy: 0.7634
 263/1563 [====>.........................] - ETA: 38s - loss: 0.6776 - accuracy: 0.7634
 265/1563 [====>.........................] - ETA: 38s - loss: 0.6773 - accuracy: 0.7636
 267/1563 [====>.........................] - ETA: 37s - loss: 0.6783 - accuracy: 0.7628
 269/1563 [====>.........................] - ETA: 37s - loss: 0.6784 - accuracy: 0.7624
 271/1563 [====>.........................] - ETA: 37s - loss: 0.6781 - accuracy: 0.7627
 273/1563 [====>.........................] - ETA: 37s - loss: 0.6785 - accuracy: 0.7626
 276/1563 [====>.........................] - ETA: 37s - loss: 0.6788 - accuracy: 0.7628
 278/1563 [====>.........................] - ETA: 37s - loss: 0.6794 - accuracy: 0.7623
 280/1563 [====>.........................] - ETA: 37s - loss: 0.6814 - accuracy: 0.7614
 283/1563 [====>.........................] - ETA: 37s - loss: 0.6817 - accuracy: 0.7615
 285/1563 [====>.........................] - ETA: 37s - loss: 0.6823 - accuracy: 0.7613
 287/1563 [====>.........................] - ETA: 37s - loss: 0.6835 - accuracy: 0.7610
 289/1563 [====>.........................] - ETA: 37s - loss: 0.6844 - accuracy: 0.7608
 291/1563 [====>.........................] - ETA: 37s - loss: 0.6840 - accuracy: 0.7610
 292/1563 [====>.........................] - ETA: 37s - loss: 0.6842 - accuracy: 0.7609
 294/1563 [====>.........................] - ETA: 37s - loss: 0.6862 - accuracy: 0.7604
 296/1563 [====>.........................] - ETA: 37s - loss: 0.6878 - accuracy: 0.7597
 299/1563 [====>.........................] - ETA: 37s - loss: 0.6870 - accuracy: 0.7598
 302/1563 [====>.........................] - ETA: 37s - loss: 0.6896 - accuracy: 0.7594
 304/1563 [====>.........................] - ETA: 36s - loss: 0.6890 - accuracy: 0.7597
 306/1563 [====>.........................] - ETA: 37s - loss: 0.6890 - accuracy: 0.7596
 308/1563 [====>.........................] - ETA: 37s - loss: 0.6894 - accuracy: 0.7595
 311/1563 [====>.........................] - ETA: 36s - loss: 0.6901 - accuracy: 0.7592
 313/1563 [=====>........................] - ETA: 36s - loss: 0.6891 - accuracy: 0.7595
 315/1563 [=====>........................] - ETA: 36s - loss: 0.6905 - accuracy: 0.7593
 317/1563 [=====>........................] - ETA: 36s - loss: 0.6906 - accuracy: 0.7593
 319/1563 [=====>........................] - ETA: 36s - loss: 0.6911 - accuracy: 0.7589
 321/1563 [=====>........................] - ETA: 36s - loss: 0.6904 - accuracy: 0.7592
 323/1563 [=====>........................] - ETA: 36s - loss: 0.6901 - accuracy: 0.7591
 326/1563 [=====>........................] - ETA: 36s - loss: 0.6900 - accuracy: 0.7594
 328/1563 [=====>........................] - ETA: 36s - loss: 0.6902 - accuracy: 0.7596
 331/1563 [=====>........................] - ETA: 36s - loss: 0.6912 - accuracy: 0.7588
 333/1563 [=====>........................] - ETA: 36s - loss: 0.6913 - accuracy: 0.7590
 335/1563 [=====>........................] - ETA: 36s - loss: 0.6911 - accuracy: 0.7591
 337/1563 [=====>........................] - ETA: 36s - loss: 0.6928 - accuracy: 0.7586
 340/1563 [=====>........................] - ETA: 36s - loss: 0.6908 - accuracy: 0.7594
 342/1563 [=====>........................] - ETA: 35s - loss: 0.6908 - accuracy: 0.7595
 344/1563 [=====>........................] - ETA: 35s - loss: 0.6902 - accuracy: 0.7596
 347/1563 [=====>........................] - ETA: 35s - loss: 0.6900 - accuracy: 0.7598
 350/1563 [=====>........................] - ETA: 35s - loss: 0.6905 - accuracy: 0.7595
 353/1563 [=====>........................] - ETA: 35s - loss: 0.6920 - accuracy: 0.7593
 356/1563 [=====>........................] - ETA: 35s - loss: 0.6934 - accuracy: 0.7590
 358/1563 [=====>........................] - ETA: 35s - loss: 0.6919 - accuracy: 0.7596
 361/1563 [=====>........................] - ETA: 35s - loss: 0.6913 - accuracy: 0.7600
 363/1563 [=====>........................] - ETA: 35s - loss: 0.6909 - accuracy: 0.7600
 365/1563 [======>.......................] - ETA: 35s - loss: 0.6907 - accuracy: 0.7598
 368/1563 [======>.......................] - ETA: 35s - loss: 0.6911 - accuracy: 0.7593
 370/1563 [======>.......................] - ETA: 35s - loss: 0.6909 - accuracy: 0.7596
 372/1563 [======>.......................] - ETA: 34s - loss: 0.6922 - accuracy: 0.7591
 374/1563 [======>.......................] - ETA: 34s - loss: 0.6926 - accuracy: 0.7591
 376/1563 [======>.......................] - ETA: 34s - loss: 0.6925 - accuracy: 0.7590
 378/1563 [======>.......................] - ETA: 34s - loss: 0.6919 - accuracy: 0.7593
 380/1563 [======>.......................] - ETA: 34s - loss: 0.6917 - accuracy: 0.7598
 383/1563 [======>.......................] - ETA: 34s - loss: 0.6907 - accuracy: 0.7602
 385/1563 [======>.......................] - ETA: 34s - loss: 0.6908 - accuracy: 0.7602
 387/1563 [======>.......................] - ETA: 34s - loss: 0.6894 - accuracy: 0.7607
 390/1563 [======>.......................] - ETA: 34s - loss: 0.6899 - accuracy: 0.7603
 391/1563 [======>.......................] - ETA: 34s - loss: 0.6896 - accuracy: 0.7603
 394/1563 [======>.......................] - ETA: 34s - loss: 0.6886 - accuracy: 0.7609
 396/1563 [======>.......................] - ETA: 34s - loss: 0.6879 - accuracy: 0.7610
 398/1563 [======>.......................] - ETA: 34s - loss: 0.6883 - accuracy: 0.7609
 400/1563 [======>.......................] - ETA: 34s - loss: 0.6871 - accuracy: 0.7613
 403/1563 [======>.......................] - ETA: 34s - loss: 0.6876 - accuracy: 0.7613
 405/1563 [======>.......................] - ETA: 34s - loss: 0.6871 - accuracy: 0.7613
 408/1563 [======>.......................] - ETA: 33s - loss: 0.6872 - accuracy: 0.7613
 410/1563 [======>.......................] - ETA: 33s - loss: 0.6870 - accuracy: 0.7614
 413/1563 [======>.......................] - ETA: 33s - loss: 0.6872 - accuracy: 0.7612
 415/1563 [======>.......................] - ETA: 33s - loss: 0.6869 - accuracy: 0.7613
 417/1563 [=======>......................] - ETA: 33s - loss: 0.6866 - accuracy: 0.7615
 419/1563 [=======>......................] - ETA: 33s - loss: 0.6853 - accuracy: 0.7620
 421/1563 [=======>......................] - ETA: 33s - loss: 0.6851 - accuracy: 0.7620
 423/1563 [=======>......................] - ETA: 33s - loss: 0.6857 - accuracy: 0.7615
 425/1563 [=======>......................] - ETA: 33s - loss: 0.6855 - accuracy: 0.7615
 427/1563 [=======>......................] - ETA: 33s - loss: 0.6849 - accuracy: 0.7619
 430/1563 [=======>......................] - ETA: 33s - loss: 0.6840 - accuracy: 0.7621
 432/1563 [=======>......................] - ETA: 33s - loss: 0.6840 - accuracy: 0.7620
 435/1563 [=======>......................] - ETA: 33s - loss: 0.6833 - accuracy: 0.7622
 437/1563 [=======>......................] - ETA: 33s - loss: 0.6833 - accuracy: 0.7619
 440/1563 [=======>......................] - ETA: 32s - loss: 0.6837 - accuracy: 0.7615
 443/1563 [=======>......................] - ETA: 32s - loss: 0.6840 - accuracy: 0.7613
 445/1563 [=======>......................] - ETA: 32s - loss: 0.6832 - accuracy: 0.7616
 447/1563 [=======>......................] - ETA: 32s - loss: 0.6833 - accuracy: 0.7616
 450/1563 [=======>......................] - ETA: 32s - loss: 0.6822 - accuracy: 0.7621
 452/1563 [=======>......................] - ETA: 32s - loss: 0.6833 - accuracy: 0.7615
 454/1563 [=======>......................] - ETA: 32s - loss: 0.6834 - accuracy: 0.7616
 456/1563 [=======>......................] - ETA: 32s - loss: 0.6827 - accuracy: 0.7618
 458/1563 [=======>......................] - ETA: 32s - loss: 0.6823 - accuracy: 0.7619
 460/1563 [=======>......................] - ETA: 32s - loss: 0.6826 - accuracy: 0.7618
 462/1563 [=======>......................] - ETA: 32s - loss: 0.6828 - accuracy: 0.7619
 463/1563 [=======>......................] - ETA: 32s - loss: 0.6825 - accuracy: 0.7619
 466/1563 [=======>......................] - ETA: 32s - loss: 0.6831 - accuracy: 0.7618
 469/1563 [========>.....................] - ETA: 32s - loss: 0.6823 - accuracy: 0.7621
 472/1563 [========>.....................] - ETA: 32s - loss: 0.6822 - accuracy: 0.7624
 474/1563 [========>.....................] - ETA: 32s - loss: 0.6823 - accuracy: 0.7622
 476/1563 [========>.....................] - ETA: 32s - loss: 0.6818 - accuracy: 0.7624
 479/1563 [========>.....................] - ETA: 31s - loss: 0.6808 - accuracy: 0.7629
 481/1563 [========>.....................] - ETA: 31s - loss: 0.6809 - accuracy: 0.7625
 483/1563 [========>.....................] - ETA: 31s - loss: 0.6811 - accuracy: 0.7624
 485/1563 [========>.....................] - ETA: 31s - loss: 0.6806 - accuracy: 0.7626
 486/1563 [========>.....................] - ETA: 31s - loss: 0.6805 - accuracy: 0.7626
 489/1563 [========>.....................] - ETA: 31s - loss: 0.6807 - accuracy: 0.7622
 492/1563 [========>.....................] - ETA: 31s - loss: 0.6797 - accuracy: 0.7626
 495/1563 [========>.....................] - ETA: 31s - loss: 0.6789 - accuracy: 0.7629
 498/1563 [========>.....................] - ETA: 31s - loss: 0.6787 - accuracy: 0.7629
 500/1563 [========>.....................] - ETA: 31s - loss: 0.6783 - accuracy: 0.7629
 502/1563 [========>.....................] - ETA: 31s - loss: 0.6781 - accuracy: 0.7629
 504/1563 [========>.....................] - ETA: 31s - loss: 0.6779 - accuracy: 0.7630
 507/1563 [========>.....................] - ETA: 31s - loss: 0.6768 - accuracy: 0.7633
 510/1563 [========>.....................] - ETA: 30s - loss: 0.6770 - accuracy: 0.7631
 512/1563 [========>.....................] - ETA: 30s - loss: 0.6786 - accuracy: 0.7626
 515/1563 [========>.....................] - ETA: 30s - loss: 0.6779 - accuracy: 0.7629
 517/1563 [========>.....................] - ETA: 30s - loss: 0.6789 - accuracy: 0.7629
 519/1563 [========>.....................] - ETA: 30s - loss: 0.6787 - accuracy: 0.7629
 522/1563 [=========>....................] - ETA: 30s - loss: 0.6794 - accuracy: 0.7629
 524/1563 [=========>....................] - ETA: 30s - loss: 0.6787 - accuracy: 0.7632
 527/1563 [=========>....................] - ETA: 30s - loss: 0.6795 - accuracy: 0.7626
 529/1563 [=========>....................] - ETA: 30s - loss: 0.6790 - accuracy: 0.7628
 531/1563 [=========>....................] - ETA: 30s - loss: 0.6796 - accuracy: 0.7627
 534/1563 [=========>....................] - ETA: 30s - loss: 0.6795 - accuracy: 0.7626
 537/1563 [=========>....................] - ETA: 30s - loss: 0.6794 - accuracy: 0.7627
 539/1563 [=========>....................] - ETA: 29s - loss: 0.6788 - accuracy: 0.7629
 541/1563 [=========>....................] - ETA: 29s - loss: 0.6787 - accuracy: 0.7630
 543/1563 [=========>....................] - ETA: 29s - loss: 0.6780 - accuracy: 0.7633
 546/1563 [=========>....................] - ETA: 29s - loss: 0.6780 - accuracy: 0.7635
 549/1563 [=========>....................] - ETA: 29s - loss: 0.6780 - accuracy: 0.7634
 551/1563 [=========>....................] - ETA: 29s - loss: 0.6778 - accuracy: 0.7635
 554/1563 [=========>....................] - ETA: 29s - loss: 0.6782 - accuracy: 0.7637
 556/1563 [=========>....................] - ETA: 29s - loss: 0.6779 - accuracy: 0.7636
 558/1563 [=========>....................] - ETA: 29s - loss: 0.6789 - accuracy: 0.7632
 560/1563 [=========>....................] - ETA: 29s - loss: 0.6790 - accuracy: 0.7629
 562/1563 [=========>....................] - ETA: 29s - loss: 0.6793 - accuracy: 0.7628
 564/1563 [=========>....................] - ETA: 29s - loss: 0.6791 - accuracy: 0.7630
 567/1563 [=========>....................] - ETA: 29s - loss: 0.6799 - accuracy: 0.7627
 569/1563 [=========>....................] - ETA: 29s - loss: 0.6802 - accuracy: 0.7626
 571/1563 [=========>....................] - ETA: 29s - loss: 0.6802 - accuracy: 0.7626
 573/1563 [=========>....................] - ETA: 29s - loss: 0.6806 - accuracy: 0.7623
 575/1563 [==========>...................] - ETA: 29s - loss: 0.6806 - accuracy: 0.7623
 577/1563 [==========>...................] - ETA: 28s - loss: 0.6806 - accuracy: 0.7625
 579/1563 [==========>...................] - ETA: 28s - loss: 0.6814 - accuracy: 0.7620
 582/1563 [==========>...................] - ETA: 28s - loss: 0.6810 - accuracy: 0.7621
 584/1563 [==========>...................] - ETA: 28s - loss: 0.6807 - accuracy: 0.7623
 587/1563 [==========>...................] - ETA: 28s - loss: 0.6804 - accuracy: 0.7621
 589/1563 [==========>...................] - ETA: 28s - loss: 0.6803 - accuracy: 0.7621
 591/1563 [==========>...................] - ETA: 28s - loss: 0.6799 - accuracy: 0.7622
 594/1563 [==========>...................] - ETA: 28s - loss: 0.6809 - accuracy: 0.7619
 597/1563 [==========>...................] - ETA: 28s - loss: 0.6808 - accuracy: 0.7621
 599/1563 [==========>...................] - ETA: 28s - loss: 0.6803 - accuracy: 0.7622
 601/1563 [==========>...................] - ETA: 28s - loss: 0.6810 - accuracy: 0.7620
 603/1563 [==========>...................] - ETA: 28s - loss: 0.6805 - accuracy: 0.7621
 605/1563 [==========>...................] - ETA: 28s - loss: 0.6815 - accuracy: 0.7618
 607/1563 [==========>...................] - ETA: 28s - loss: 0.6810 - accuracy: 0.7621
 609/1563 [==========>...................] - ETA: 28s - loss: 0.6807 - accuracy: 0.7622
 611/1563 [==========>...................] - ETA: 27s - loss: 0.6811 - accuracy: 0.7620
 613/1563 [==========>...................] - ETA: 27s - loss: 0.6807 - accuracy: 0.7621
 615/1563 [==========>...................] - ETA: 27s - loss: 0.6805 - accuracy: 0.7620
 617/1563 [==========>...................] - ETA: 27s - loss: 0.6804 - accuracy: 0.7620
 619/1563 [==========>...................] - ETA: 27s - loss: 0.6802 - accuracy: 0.7619
 621/1563 [==========>...................] - ETA: 27s - loss: 0.6793 - accuracy: 0.7623
 623/1563 [==========>...................] - ETA: 27s - loss: 0.6797 - accuracy: 0.7622
 626/1563 [===========>..................] - ETA: 27s - loss: 0.6798 - accuracy: 0.7622
 628/1563 [===========>..................] - ETA: 27s - loss: 0.6798 - accuracy: 0.7622
 630/1563 [===========>..................] - ETA: 27s - loss: 0.6802 - accuracy: 0.7622
 633/1563 [===========>..................] - ETA: 27s - loss: 0.6802 - accuracy: 0.7622
 636/1563 [===========>..................] - ETA: 27s - loss: 0.6804 - accuracy: 0.7621
 638/1563 [===========>..................] - ETA: 27s - loss: 0.6807 - accuracy: 0.7618
 640/1563 [===========>..................] - ETA: 27s - loss: 0.6808 - accuracy: 0.7619
 642/1563 [===========>..................] - ETA: 27s - loss: 0.6804 - accuracy: 0.7622
 644/1563 [===========>..................] - ETA: 27s - loss: 0.6802 - accuracy: 0.7623
 646/1563 [===========>..................] - ETA: 26s - loss: 0.6806 - accuracy: 0.7622
 648/1563 [===========>..................] - ETA: 26s - loss: 0.6804 - accuracy: 0.7624
 650/1563 [===========>..................] - ETA: 26s - loss: 0.6806 - accuracy: 0.7624
 652/1563 [===========>..................] - ETA: 26s - loss: 0.6806 - accuracy: 0.7624
 654/1563 [===========>..................] - ETA: 26s - loss: 0.6812 - accuracy: 0.7621
 656/1563 [===========>..................] - ETA: 26s - loss: 0.6819 - accuracy: 0.7620
 659/1563 [===========>..................] - ETA: 26s - loss: 0.6823 - accuracy: 0.7620
 661/1563 [===========>..................] - ETA: 26s - loss: 0.6826 - accuracy: 0.7619
 663/1563 [===========>..................] - ETA: 26s - loss: 0.6828 - accuracy: 0.7619
 665/1563 [===========>..................] - ETA: 26s - loss: 0.6830 - accuracy: 0.7618
 667/1563 [===========>..................] - ETA: 26s - loss: 0.6835 - accuracy: 0.7616
 669/1563 [===========>..................] - ETA: 26s - loss: 0.6841 - accuracy: 0.7613
 671/1563 [===========>..................] - ETA: 26s - loss: 0.6839 - accuracy: 0.7614
 673/1563 [===========>..................] - ETA: 26s - loss: 0.6841 - accuracy: 0.7613
 675/1563 [===========>..................] - ETA: 26s - loss: 0.6837 - accuracy: 0.7615
 677/1563 [===========>..................] - ETA: 26s - loss: 0.6835 - accuracy: 0.7616
 679/1563 [============>.................] - ETA: 26s - loss: 0.6836 - accuracy: 0.7617
 681/1563 [============>.................] - ETA: 26s - loss: 0.6835 - accuracy: 0.7616
 683/1563 [============>.................] - ETA: 25s - loss: 0.6833 - accuracy: 0.7616
 686/1563 [============>.................] - ETA: 25s - loss: 0.6839 - accuracy: 0.7616
 689/1563 [============>.................] - ETA: 25s - loss: 0.6837 - accuracy: 0.7617
 691/1563 [============>.................] - ETA: 25s - loss: 0.6839 - accuracy: 0.7614
 693/1563 [============>.................] - ETA: 25s - loss: 0.6845 - accuracy: 0.7609
 695/1563 [============>.................] - ETA: 25s - loss: 0.6846 - accuracy: 0.7611
 697/1563 [============>.................] - ETA: 25s - loss: 0.6844 - accuracy: 0.7612
 698/1563 [============>.................] - ETA: 25s - loss: 0.6847 - accuracy: 0.7611
 701/1563 [============>.................] - ETA: 25s - loss: 0.6851 - accuracy: 0.7608
 703/1563 [============>.................] - ETA: 25s - loss: 0.6851 - accuracy: 0.7608
 705/1563 [============>.................] - ETA: 25s - loss: 0.6851 - accuracy: 0.7609
 707/1563 [============>.................] - ETA: 25s - loss: 0.6855 - accuracy: 0.7607
 709/1563 [============>.................] - ETA: 25s - loss: 0.6852 - accuracy: 0.7608
 712/1563 [============>.................] - ETA: 25s - loss: 0.6854 - accuracy: 0.7608
 715/1563 [============>.................] - ETA: 24s - loss: 0.6851 - accuracy: 0.7608
 717/1563 [============>.................] - ETA: 24s - loss: 0.6846 - accuracy: 0.7610
 719/1563 [============>.................] - ETA: 24s - loss: 0.6847 - accuracy: 0.7610
 721/1563 [============>.................] - ETA: 24s - loss: 0.6849 - accuracy: 0.7607
 723/1563 [============>.................] - ETA: 24s - loss: 0.6850 - accuracy: 0.7607
 726/1563 [============>.................] - ETA: 24s - loss: 0.6849 - accuracy: 0.7610
 728/1563 [============>.................] - ETA: 24s - loss: 0.6852 - accuracy: 0.7609
 731/1563 [=============>................] - ETA: 24s - loss: 0.6844 - accuracy: 0.7613
 733/1563 [=============>................] - ETA: 24s - loss: 0.6842 - accuracy: 0.7614
 735/1563 [=============>................] - ETA: 24s - loss: 0.6843 - accuracy: 0.7613
 737/1563 [=============>................] - ETA: 24s - loss: 0.6839 - accuracy: 0.7616
 739/1563 [=============>................] - ETA: 24s - loss: 0.6840 - accuracy: 0.7615
 742/1563 [=============>................] - ETA: 24s - loss: 0.6840 - accuracy: 0.7615
 745/1563 [=============>................] - ETA: 24s - loss: 0.6837 - accuracy: 0.7618
 748/1563 [=============>................] - ETA: 23s - loss: 0.6842 - accuracy: 0.7616
 751/1563 [=============>................] - ETA: 23s - loss: 0.6844 - accuracy: 0.7615
 753/1563 [=============>................] - ETA: 23s - loss: 0.6843 - accuracy: 0.7615
 756/1563 [=============>................] - ETA: 23s - loss: 0.6839 - accuracy: 0.7616
 758/1563 [=============>................] - ETA: 23s - loss: 0.6835 - accuracy: 0.7618
 760/1563 [=============>................] - ETA: 23s - loss: 0.6839 - accuracy: 0.7616
 762/1563 [=============>................] - ETA: 23s - loss: 0.6838 - accuracy: 0.7614
 763/1563 [=============>................] - ETA: 23s - loss: 0.6836 - accuracy: 0.7614
 765/1563 [=============>................] - ETA: 23s - loss: 0.6831 - accuracy: 0.7615
 767/1563 [=============>................] - ETA: 23s - loss: 0.6830 - accuracy: 0.7615
 769/1563 [=============>................] - ETA: 23s - loss: 0.6822 - accuracy: 0.7617
 771/1563 [=============>................] - ETA: 23s - loss: 0.6819 - accuracy: 0.7619
 774/1563 [=============>................] - ETA: 23s - loss: 0.6818 - accuracy: 0.7620
 776/1563 [=============>................] - ETA: 23s - loss: 0.6815 - accuracy: 0.7622
 779/1563 [=============>................] - ETA: 23s - loss: 0.6822 - accuracy: 0.7619
 781/1563 [=============>................] - ETA: 22s - loss: 0.6825 - accuracy: 0.7617
 783/1563 [==============>...............] - ETA: 22s - loss: 0.6829 - accuracy: 0.7615
 785/1563 [==============>...............] - ETA: 22s - loss: 0.6826 - accuracy: 0.7616
 787/1563 [==============>...............] - ETA: 22s - loss: 0.6828 - accuracy: 0.7616
 789/1563 [==============>...............] - ETA: 22s - loss: 0.6826 - accuracy: 0.7617
 791/1563 [==============>...............] - ETA: 22s - loss: 0.6821 - accuracy: 0.7619
 793/1563 [==============>...............] - ETA: 22s - loss: 0.6822 - accuracy: 0.7617
 795/1563 [==============>...............] - ETA: 22s - loss: 0.6815 - accuracy: 0.7620
 797/1563 [==============>...............] - ETA: 22s - loss: 0.6816 - accuracy: 0.7619
 799/1563 [==============>...............] - ETA: 22s - loss: 0.6816 - accuracy: 0.7619
 801/1563 [==============>...............] - ETA: 22s - loss: 0.6813 - accuracy: 0.7620
 803/1563 [==============>...............] - ETA: 22s - loss: 0.6817 - accuracy: 0.7619
 805/1563 [==============>...............] - ETA: 22s - loss: 0.6813 - accuracy: 0.7620
 807/1563 [==============>...............] - ETA: 22s - loss: 0.6813 - accuracy: 0.7619
 809/1563 [==============>...............] - ETA: 22s - loss: 0.6810 - accuracy: 0.7621
 811/1563 [==============>...............] - ETA: 22s - loss: 0.6809 - accuracy: 0.7621
 813/1563 [==============>...............] - ETA: 22s - loss: 0.6807 - accuracy: 0.7622
 815/1563 [==============>...............] - ETA: 22s - loss: 0.6809 - accuracy: 0.7621
 817/1563 [==============>...............] - ETA: 22s - loss: 0.6810 - accuracy: 0.7621
 819/1563 [==============>...............] - ETA: 22s - loss: 0.6805 - accuracy: 0.7622
 821/1563 [==============>...............] - ETA: 21s - loss: 0.6802 - accuracy: 0.7623
 822/1563 [==============>...............] - ETA: 21s - loss: 0.6801 - accuracy: 0.7624
 825/1563 [==============>...............] - ETA: 21s - loss: 0.6801 - accuracy: 0.7624
 827/1563 [==============>...............] - ETA: 21s - loss: 0.6799 - accuracy: 0.7625
 829/1563 [==============>...............] - ETA: 21s - loss: 0.6797 - accuracy: 0.7626
 831/1563 [==============>...............] - ETA: 21s - loss: 0.6793 - accuracy: 0.7627
 833/1563 [==============>...............] - ETA: 21s - loss: 0.6794 - accuracy: 0.7627
 835/1563 [===============>..............] - ETA: 21s - loss: 0.6787 - accuracy: 0.7630
 837/1563 [===============>..............] - ETA: 21s - loss: 0.6788 - accuracy: 0.7629
 838/1563 [===============>..............] - ETA: 21s - loss: 0.6795 - accuracy: 0.7628
 840/1563 [===============>..............] - ETA: 21s - loss: 0.6792 - accuracy: 0.7629
 843/1563 [===============>..............] - ETA: 21s - loss: 0.6796 - accuracy: 0.7628
 845/1563 [===============>..............] - ETA: 21s - loss: 0.6796 - accuracy: 0.7627
 847/1563 [===============>..............] - ETA: 21s - loss: 0.6799 - accuracy: 0.7626
 850/1563 [===============>..............] - ETA: 21s - loss: 0.6799 - accuracy: 0.7628
 852/1563 [===============>..............] - ETA: 21s - loss: 0.6798 - accuracy: 0.7628
 855/1563 [===============>..............] - ETA: 21s - loss: 0.6797 - accuracy: 0.7628
 857/1563 [===============>..............] - ETA: 20s - loss: 0.6800 - accuracy: 0.7628
 859/1563 [===============>..............] - ETA: 20s - loss: 0.6800 - accuracy: 0.7627
 862/1563 [===============>..............] - ETA: 20s - loss: 0.6796 - accuracy: 0.7628
 865/1563 [===============>..............] - ETA: 20s - loss: 0.6800 - accuracy: 0.7629
 867/1563 [===============>..............] - ETA: 20s - loss: 0.6798 - accuracy: 0.7630
 869/1563 [===============>..............] - ETA: 20s - loss: 0.6800 - accuracy: 0.7628
 871/1563 [===============>..............] - ETA: 20s - loss: 0.6802 - accuracy: 0.7627
 873/1563 [===============>..............] - ETA: 20s - loss: 0.6802 - accuracy: 0.7629
 876/1563 [===============>..............] - ETA: 20s - loss: 0.6802 - accuracy: 0.7627
 878/1563 [===============>..............] - ETA: 20s - loss: 0.6802 - accuracy: 0.7627
 880/1563 [===============>..............] - ETA: 20s - loss: 0.6799 - accuracy: 0.7627
 882/1563 [===============>..............] - ETA: 20s - loss: 0.6799 - accuracy: 0.7628
 885/1563 [===============>..............] - ETA: 20s - loss: 0.6800 - accuracy: 0.7629
 887/1563 [================>.............] - ETA: 20s - loss: 0.6799 - accuracy: 0.7630
 890/1563 [================>.............] - ETA: 19s - loss: 0.6800 - accuracy: 0.7630
 893/1563 [================>.............] - ETA: 19s - loss: 0.6804 - accuracy: 0.7628
 895/1563 [================>.............] - ETA: 19s - loss: 0.6803 - accuracy: 0.7628
 897/1563 [================>.............] - ETA: 19s - loss: 0.6807 - accuracy: 0.7626
 899/1563 [================>.............] - ETA: 19s - loss: 0.6806 - accuracy: 0.7627
 901/1563 [================>.............] - ETA: 19s - loss: 0.6807 - accuracy: 0.7627
 903/1563 [================>.............] - ETA: 19s - loss: 0.6807 - accuracy: 0.7627
 905/1563 [================>.............] - ETA: 19s - loss: 0.6808 - accuracy: 0.7627
 908/1563 [================>.............] - ETA: 19s - loss: 0.6806 - accuracy: 0.7628
 910/1563 [================>.............] - ETA: 19s - loss: 0.6808 - accuracy: 0.7627
 913/1563 [================>.............] - ETA: 19s - loss: 0.6809 - accuracy: 0.7626
 915/1563 [================>.............] - ETA: 19s - loss: 0.6810 - accuracy: 0.7626
 917/1563 [================>.............] - ETA: 19s - loss: 0.6807 - accuracy: 0.7626
 919/1563 [================>.............] - ETA: 19s - loss: 0.6806 - accuracy: 0.7627
 921/1563 [================>.............] - ETA: 19s - loss: 0.6803 - accuracy: 0.7629
 923/1563 [================>.............] - ETA: 19s - loss: 0.6804 - accuracy: 0.7627
 925/1563 [================>.............] - ETA: 19s - loss: 0.6808 - accuracy: 0.7626
 927/1563 [================>.............] - ETA: 18s - loss: 0.6807 - accuracy: 0.7626
 929/1563 [================>.............] - ETA: 18s - loss: 0.6807 - accuracy: 0.7625
 931/1563 [================>.............] - ETA: 18s - loss: 0.6813 - accuracy: 0.7623
 933/1563 [================>.............] - ETA: 18s - loss: 0.6812 - accuracy: 0.7624
 935/1563 [================>.............] - ETA: 18s - loss: 0.6814 - accuracy: 0.7624
 937/1563 [================>.............] - ETA: 18s - loss: 0.6819 - accuracy: 0.7622
 939/1563 [=================>............] - ETA: 18s - loss: 0.6819 - accuracy: 0.7621
 942/1563 [=================>............] - ETA: 18s - loss: 0.6816 - accuracy: 0.7621
 944/1563 [=================>............] - ETA: 18s - loss: 0.6820 - accuracy: 0.7620
 946/1563 [=================>............] - ETA: 18s - loss: 0.6820 - accuracy: 0.7620
 949/1563 [=================>............] - ETA: 18s - loss: 0.6824 - accuracy: 0.7618
 952/1563 [=================>............] - ETA: 18s - loss: 0.6825 - accuracy: 0.7616
 954/1563 [=================>............] - ETA: 18s - loss: 0.6822 - accuracy: 0.7617
 956/1563 [=================>............] - ETA: 18s - loss: 0.6829 - accuracy: 0.7617
 958/1563 [=================>............] - ETA: 18s - loss: 0.6827 - accuracy: 0.7618
 960/1563 [=================>............] - ETA: 18s - loss: 0.6826 - accuracy: 0.7618
 962/1563 [=================>............] - ETA: 17s - loss: 0.6834 - accuracy: 0.7618
 965/1563 [=================>............] - ETA: 17s - loss: 0.6831 - accuracy: 0.7618
 967/1563 [=================>............] - ETA: 17s - loss: 0.6832 - accuracy: 0.7618
 969/1563 [=================>............] - ETA: 17s - loss: 0.6828 - accuracy: 0.7619
 971/1563 [=================>............] - ETA: 17s - loss: 0.6831 - accuracy: 0.7618
 973/1563 [=================>............] - ETA: 17s - loss: 0.6831 - accuracy: 0.7618
 975/1563 [=================>............] - ETA: 17s - loss: 0.6830 - accuracy: 0.7618
 977/1563 [=================>............] - ETA: 17s - loss: 0.6827 - accuracy: 0.7619
 979/1563 [=================>............] - ETA: 17s - loss: 0.6827 - accuracy: 0.7620
 981/1563 [=================>............] - ETA: 17s - loss: 0.6829 - accuracy: 0.7619
 983/1563 [=================>............] - ETA: 17s - loss: 0.6828 - accuracy: 0.7617
 985/1563 [=================>............] - ETA: 17s - loss: 0.6826 - accuracy: 0.7618
 987/1563 [=================>............] - ETA: 17s - loss: 0.6827 - accuracy: 0.7618
 989/1563 [=================>............] - ETA: 17s - loss: 0.6826 - accuracy: 0.7618
 991/1563 [==================>...........] - ETA: 17s - loss: 0.6824 - accuracy: 0.7619
 993/1563 [==================>...........] - ETA: 17s - loss: 0.6828 - accuracy: 0.7617
 995/1563 [==================>...........] - ETA: 17s - loss: 0.6830 - accuracy: 0.7617
 997/1563 [==================>...........] - ETA: 16s - loss: 0.6835 - accuracy: 0.7615
 999/1563 [==================>...........] - ETA: 16s - loss: 0.6837 - accuracy: 0.7614
1001/1563 [==================>...........] - ETA: 16s - loss: 0.6838 - accuracy: 0.7614
1003/1563 [==================>...........] - ETA: 16s - loss: 0.6840 - accuracy: 0.7612
1006/1563 [==================>...........] - ETA: 16s - loss: 0.6843 - accuracy: 0.7610
1008/1563 [==================>...........] - ETA: 16s - loss: 0.6845 - accuracy: 0.7609
1010/1563 [==================>...........] - ETA: 16s - loss: 0.6845 - accuracy: 0.7610
1012/1563 [==================>...........] - ETA: 16s - loss: 0.6843 - accuracy: 0.7609
1014/1563 [==================>...........] - ETA: 16s - loss: 0.6839 - accuracy: 0.7612
1017/1563 [==================>...........] - ETA: 16s - loss: 0.6844 - accuracy: 0.7610
1019/1563 [==================>...........] - ETA: 16s - loss: 0.6841 - accuracy: 0.7611
1022/1563 [==================>...........] - ETA: 16s - loss: 0.6838 - accuracy: 0.7613
1024/1563 [==================>...........] - ETA: 16s - loss: 0.6834 - accuracy: 0.7615
1026/1563 [==================>...........] - ETA: 16s - loss: 0.6835 - accuracy: 0.7615
1029/1563 [==================>...........] - ETA: 15s - loss: 0.6834 - accuracy: 0.7615
1032/1563 [==================>...........] - ETA: 15s - loss: 0.6832 - accuracy: 0.7615
1034/1563 [==================>...........] - ETA: 15s - loss: 0.6829 - accuracy: 0.7616
1037/1563 [==================>...........] - ETA: 15s - loss: 0.6835 - accuracy: 0.7614
1039/1563 [==================>...........] - ETA: 15s - loss: 0.6834 - accuracy: 0.7615
1041/1563 [==================>...........] - ETA: 15s - loss: 0.6830 - accuracy: 0.7615
1044/1563 [===================>..........] - ETA: 15s - loss: 0.6831 - accuracy: 0.7615
1046/1563 [===================>..........] - ETA: 15s - loss: 0.6833 - accuracy: 0.7615
1048/1563 [===================>..........] - ETA: 15s - loss: 0.6834 - accuracy: 0.7615
1050/1563 [===================>..........] - ETA: 15s - loss: 0.6837 - accuracy: 0.7615
1052/1563 [===================>..........] - ETA: 15s - loss: 0.6836 - accuracy: 0.7614
1054/1563 [===================>..........] - ETA: 15s - loss: 0.6835 - accuracy: 0.7615
1056/1563 [===================>..........] - ETA: 15s - loss: 0.6836 - accuracy: 0.7614
1059/1563 [===================>..........] - ETA: 15s - loss: 0.6832 - accuracy: 0.7616
1061/1563 [===================>..........] - ETA: 15s - loss: 0.6832 - accuracy: 0.7617
1063/1563 [===================>..........] - ETA: 14s - loss: 0.6835 - accuracy: 0.7617
1065/1563 [===================>..........] - ETA: 14s - loss: 0.6836 - accuracy: 0.7616
1067/1563 [===================>..........] - ETA: 14s - loss: 0.6833 - accuracy: 0.7617
1069/1563 [===================>..........] - ETA: 14s - loss: 0.6832 - accuracy: 0.7618
1071/1563 [===================>..........] - ETA: 14s - loss: 0.6832 - accuracy: 0.7618
1073/1563 [===================>..........] - ETA: 14s - loss: 0.6829 - accuracy: 0.7619
1075/1563 [===================>..........] - ETA: 14s - loss: 0.6829 - accuracy: 0.7619
1077/1563 [===================>..........] - ETA: 14s - loss: 0.6831 - accuracy: 0.7618
1079/1563 [===================>..........] - ETA: 14s - loss: 0.6832 - accuracy: 0.7617
1081/1563 [===================>..........] - ETA: 14s - loss: 0.6831 - accuracy: 0.7618
1084/1563 [===================>..........] - ETA: 14s - loss: 0.6829 - accuracy: 0.7618
1086/1563 [===================>..........] - ETA: 14s - loss: 0.6831 - accuracy: 0.7618
1089/1563 [===================>..........] - ETA: 14s - loss: 0.6835 - accuracy: 0.7617
1091/1563 [===================>..........] - ETA: 14s - loss: 0.6837 - accuracy: 0.7617
1093/1563 [===================>..........] - ETA: 14s - loss: 0.6839 - accuracy: 0.7616
1096/1563 [====================>.........] - ETA: 13s - loss: 0.6839 - accuracy: 0.7615
1098/1563 [====================>.........] - ETA: 13s - loss: 0.6834 - accuracy: 0.7616
1101/1563 [====================>.........] - ETA: 13s - loss: 0.6834 - accuracy: 0.7616
1104/1563 [====================>.........] - ETA: 13s - loss: 0.6831 - accuracy: 0.7617
1106/1563 [====================>.........] - ETA: 13s - loss: 0.6830 - accuracy: 0.7618
1108/1563 [====================>.........] - ETA: 13s - loss: 0.6831 - accuracy: 0.7618
1110/1563 [====================>.........] - ETA: 13s - loss: 0.6831 - accuracy: 0.7619
1112/1563 [====================>.........] - ETA: 13s - loss: 0.6829 - accuracy: 0.7620
1114/1563 [====================>.........] - ETA: 13s - loss: 0.6828 - accuracy: 0.7620
1117/1563 [====================>.........] - ETA: 13s - loss: 0.6830 - accuracy: 0.7619
1119/1563 [====================>.........] - ETA: 13s - loss: 0.6834 - accuracy: 0.7618
1122/1563 [====================>.........] - ETA: 13s - loss: 0.6835 - accuracy: 0.7618
1125/1563 [====================>.........] - ETA: 13s - loss: 0.6838 - accuracy: 0.7618
1127/1563 [====================>.........] - ETA: 13s - loss: 0.6845 - accuracy: 0.7615
1129/1563 [====================>.........] - ETA: 12s - loss: 0.6845 - accuracy: 0.7615
1132/1563 [====================>.........] - ETA: 12s - loss: 0.6851 - accuracy: 0.7612
1134/1563 [====================>.........] - ETA: 12s - loss: 0.6851 - accuracy: 0.7612
1136/1563 [====================>.........] - ETA: 12s - loss: 0.6852 - accuracy: 0.7613
1138/1563 [====================>.........] - ETA: 12s - loss: 0.6852 - accuracy: 0.7613
1141/1563 [====================>.........] - ETA: 12s - loss: 0.6851 - accuracy: 0.7613
1142/1563 [====================>.........] - ETA: 12s - loss: 0.6849 - accuracy: 0.7614
1144/1563 [====================>.........] - ETA: 12s - loss: 0.6851 - accuracy: 0.7613
1146/1563 [====================>.........] - ETA: 12s - loss: 0.6850 - accuracy: 0.7613
1148/1563 [=====================>........] - ETA: 12s - loss: 0.6848 - accuracy: 0.7614
1151/1563 [=====================>........] - ETA: 12s - loss: 0.6850 - accuracy: 0.7613
1153/1563 [=====================>........] - ETA: 12s - loss: 0.6851 - accuracy: 0.7612
1155/1563 [=====================>........] - ETA: 12s - loss: 0.6850 - accuracy: 0.7613
1157/1563 [=====================>........] - ETA: 12s - loss: 0.6851 - accuracy: 0.7612
1159/1563 [=====================>........] - ETA: 12s - loss: 0.6851 - accuracy: 0.7612
1161/1563 [=====================>........] - ETA: 12s - loss: 0.6852 - accuracy: 0.7613
1164/1563 [=====================>........] - ETA: 11s - loss: 0.6858 - accuracy: 0.7611
1166/1563 [=====================>........] - ETA: 11s - loss: 0.6854 - accuracy: 0.7613
1168/1563 [=====================>........] - ETA: 11s - loss: 0.6854 - accuracy: 0.7613
1171/1563 [=====================>........] - ETA: 11s - loss: 0.6853 - accuracy: 0.7613
1173/1563 [=====================>........] - ETA: 11s - loss: 0.6851 - accuracy: 0.7613
1176/1563 [=====================>........] - ETA: 11s - loss: 0.6850 - accuracy: 0.7614
1179/1563 [=====================>........] - ETA: 11s - loss: 0.6849 - accuracy: 0.7614
1181/1563 [=====================>........] - ETA: 11s - loss: 0.6845 - accuracy: 0.7616
1184/1563 [=====================>........] - ETA: 11s - loss: 0.6842 - accuracy: 0.7617
1187/1563 [=====================>........] - ETA: 11s - loss: 0.6846 - accuracy: 0.7615
1190/1563 [=====================>........] - ETA: 11s - loss: 0.6845 - accuracy: 0.7614
1192/1563 [=====================>........] - ETA: 11s - loss: 0.6845 - accuracy: 0.7615
1194/1563 [=====================>........] - ETA: 11s - loss: 0.6845 - accuracy: 0.7613
1196/1563 [=====================>........] - ETA: 10s - loss: 0.6847 - accuracy: 0.7611
1199/1563 [======================>.......] - ETA: 10s - loss: 0.6849 - accuracy: 0.7610
1201/1563 [======================>.......] - ETA: 10s - loss: 0.6850 - accuracy: 0.7608
1203/1563 [======================>.......] - ETA: 10s - loss: 0.6850 - accuracy: 0.7608
1206/1563 [======================>.......] - ETA: 10s - loss: 0.6849 - accuracy: 0.7609
1208/1563 [======================>.......] - ETA: 10s - loss: 0.6850 - accuracy: 0.7608
1210/1563 [======================>.......] - ETA: 10s - loss: 0.6852 - accuracy: 0.7608
1213/1563 [======================>.......] - ETA: 10s - loss: 0.6848 - accuracy: 0.7610
1216/1563 [======================>.......] - ETA: 10s - loss: 0.6848 - accuracy: 0.7611
1218/1563 [======================>.......] - ETA: 10s - loss: 0.6852 - accuracy: 0.7610
1220/1563 [======================>.......] - ETA: 10s - loss: 0.6850 - accuracy: 0.7610
1222/1563 [======================>.......] - ETA: 10s - loss: 0.6850 - accuracy: 0.7610
1224/1563 [======================>.......] - ETA: 10s - loss: 0.6851 - accuracy: 0.7611
1226/1563 [======================>.......] - ETA: 10s - loss: 0.6850 - accuracy: 0.7611
1228/1563 [======================>.......] - ETA: 10s - loss: 0.6847 - accuracy: 0.7612
1230/1563 [======================>.......] - ETA: 9s - loss: 0.6846 - accuracy: 0.7613 
1233/1563 [======================>.......] - ETA: 9s - loss: 0.6847 - accuracy: 0.7612
1235/1563 [======================>.......] - ETA: 9s - loss: 0.6845 - accuracy: 0.7612
1238/1563 [======================>.......] - ETA: 9s - loss: 0.6848 - accuracy: 0.7611
1240/1563 [======================>.......] - ETA: 9s - loss: 0.6846 - accuracy: 0.7611
1242/1563 [======================>.......] - ETA: 9s - loss: 0.6849 - accuracy: 0.7610
1245/1563 [======================>.......] - ETA: 9s - loss: 0.6850 - accuracy: 0.7609
1247/1563 [======================>.......] - ETA: 9s - loss: 0.6846 - accuracy: 0.7610
1249/1563 [======================>.......] - ETA: 9s - loss: 0.6847 - accuracy: 0.7610
1251/1563 [=======================>......] - ETA: 9s - loss: 0.6848 - accuracy: 0.7609
1253/1563 [=======================>......] - ETA: 9s - loss: 0.6850 - accuracy: 0.7609
1255/1563 [=======================>......] - ETA: 9s - loss: 0.6850 - accuracy: 0.7609
1257/1563 [=======================>......] - ETA: 9s - loss: 0.6852 - accuracy: 0.7607
1260/1563 [=======================>......] - ETA: 9s - loss: 0.6853 - accuracy: 0.7607
1262/1563 [=======================>......] - ETA: 9s - loss: 0.6851 - accuracy: 0.7608
1264/1563 [=======================>......] - ETA: 8s - loss: 0.6848 - accuracy: 0.7610
1266/1563 [=======================>......] - ETA: 8s - loss: 0.6847 - accuracy: 0.7610
1268/1563 [=======================>......] - ETA: 8s - loss: 0.6847 - accuracy: 0.7610
1270/1563 [=======================>......] - ETA: 8s - loss: 0.6848 - accuracy: 0.7611
1272/1563 [=======================>......] - ETA: 8s - loss: 0.6848 - accuracy: 0.7611
1274/1563 [=======================>......] - ETA: 8s - loss: 0.6851 - accuracy: 0.7609
1276/1563 [=======================>......] - ETA: 8s - loss: 0.6849 - accuracy: 0.7609
1278/1563 [=======================>......] - ETA: 8s - loss: 0.6847 - accuracy: 0.7609
1280/1563 [=======================>......] - ETA: 8s - loss: 0.6847 - accuracy: 0.7608
1282/1563 [=======================>......] - ETA: 8s - loss: 0.6848 - accuracy: 0.7608
1284/1563 [=======================>......] - ETA: 8s - loss: 0.6852 - accuracy: 0.7607
1287/1563 [=======================>......] - ETA: 8s - loss: 0.6857 - accuracy: 0.7605
1290/1563 [=======================>......] - ETA: 8s - loss: 0.6858 - accuracy: 0.7604
1292/1563 [=======================>......] - ETA: 8s - loss: 0.6858 - accuracy: 0.7605
1294/1563 [=======================>......] - ETA: 8s - loss: 0.6857 - accuracy: 0.7605
1297/1563 [=======================>......] - ETA: 7s - loss: 0.6858 - accuracy: 0.7605
1300/1563 [=======================>......] - ETA: 7s - loss: 0.6855 - accuracy: 0.7606
1302/1563 [=======================>......] - ETA: 7s - loss: 0.6855 - accuracy: 0.7606
1305/1563 [========================>.....] - ETA: 7s - loss: 0.6849 - accuracy: 0.7608
1307/1563 [========================>.....] - ETA: 7s - loss: 0.6848 - accuracy: 0.7607
1309/1563 [========================>.....] - ETA: 7s - loss: 0.6849 - accuracy: 0.7607
1312/1563 [========================>.....] - ETA: 7s - loss: 0.6849 - accuracy: 0.7608
1314/1563 [========================>.....] - ETA: 7s - loss: 0.6848 - accuracy: 0.7608
1316/1563 [========================>.....] - ETA: 7s - loss: 0.6844 - accuracy: 0.7610
1318/1563 [========================>.....] - ETA: 7s - loss: 0.6846 - accuracy: 0.7609
1320/1563 [========================>.....] - ETA: 7s - loss: 0.6845 - accuracy: 0.7609
1323/1563 [========================>.....] - ETA: 7s - loss: 0.6846 - accuracy: 0.7611
1325/1563 [========================>.....] - ETA: 7s - loss: 0.6847 - accuracy: 0.7610
1327/1563 [========================>.....] - ETA: 7s - loss: 0.6846 - accuracy: 0.7611
1330/1563 [========================>.....] - ETA: 6s - loss: 0.6844 - accuracy: 0.7612
1332/1563 [========================>.....] - ETA: 6s - loss: 0.6841 - accuracy: 0.7614
1335/1563 [========================>.....] - ETA: 6s - loss: 0.6844 - accuracy: 0.7613
1338/1563 [========================>.....] - ETA: 6s - loss: 0.6844 - accuracy: 0.7614
1340/1563 [========================>.....] - ETA: 6s - loss: 0.6846 - accuracy: 0.7612
1342/1563 [========================>.....] - ETA: 6s - loss: 0.6848 - accuracy: 0.7612
1344/1563 [========================>.....] - ETA: 6s - loss: 0.6851 - accuracy: 0.7611
1346/1563 [========================>.....] - ETA: 6s - loss: 0.6854 - accuracy: 0.7609
1348/1563 [========================>.....] - ETA: 6s - loss: 0.6854 - accuracy: 0.7609
1350/1563 [========================>.....] - ETA: 6s - loss: 0.6856 - accuracy: 0.7608
1352/1563 [========================>.....] - ETA: 6s - loss: 0.6863 - accuracy: 0.7607
1354/1563 [========================>.....] - ETA: 6s - loss: 0.6865 - accuracy: 0.7606
1357/1563 [=========================>....] - ETA: 6s - loss: 0.6866 - accuracy: 0.7605
1360/1563 [=========================>....] - ETA: 6s - loss: 0.6870 - accuracy: 0.7603
1362/1563 [=========================>....] - ETA: 6s - loss: 0.6870 - accuracy: 0.7605
1364/1563 [=========================>....] - ETA: 5s - loss: 0.6871 - accuracy: 0.7605
1366/1563 [=========================>....] - ETA: 5s - loss: 0.6871 - accuracy: 0.7605
1369/1563 [=========================>....] - ETA: 5s - loss: 0.6872 - accuracy: 0.7606
1372/1563 [=========================>....] - ETA: 5s - loss: 0.6869 - accuracy: 0.7606
1374/1563 [=========================>....] - ETA: 5s - loss: 0.6870 - accuracy: 0.7606
1377/1563 [=========================>....] - ETA: 5s - loss: 0.6873 - accuracy: 0.7604
1379/1563 [=========================>....] - ETA: 5s - loss: 0.6872 - accuracy: 0.7605
1381/1563 [=========================>....] - ETA: 5s - loss: 0.6875 - accuracy: 0.7604
1383/1563 [=========================>....] - ETA: 5s - loss: 0.6877 - accuracy: 0.7603
1385/1563 [=========================>....] - ETA: 5s - loss: 0.6875 - accuracy: 0.7604
1387/1563 [=========================>....] - ETA: 5s - loss: 0.6875 - accuracy: 0.7603
1389/1563 [=========================>....] - ETA: 5s - loss: 0.6874 - accuracy: 0.7603
1391/1563 [=========================>....] - ETA: 5s - loss: 0.6874 - accuracy: 0.7603
1393/1563 [=========================>....] - ETA: 5s - loss: 0.6872 - accuracy: 0.7604
1396/1563 [=========================>....] - ETA: 4s - loss: 0.6874 - accuracy: 0.7604
1398/1563 [=========================>....] - ETA: 4s - loss: 0.6876 - accuracy: 0.7602
1400/1563 [=========================>....] - ETA: 4s - loss: 0.6876 - accuracy: 0.7603
1402/1563 [=========================>....] - ETA: 4s - loss: 0.6880 - accuracy: 0.7603
1405/1563 [=========================>....] - ETA: 4s - loss: 0.6878 - accuracy: 0.7604
1408/1563 [==========================>...] - ETA: 4s - loss: 0.6875 - accuracy: 0.7604
1411/1563 [==========================>...] - ETA: 4s - loss: 0.6876 - accuracy: 0.7603
1413/1563 [==========================>...] - ETA: 4s - loss: 0.6874 - accuracy: 0.7604
1415/1563 [==========================>...] - ETA: 4s - loss: 0.6876 - accuracy: 0.7603
1417/1563 [==========================>...] - ETA: 4s - loss: 0.6879 - accuracy: 0.7603
1419/1563 [==========================>...] - ETA: 4s - loss: 0.6879 - accuracy: 0.7602
1421/1563 [==========================>...] - ETA: 4s - loss: 0.6876 - accuracy: 0.7604
1423/1563 [==========================>...] - ETA: 4s - loss: 0.6875 - accuracy: 0.7603
1426/1563 [==========================>...] - ETA: 4s - loss: 0.6877 - accuracy: 0.7603
1428/1563 [==========================>...] - ETA: 4s - loss: 0.6877 - accuracy: 0.7603
1431/1563 [==========================>...] - ETA: 3s - loss: 0.6878 - accuracy: 0.7602
1433/1563 [==========================>...] - ETA: 3s - loss: 0.6879 - accuracy: 0.7602
1435/1563 [==========================>...] - ETA: 3s - loss: 0.6880 - accuracy: 0.7601
1437/1563 [==========================>...] - ETA: 3s - loss: 0.6879 - accuracy: 0.7601
1439/1563 [==========================>...] - ETA: 3s - loss: 0.6876 - accuracy: 0.7602
1441/1563 [==========================>...] - ETA: 3s - loss: 0.6876 - accuracy: 0.7602
1443/1563 [==========================>...] - ETA: 3s - loss: 0.6880 - accuracy: 0.7600
1445/1563 [==========================>...] - ETA: 3s - loss: 0.6883 - accuracy: 0.7599
1447/1563 [==========================>...] - ETA: 3s - loss: 0.6883 - accuracy: 0.7598
1449/1563 [==========================>...] - ETA: 3s - loss: 0.6882 - accuracy: 0.7599
1451/1563 [==========================>...] - ETA: 3s - loss: 0.6880 - accuracy: 0.7600
1453/1563 [==========================>...] - ETA: 3s - loss: 0.6881 - accuracy: 0.7599
1455/1563 [==========================>...] - ETA: 3s - loss: 0.6883 - accuracy: 0.7599
1457/1563 [==========================>...] - ETA: 3s - loss: 0.6883 - accuracy: 0.7599
1459/1563 [===========================>..] - ETA: 3s - loss: 0.6884 - accuracy: 0.7598
1461/1563 [===========================>..] - ETA: 3s - loss: 0.6882 - accuracy: 0.7599
1464/1563 [===========================>..] - ETA: 2s - loss: 0.6879 - accuracy: 0.7600
1467/1563 [===========================>..] - ETA: 2s - loss: 0.6879 - accuracy: 0.7600
1470/1563 [===========================>..] - ETA: 2s - loss: 0.6881 - accuracy: 0.7599
1473/1563 [===========================>..] - ETA: 2s - loss: 0.6881 - accuracy: 0.7600
1475/1563 [===========================>..] - ETA: 2s - loss: 0.6882 - accuracy: 0.7600
1477/1563 [===========================>..] - ETA: 2s - loss: 0.6882 - accuracy: 0.7599
1479/1563 [===========================>..] - ETA: 2s - loss: 0.6882 - accuracy: 0.7600
1481/1563 [===========================>..] - ETA: 2s - loss: 0.6883 - accuracy: 0.7598
1483/1563 [===========================>..] - ETA: 2s - loss: 0.6883 - accuracy: 0.7599
1486/1563 [===========================>..] - ETA: 2s - loss: 0.6883 - accuracy: 0.7598
1489/1563 [===========================>..] - ETA: 2s - loss: 0.6881 - accuracy: 0.7598
1491/1563 [===========================>..] - ETA: 2s - loss: 0.6883 - accuracy: 0.7596
1493/1563 [===========================>..] - ETA: 2s - loss: 0.6881 - accuracy: 0.7597
1495/1563 [===========================>..] - ETA: 2s - loss: 0.6882 - accuracy: 0.7597
1497/1563 [===========================>..] - ETA: 1s - loss: 0.6883 - accuracy: 0.7596
1500/1563 [===========================>..] - ETA: 1s - loss: 0.6883 - accuracy: 0.7596
1502/1563 [===========================>..] - ETA: 1s - loss: 0.6885 - accuracy: 0.7595
1504/1563 [===========================>..] - ETA: 1s - loss: 0.6884 - accuracy: 0.7596
1506/1563 [===========================>..] - ETA: 1s - loss: 0.6887 - accuracy: 0.7594
1508/1563 [===========================>..] - ETA: 1s - loss: 0.6888 - accuracy: 0.7595
1510/1563 [===========================>..] - ETA: 1s - loss: 0.6887 - accuracy: 0.7595
1512/1563 [============================>.] - ETA: 1s - loss: 0.6887 - accuracy: 0.7595
1515/1563 [============================>.] - ETA: 1s - loss: 0.6885 - accuracy: 0.7596
1517/1563 [============================>.] - ETA: 1s - loss: 0.6888 - accuracy: 0.7596
1519/1563 [============================>.] - ETA: 1s - loss: 0.6889 - accuracy: 0.7595
1521/1563 [============================>.] - ETA: 1s - loss: 0.6889 - accuracy: 0.7595
1523/1563 [============================>.] - ETA: 1s - loss: 0.6890 - accuracy: 0.7595
1526/1563 [============================>.] - ETA: 1s - loss: 0.6889 - accuracy: 0.7596
1528/1563 [============================>.] - ETA: 1s - loss: 0.6888 - accuracy: 0.7596
1530/1563 [============================>.] - ETA: 0s - loss: 0.6887 - accuracy: 0.7596
1532/1563 [============================>.] - ETA: 0s - loss: 0.6889 - accuracy: 0.7595
1534/1563 [============================>.] - ETA: 0s - loss: 0.6888 - accuracy: 0.7595
1535/1563 [============================>.] - ETA: 0s - loss: 0.6888 - accuracy: 0.7596
1538/1563 [============================>.] - ETA: 0s - loss: 0.6888 - accuracy: 0.7596
1540/1563 [============================>.] - ETA: 0s - loss: 0.6890 - accuracy: 0.7595
1543/1563 [============================>.] - ETA: 0s - loss: 0.6888 - accuracy: 0.7596
1546/1563 [============================>.] - ETA: 0s - loss: 0.6889 - accuracy: 0.7596
1548/1563 [============================>.] - ETA: 0s - loss: 0.6887 - accuracy: 0.7597
1551/1563 [============================>.] - ETA: 0s - loss: 0.6885 - accuracy: 0.7597
1554/1563 [============================>.] - ETA: 0s - loss: 0.6882 - accuracy: 0.7597
1557/1563 [============================>.] - ETA: 0s - loss: 0.6884 - accuracy: 0.7596
1560/1563 [============================>.] - ETA: 0s - loss: 0.6883 - accuracy: 0.7596
1563/1563 [==============================] - ETA: 0s - loss: 0.6883 - accuracy: 0.7596
1563/1563 [==============================] - 51s 33ms/step - loss: 0.6883 - accuracy: 0.7596 - val_loss: 0.8211 - val_accuracy: 0.7217
Epoch 5/100

   1/1563 [..............................] - ETA: 24s - loss: 0.8741 - accuracy: 0.7188
   4/1563 [..............................] - ETA: 43s - loss: 0.7066 - accuracy: 0.7812
   7/1563 [..............................] - ETA: 38s - loss: 0.6460 - accuracy: 0.7946
   9/1563 [..............................] - ETA: 40s - loss: 0.6336 - accuracy: 0.7986
  12/1563 [..............................] - ETA: 38s - loss: 0.6132 - accuracy: 0.7969
  14/1563 [..............................] - ETA: 39s - loss: 0.6031 - accuracy: 0.8036
  17/1563 [..............................] - ETA: 38s - loss: 0.5954 - accuracy: 0.8033
  20/1563 [..............................] - ETA: 38s - loss: 0.5795 - accuracy: 0.8125
  23/1563 [..............................] - ETA: 38s - loss: 0.5679 - accuracy: 0.8207
  25/1563 [..............................] - ETA: 38s - loss: 0.5653 - accuracy: 0.8213
  28/1563 [..............................] - ETA: 38s - loss: 0.5530 - accuracy: 0.8225
  31/1563 [..............................] - ETA: 37s - loss: 0.5629 - accuracy: 0.8175
  33/1563 [..............................] - ETA: 37s - loss: 0.5701 - accuracy: 0.8163
  36/1563 [..............................] - ETA: 37s - loss: 0.5771 - accuracy: 0.8142
  39/1563 [..............................] - ETA: 37s - loss: 0.5697 - accuracy: 0.8141
  41/1563 [..............................] - ETA: 37s - loss: 0.5677 - accuracy: 0.8163
  44/1563 [..............................] - ETA: 37s - loss: 0.5695 - accuracy: 0.8118
  46/1563 [..............................] - ETA: 37s - loss: 0.5667 - accuracy: 0.8139
  49/1563 [..............................] - ETA: 36s - loss: 0.5625 - accuracy: 0.8157
  51/1563 [..............................] - ETA: 37s - loss: 0.5594 - accuracy: 0.8162
  54/1563 [>.............................] - ETA: 37s - loss: 0.5565 - accuracy: 0.8183
  57/1563 [>.............................] - ETA: 36s - loss: 0.5561 - accuracy: 0.8196
  60/1563 [>.............................] - ETA: 36s - loss: 0.5532 - accuracy: 0.8208
  62/1563 [>.............................] - ETA: 37s - loss: 0.5575 - accuracy: 0.8191
  64/1563 [>.............................] - ETA: 37s - loss: 0.5528 - accuracy: 0.8203
  67/1563 [>.............................] - ETA: 36s - loss: 0.5450 - accuracy: 0.8228
  69/1563 [>.............................] - ETA: 36s - loss: 0.5426 - accuracy: 0.8229
  72/1563 [>.............................] - ETA: 37s - loss: 0.5435 - accuracy: 0.8220
  75/1563 [>.............................] - ETA: 36s - loss: 0.5469 - accuracy: 0.8200
  77/1563 [>.............................] - ETA: 36s - loss: 0.5474 - accuracy: 0.8186
  80/1563 [>.............................] - ETA: 36s - loss: 0.5486 - accuracy: 0.8176
  82/1563 [>.............................] - ETA: 36s - loss: 0.5484 - accuracy: 0.8178
  85/1563 [>.............................] - ETA: 36s - loss: 0.5448 - accuracy: 0.8188
  87/1563 [>.............................] - ETA: 36s - loss: 0.5399 - accuracy: 0.8204
  90/1563 [>.............................] - ETA: 36s - loss: 0.5400 - accuracy: 0.8208
  93/1563 [>.............................] - ETA: 36s - loss: 0.5385 - accuracy: 0.8212
  96/1563 [>.............................] - ETA: 36s - loss: 0.5384 - accuracy: 0.8210
  98/1563 [>.............................] - ETA: 36s - loss: 0.5382 - accuracy: 0.8211
 101/1563 [>.............................] - ETA: 36s - loss: 0.5378 - accuracy: 0.8218
 104/1563 [>.............................] - ETA: 36s - loss: 0.5401 - accuracy: 0.8212
 107/1563 [=>............................] - ETA: 36s - loss: 0.5409 - accuracy: 0.8213
 109/1563 [=>............................] - ETA: 36s - loss: 0.5425 - accuracy: 0.8205
 111/1563 [=>............................] - ETA: 36s - loss: 0.5433 - accuracy: 0.8190
 112/1563 [=>............................] - ETA: 36s - loss: 0.5435 - accuracy: 0.8186
 114/1563 [=>............................] - ETA: 36s - loss: 0.5438 - accuracy: 0.8185
 116/1563 [=>............................] - ETA: 36s - loss: 0.5425 - accuracy: 0.8187
 119/1563 [=>............................] - ETA: 36s - loss: 0.5420 - accuracy: 0.8199
 121/1563 [=>............................] - ETA: 36s - loss: 0.5434 - accuracy: 0.8182
 123/1563 [=>............................] - ETA: 37s - loss: 0.5451 - accuracy: 0.8168
 125/1563 [=>............................] - ETA: 37s - loss: 0.5432 - accuracy: 0.8170
 128/1563 [=>............................] - ETA: 37s - loss: 0.5440 - accuracy: 0.8162
 130/1563 [=>............................] - ETA: 37s - loss: 0.5441 - accuracy: 0.8156
 132/1563 [=>............................] - ETA: 37s - loss: 0.5415 - accuracy: 0.8161
 134/1563 [=>............................] - ETA: 37s - loss: 0.5415 - accuracy: 0.8158
 136/1563 [=>............................] - ETA: 37s - loss: 0.5421 - accuracy: 0.8157
 139/1563 [=>............................] - ETA: 37s - loss: 0.5403 - accuracy: 0.8159
 141/1563 [=>............................] - ETA: 37s - loss: 0.5388 - accuracy: 0.8158
 143/1563 [=>............................] - ETA: 37s - loss: 0.5373 - accuracy: 0.8164
 146/1563 [=>............................] - ETA: 37s - loss: 0.5352 - accuracy: 0.8172
 148/1563 [=>............................] - ETA: 37s - loss: 0.5370 - accuracy: 0.8159
 150/1563 [=>............................] - ETA: 37s - loss: 0.5371 - accuracy: 0.8152
 152/1563 [=>............................] - ETA: 37s - loss: 0.5363 - accuracy: 0.8154
 155/1563 [=>............................] - ETA: 37s - loss: 0.5347 - accuracy: 0.8157
 157/1563 [==>...........................] - ETA: 37s - loss: 0.5360 - accuracy: 0.8153
 159/1563 [==>...........................] - ETA: 37s - loss: 0.5352 - accuracy: 0.8154
 161/1563 [==>...........................] - ETA: 38s - loss: 0.5330 - accuracy: 0.8164
 163/1563 [==>...........................] - ETA: 37s - loss: 0.5349 - accuracy: 0.8156
 165/1563 [==>...........................] - ETA: 38s - loss: 0.5346 - accuracy: 0.8155
 167/1563 [==>...........................] - ETA: 38s - loss: 0.5346 - accuracy: 0.8147
 170/1563 [==>...........................] - ETA: 38s - loss: 0.5343 - accuracy: 0.8143
 173/1563 [==>...........................] - ETA: 37s - loss: 0.5346 - accuracy: 0.8147
 175/1563 [==>...........................] - ETA: 38s - loss: 0.5366 - accuracy: 0.8143
 177/1563 [==>...........................] - ETA: 38s - loss: 0.5362 - accuracy: 0.8144
 178/1563 [==>...........................] - ETA: 38s - loss: 0.5369 - accuracy: 0.8144
 181/1563 [==>...........................] - ETA: 38s - loss: 0.5363 - accuracy: 0.8146
 183/1563 [==>...........................] - ETA: 38s - loss: 0.5368 - accuracy: 0.8152
 185/1563 [==>...........................] - ETA: 38s - loss: 0.5358 - accuracy: 0.8157
 188/1563 [==>...........................] - ETA: 37s - loss: 0.5363 - accuracy: 0.8150
 190/1563 [==>...........................] - ETA: 37s - loss: 0.5352 - accuracy: 0.8153
 192/1563 [==>...........................] - ETA: 38s - loss: 0.5366 - accuracy: 0.8148
 194/1563 [==>...........................] - ETA: 38s - loss: 0.5364 - accuracy: 0.8144
 197/1563 [==>...........................] - ETA: 37s - loss: 0.5383 - accuracy: 0.8138
 199/1563 [==>...........................] - ETA: 37s - loss: 0.5389 - accuracy: 0.8139
 202/1563 [==>...........................] - ETA: 37s - loss: 0.5387 - accuracy: 0.8147
 204/1563 [==>...........................] - ETA: 37s - loss: 0.5418 - accuracy: 0.8139
 206/1563 [==>...........................] - ETA: 37s - loss: 0.5422 - accuracy: 0.8142
 208/1563 [==>...........................] - ETA: 37s - loss: 0.5424 - accuracy: 0.8137
 210/1563 [===>..........................] - ETA: 37s - loss: 0.5423 - accuracy: 0.8137
 213/1563 [===>..........................] - ETA: 37s - loss: 0.5434 - accuracy: 0.8134
 215/1563 [===>..........................] - ETA: 37s - loss: 0.5428 - accuracy: 0.8132
 217/1563 [===>..........................] - ETA: 37s - loss: 0.5440 - accuracy: 0.8128
 219/1563 [===>..........................] - ETA: 37s - loss: 0.5424 - accuracy: 0.8136
 221/1563 [===>..........................] - ETA: 37s - loss: 0.5427 - accuracy: 0.8135
 223/1563 [===>..........................] - ETA: 37s - loss: 0.5451 - accuracy: 0.8126
 225/1563 [===>..........................] - ETA: 37s - loss: 0.5460 - accuracy: 0.8124
 227/1563 [===>..........................] - ETA: 37s - loss: 0.5463 - accuracy: 0.8124
 229/1563 [===>..........................] - ETA: 37s - loss: 0.5473 - accuracy: 0.8118
 231/1563 [===>..........................] - ETA: 37s - loss: 0.5475 - accuracy: 0.8120
 233/1563 [===>..........................] - ETA: 37s - loss: 0.5475 - accuracy: 0.8117
 235/1563 [===>..........................] - ETA: 37s - loss: 0.5476 - accuracy: 0.8118
 237/1563 [===>..........................] - ETA: 37s - loss: 0.5457 - accuracy: 0.8126
 239/1563 [===>..........................] - ETA: 37s - loss: 0.5457 - accuracy: 0.8126
 241/1563 [===>..........................] - ETA: 37s - loss: 0.5470 - accuracy: 0.8126
 243/1563 [===>..........................] - ETA: 37s - loss: 0.5475 - accuracy: 0.8125
 245/1563 [===>..........................] - ETA: 37s - loss: 0.5469 - accuracy: 0.8128
 247/1563 [===>..........................] - ETA: 37s - loss: 0.5463 - accuracy: 0.8128
 249/1563 [===>..........................] - ETA: 37s - loss: 0.5477 - accuracy: 0.8122
 251/1563 [===>..........................] - ETA: 37s - loss: 0.5498 - accuracy: 0.8118
 253/1563 [===>..........................] - ETA: 37s - loss: 0.5489 - accuracy: 0.8120
 255/1563 [===>..........................] - ETA: 37s - loss: 0.5486 - accuracy: 0.8123
 258/1563 [===>..........................] - ETA: 37s - loss: 0.5484 - accuracy: 0.8121
 261/1563 [====>.........................] - ETA: 37s - loss: 0.5480 - accuracy: 0.8129
 263/1563 [====>.........................] - ETA: 37s - loss: 0.5487 - accuracy: 0.8125
 265/1563 [====>.........................] - ETA: 37s - loss: 0.5474 - accuracy: 0.8131
 267/1563 [====>.........................] - ETA: 36s - loss: 0.5481 - accuracy: 0.8130
 269/1563 [====>.........................] - ETA: 36s - loss: 0.5484 - accuracy: 0.8131
 271/1563 [====>.........................] - ETA: 36s - loss: 0.5497 - accuracy: 0.8126
 274/1563 [====>.........................] - ETA: 36s - loss: 0.5496 - accuracy: 0.8125
 276/1563 [====>.........................] - ETA: 36s - loss: 0.5497 - accuracy: 0.8122
 279/1563 [====>.........................] - ETA: 36s - loss: 0.5513 - accuracy: 0.8114
 281/1563 [====>.........................] - ETA: 36s - loss: 0.5515 - accuracy: 0.8114
 283/1563 [====>.........................] - ETA: 36s - loss: 0.5527 - accuracy: 0.8112
 285/1563 [====>.........................] - ETA: 36s - loss: 0.5528 - accuracy: 0.8112
 287/1563 [====>.........................] - ETA: 36s - loss: 0.5524 - accuracy: 0.8110
 289/1563 [====>.........................] - ETA: 36s - loss: 0.5519 - accuracy: 0.8111
 291/1563 [====>.........................] - ETA: 36s - loss: 0.5521 - accuracy: 0.8108
 293/1563 [====>.........................] - ETA: 36s - loss: 0.5525 - accuracy: 0.8105
 295/1563 [====>.........................] - ETA: 36s - loss: 0.5532 - accuracy: 0.8105
 298/1563 [====>.........................] - ETA: 36s - loss: 0.5545 - accuracy: 0.8101
 300/1563 [====>.........................] - ETA: 35s - loss: 0.5542 - accuracy: 0.8103
 301/1563 [====>.........................] - ETA: 35s - loss: 0.5541 - accuracy: 0.8104
 303/1563 [====>.........................] - ETA: 35s - loss: 0.5547 - accuracy: 0.8099
 306/1563 [====>.........................] - ETA: 35s - loss: 0.5546 - accuracy: 0.8097
 309/1563 [====>.........................] - ETA: 35s - loss: 0.5551 - accuracy: 0.8094
 311/1563 [====>.........................] - ETA: 35s - loss: 0.5566 - accuracy: 0.8088
 313/1563 [=====>........................] - ETA: 35s - loss: 0.5572 - accuracy: 0.8088
 315/1563 [=====>........................] - ETA: 35s - loss: 0.5563 - accuracy: 0.8091
 317/1563 [=====>........................] - ETA: 35s - loss: 0.5574 - accuracy: 0.8085
 319/1563 [=====>........................] - ETA: 35s - loss: 0.5570 - accuracy: 0.8085
 322/1563 [=====>........................] - ETA: 35s - loss: 0.5582 - accuracy: 0.8076
 324/1563 [=====>........................] - ETA: 35s - loss: 0.5584 - accuracy: 0.8072
 326/1563 [=====>........................] - ETA: 35s - loss: 0.5582 - accuracy: 0.8071
 328/1563 [=====>........................] - ETA: 35s - loss: 0.5586 - accuracy: 0.8073
 330/1563 [=====>........................] - ETA: 35s - loss: 0.5580 - accuracy: 0.8075
 332/1563 [=====>........................] - ETA: 35s - loss: 0.5584 - accuracy: 0.8071
 334/1563 [=====>........................] - ETA: 35s - loss: 0.5579 - accuracy: 0.8074
 337/1563 [=====>........................] - ETA: 35s - loss: 0.5579 - accuracy: 0.8068
 339/1563 [=====>........................] - ETA: 35s - loss: 0.5584 - accuracy: 0.8066
 341/1563 [=====>........................] - ETA: 35s - loss: 0.5598 - accuracy: 0.8065
 343/1563 [=====>........................] - ETA: 35s - loss: 0.5603 - accuracy: 0.8064
 345/1563 [=====>........................] - ETA: 35s - loss: 0.5602 - accuracy: 0.8064
 347/1563 [=====>........................] - ETA: 35s - loss: 0.5603 - accuracy: 0.8066
 349/1563 [=====>........................] - ETA: 35s - loss: 0.5594 - accuracy: 0.8069
 351/1563 [=====>........................] - ETA: 35s - loss: 0.5597 - accuracy: 0.8067
 354/1563 [=====>........................] - ETA: 34s - loss: 0.5594 - accuracy: 0.8069
 356/1563 [=====>........................] - ETA: 34s - loss: 0.5600 - accuracy: 0.8071
 359/1563 [=====>........................] - ETA: 34s - loss: 0.5596 - accuracy: 0.8069
 362/1563 [=====>........................] - ETA: 34s - loss: 0.5604 - accuracy: 0.8065
 364/1563 [=====>........................] - ETA: 34s - loss: 0.5603 - accuracy: 0.8065
 366/1563 [======>.......................] - ETA: 34s - loss: 0.5607 - accuracy: 0.8060
 368/1563 [======>.......................] - ETA: 34s - loss: 0.5602 - accuracy: 0.8063
 370/1563 [======>.......................] - ETA: 34s - loss: 0.5602 - accuracy: 0.8062
 372/1563 [======>.......................] - ETA: 34s - loss: 0.5602 - accuracy: 0.8060
 374/1563 [======>.......................] - ETA: 34s - loss: 0.5609 - accuracy: 0.8061
 377/1563 [======>.......................] - ETA: 34s - loss: 0.5615 - accuracy: 0.8062
 380/1563 [======>.......................] - ETA: 34s - loss: 0.5618 - accuracy: 0.8059
 383/1563 [======>.......................] - ETA: 33s - loss: 0.5626 - accuracy: 0.8059
 384/1563 [======>.......................] - ETA: 33s - loss: 0.5622 - accuracy: 0.8061
 387/1563 [======>.......................] - ETA: 33s - loss: 0.5639 - accuracy: 0.8056
 389/1563 [======>.......................] - ETA: 33s - loss: 0.5647 - accuracy: 0.8052
 391/1563 [======>.......................] - ETA: 33s - loss: 0.5651 - accuracy: 0.8050
 393/1563 [======>.......................] - ETA: 33s - loss: 0.5650 - accuracy: 0.8049
 395/1563 [======>.......................] - ETA: 33s - loss: 0.5654 - accuracy: 0.8046
 398/1563 [======>.......................] - ETA: 33s - loss: 0.5652 - accuracy: 0.8042
 400/1563 [======>.......................] - ETA: 33s - loss: 0.5644 - accuracy: 0.8043
 403/1563 [======>.......................] - ETA: 33s - loss: 0.5658 - accuracy: 0.8037
 405/1563 [======>.......................] - ETA: 33s - loss: 0.5658 - accuracy: 0.8039
 406/1563 [======>.......................] - ETA: 33s - loss: 0.5662 - accuracy: 0.8038
 409/1563 [======>.......................] - ETA: 33s - loss: 0.5679 - accuracy: 0.8033
 411/1563 [======>.......................] - ETA: 33s - loss: 0.5674 - accuracy: 0.8035
 414/1563 [======>.......................] - ETA: 33s - loss: 0.5685 - accuracy: 0.8031
 416/1563 [======>.......................] - ETA: 33s - loss: 0.5680 - accuracy: 0.8034
 418/1563 [=======>......................] - ETA: 32s - loss: 0.5690 - accuracy: 0.8029
 420/1563 [=======>......................] - ETA: 32s - loss: 0.5683 - accuracy: 0.8033
 422/1563 [=======>......................] - ETA: 32s - loss: 0.5681 - accuracy: 0.8030
 424/1563 [=======>......................] - ETA: 32s - loss: 0.5688 - accuracy: 0.8027
 427/1563 [=======>......................] - ETA: 32s - loss: 0.5697 - accuracy: 0.8022
 430/1563 [=======>......................] - ETA: 32s - loss: 0.5705 - accuracy: 0.8020
 432/1563 [=======>......................] - ETA: 32s - loss: 0.5715 - accuracy: 0.8019
 434/1563 [=======>......................] - ETA: 32s - loss: 0.5711 - accuracy: 0.8021
 437/1563 [=======>......................] - ETA: 32s - loss: 0.5714 - accuracy: 0.8022
 439/1563 [=======>......................] - ETA: 32s - loss: 0.5710 - accuracy: 0.8025
 441/1563 [=======>......................] - ETA: 32s - loss: 0.5719 - accuracy: 0.8022
 444/1563 [=======>......................] - ETA: 32s - loss: 0.5717 - accuracy: 0.8024
 446/1563 [=======>......................] - ETA: 32s - loss: 0.5719 - accuracy: 0.8023
 448/1563 [=======>......................] - ETA: 32s - loss: 0.5716 - accuracy: 0.8023
 450/1563 [=======>......................] - ETA: 32s - loss: 0.5716 - accuracy: 0.8023
 453/1563 [=======>......................] - ETA: 32s - loss: 0.5712 - accuracy: 0.8024
 455/1563 [=======>......................] - ETA: 31s - loss: 0.5717 - accuracy: 0.8021
 458/1563 [=======>......................] - ETA: 31s - loss: 0.5715 - accuracy: 0.8022
 460/1563 [=======>......................] - ETA: 31s - loss: 0.5717 - accuracy: 0.8021
 463/1563 [=======>......................] - ETA: 31s - loss: 0.5712 - accuracy: 0.8024
 465/1563 [=======>......................] - ETA: 31s - loss: 0.5710 - accuracy: 0.8024
 467/1563 [=======>......................] - ETA: 31s - loss: 0.5722 - accuracy: 0.8019
 469/1563 [========>.....................] - ETA: 31s - loss: 0.5722 - accuracy: 0.8020
 472/1563 [========>.....................] - ETA: 31s - loss: 0.5720 - accuracy: 0.8023
 474/1563 [========>.....................] - ETA: 31s - loss: 0.5715 - accuracy: 0.8023
 476/1563 [========>.....................] - ETA: 31s - loss: 0.5716 - accuracy: 0.8023
 478/1563 [========>.....................] - ETA: 31s - loss: 0.5711 - accuracy: 0.8026
 480/1563 [========>.....................] - ETA: 31s - loss: 0.5714 - accuracy: 0.8027
 482/1563 [========>.....................] - ETA: 31s - loss: 0.5714 - accuracy: 0.8026
 484/1563 [========>.....................] - ETA: 31s - loss: 0.5725 - accuracy: 0.8023
 486/1563 [========>.....................] - ETA: 31s - loss: 0.5724 - accuracy: 0.8021
 488/1563 [========>.....................] - ETA: 31s - loss: 0.5724 - accuracy: 0.8019
 490/1563 [========>.....................] - ETA: 31s - loss: 0.5737 - accuracy: 0.8016
 492/1563 [========>.....................] - ETA: 31s - loss: 0.5744 - accuracy: 0.8014
 494/1563 [========>.....................] - ETA: 31s - loss: 0.5746 - accuracy: 0.8016
 497/1563 [========>.....................] - ETA: 30s - loss: 0.5743 - accuracy: 0.8016
 499/1563 [========>.....................] - ETA: 30s - loss: 0.5749 - accuracy: 0.8013
 501/1563 [========>.....................] - ETA: 30s - loss: 0.5750 - accuracy: 0.8013
 503/1563 [========>.....................] - ETA: 30s - loss: 0.5743 - accuracy: 0.8017
 505/1563 [========>.....................] - ETA: 30s - loss: 0.5742 - accuracy: 0.8019
 508/1563 [========>.....................] - ETA: 30s - loss: 0.5744 - accuracy: 0.8019
 510/1563 [========>.....................] - ETA: 30s - loss: 0.5747 - accuracy: 0.8020
 512/1563 [========>.....................] - ETA: 30s - loss: 0.5750 - accuracy: 0.8018
 515/1563 [========>.....................] - ETA: 30s - loss: 0.5751 - accuracy: 0.8015
 517/1563 [========>.....................] - ETA: 30s - loss: 0.5749 - accuracy: 0.8015
 519/1563 [========>.....................] - ETA: 30s - loss: 0.5742 - accuracy: 0.8017
 521/1563 [=========>....................] - ETA: 30s - loss: 0.5749 - accuracy: 0.8017
 523/1563 [=========>....................] - ETA: 30s - loss: 0.5756 - accuracy: 0.8014
 525/1563 [=========>....................] - ETA: 30s - loss: 0.5758 - accuracy: 0.8012
 527/1563 [=========>....................] - ETA: 30s - loss: 0.5765 - accuracy: 0.8009
 528/1563 [=========>....................] - ETA: 30s - loss: 0.5762 - accuracy: 0.8011
 529/1563 [=========>....................] - ETA: 30s - loss: 0.5766 - accuracy: 0.8009
 532/1563 [=========>....................] - ETA: 30s - loss: 0.5767 - accuracy: 0.8008
 535/1563 [=========>....................] - ETA: 29s - loss: 0.5768 - accuracy: 0.8007
 537/1563 [=========>....................] - ETA: 29s - loss: 0.5769 - accuracy: 0.8006
 540/1563 [=========>....................] - ETA: 29s - loss: 0.5759 - accuracy: 0.8009
 542/1563 [=========>....................] - ETA: 29s - loss: 0.5763 - accuracy: 0.8005
 544/1563 [=========>....................] - ETA: 29s - loss: 0.5757 - accuracy: 0.8007
 546/1563 [=========>....................] - ETA: 29s - loss: 0.5755 - accuracy: 0.8007
 548/1563 [=========>....................] - ETA: 29s - loss: 0.5760 - accuracy: 0.8005
 551/1563 [=========>....................] - ETA: 29s - loss: 0.5765 - accuracy: 0.8005
 553/1563 [=========>....................] - ETA: 29s - loss: 0.5765 - accuracy: 0.8004
 555/1563 [=========>....................] - ETA: 29s - loss: 0.5775 - accuracy: 0.8003
 557/1563 [=========>....................] - ETA: 29s - loss: 0.5774 - accuracy: 0.8004
 560/1563 [=========>....................] - ETA: 29s - loss: 0.5773 - accuracy: 0.8004
 563/1563 [=========>....................] - ETA: 29s - loss: 0.5778 - accuracy: 0.8005
 565/1563 [=========>....................] - ETA: 29s - loss: 0.5772 - accuracy: 0.8008
 567/1563 [=========>....................] - ETA: 29s - loss: 0.5780 - accuracy: 0.8005
 569/1563 [=========>....................] - ETA: 29s - loss: 0.5778 - accuracy: 0.8006
 572/1563 [=========>....................] - ETA: 29s - loss: 0.5771 - accuracy: 0.8008
 574/1563 [==========>...................] - ETA: 28s - loss: 0.5770 - accuracy: 0.8008
 576/1563 [==========>...................] - ETA: 28s - loss: 0.5770 - accuracy: 0.8008
 579/1563 [==========>...................] - ETA: 28s - loss: 0.5771 - accuracy: 0.8009
 581/1563 [==========>...................] - ETA: 28s - loss: 0.5771 - accuracy: 0.8009
 583/1563 [==========>...................] - ETA: 28s - loss: 0.5765 - accuracy: 0.8010
 585/1563 [==========>...................] - ETA: 28s - loss: 0.5775 - accuracy: 0.8007
 587/1563 [==========>...................] - ETA: 28s - loss: 0.5781 - accuracy: 0.8005
 590/1563 [==========>...................] - ETA: 28s - loss: 0.5787 - accuracy: 0.8003
 592/1563 [==========>...................] - ETA: 28s - loss: 0.5787 - accuracy: 0.8004
 594/1563 [==========>...................] - ETA: 28s - loss: 0.5783 - accuracy: 0.8005
 596/1563 [==========>...................] - ETA: 28s - loss: 0.5785 - accuracy: 0.8002
 598/1563 [==========>...................] - ETA: 28s - loss: 0.5785 - accuracy: 0.8001
 600/1563 [==========>...................] - ETA: 28s - loss: 0.5790 - accuracy: 0.8001
 603/1563 [==========>...................] - ETA: 28s - loss: 0.5789 - accuracy: 0.8001
 606/1563 [==========>...................] - ETA: 27s - loss: 0.5783 - accuracy: 0.8004
 608/1563 [==========>...................] - ETA: 27s - loss: 0.5787 - accuracy: 0.8002
 610/1563 [==========>...................] - ETA: 27s - loss: 0.5785 - accuracy: 0.8002
 612/1563 [==========>...................] - ETA: 27s - loss: 0.5794 - accuracy: 0.7999
 614/1563 [==========>...................] - ETA: 27s - loss: 0.5797 - accuracy: 0.7998
 616/1563 [==========>...................] - ETA: 27s - loss: 0.5791 - accuracy: 0.8000
 619/1563 [==========>...................] - ETA: 27s - loss: 0.5795 - accuracy: 0.7998
 622/1563 [==========>...................] - ETA: 27s - loss: 0.5808 - accuracy: 0.7993
 625/1563 [==========>...................] - ETA: 27s - loss: 0.5806 - accuracy: 0.7993
 627/1563 [===========>..................] - ETA: 27s - loss: 0.5806 - accuracy: 0.7994
 629/1563 [===========>..................] - ETA: 27s - loss: 0.5803 - accuracy: 0.7994
 631/1563 [===========>..................] - ETA: 27s - loss: 0.5802 - accuracy: 0.7993
 633/1563 [===========>..................] - ETA: 27s - loss: 0.5802 - accuracy: 0.7994
 635/1563 [===========>..................] - ETA: 27s - loss: 0.5804 - accuracy: 0.7994
 638/1563 [===========>..................] - ETA: 27s - loss: 0.5802 - accuracy: 0.7992
 640/1563 [===========>..................] - ETA: 27s - loss: 0.5804 - accuracy: 0.7991
 642/1563 [===========>..................] - ETA: 27s - loss: 0.5805 - accuracy: 0.7990
 644/1563 [===========>..................] - ETA: 26s - loss: 0.5802 - accuracy: 0.7991
 646/1563 [===========>..................] - ETA: 26s - loss: 0.5806 - accuracy: 0.7988
 648/1563 [===========>..................] - ETA: 26s - loss: 0.5809 - accuracy: 0.7987
 650/1563 [===========>..................] - ETA: 26s - loss: 0.5807 - accuracy: 0.7986
 652/1563 [===========>..................] - ETA: 26s - loss: 0.5814 - accuracy: 0.7983
 654/1563 [===========>..................] - ETA: 26s - loss: 0.5813 - accuracy: 0.7983
 657/1563 [===========>..................] - ETA: 26s - loss: 0.5816 - accuracy: 0.7981
 660/1563 [===========>..................] - ETA: 26s - loss: 0.5821 - accuracy: 0.7980
 662/1563 [===========>..................] - ETA: 26s - loss: 0.5830 - accuracy: 0.7978
 664/1563 [===========>..................] - ETA: 26s - loss: 0.5827 - accuracy: 0.7979
 666/1563 [===========>..................] - ETA: 26s - loss: 0.5831 - accuracy: 0.7975
 668/1563 [===========>..................] - ETA: 26s - loss: 0.5830 - accuracy: 0.7976
 670/1563 [===========>..................] - ETA: 26s - loss: 0.5832 - accuracy: 0.7976
 672/1563 [===========>..................] - ETA: 26s - loss: 0.5835 - accuracy: 0.7976
 675/1563 [===========>..................] - ETA: 26s - loss: 0.5834 - accuracy: 0.7977
 677/1563 [===========>..................] - ETA: 26s - loss: 0.5830 - accuracy: 0.7977
 680/1563 [============>.................] - ETA: 26s - loss: 0.5834 - accuracy: 0.7974
 682/1563 [============>.................] - ETA: 25s - loss: 0.5838 - accuracy: 0.7971
 685/1563 [============>.................] - ETA: 25s - loss: 0.5843 - accuracy: 0.7968
 687/1563 [============>.................] - ETA: 25s - loss: 0.5841 - accuracy: 0.7968
 689/1563 [============>.................] - ETA: 25s - loss: 0.5840 - accuracy: 0.7967
 692/1563 [============>.................] - ETA: 25s - loss: 0.5842 - accuracy: 0.7966
 694/1563 [============>.................] - ETA: 25s - loss: 0.5844 - accuracy: 0.7966
 697/1563 [============>.................] - ETA: 25s - loss: 0.5839 - accuracy: 0.7967
 700/1563 [============>.................] - ETA: 25s - loss: 0.5837 - accuracy: 0.7971
 703/1563 [============>.................] - ETA: 25s - loss: 0.5841 - accuracy: 0.7969
 705/1563 [============>.................] - ETA: 25s - loss: 0.5846 - accuracy: 0.7966
 708/1563 [============>.................] - ETA: 25s - loss: 0.5848 - accuracy: 0.7967
 711/1563 [============>.................] - ETA: 24s - loss: 0.5855 - accuracy: 0.7965
 713/1563 [============>.................] - ETA: 24s - loss: 0.5854 - accuracy: 0.7965
 715/1563 [============>.................] - ETA: 24s - loss: 0.5855 - accuracy: 0.7965
 718/1563 [============>.................] - ETA: 24s - loss: 0.5851 - accuracy: 0.7966
 720/1563 [============>.................] - ETA: 24s - loss: 0.5856 - accuracy: 0.7965
 723/1563 [============>.................] - ETA: 24s - loss: 0.5852 - accuracy: 0.7966
 725/1563 [============>.................] - ETA: 24s - loss: 0.5856 - accuracy: 0.7966
 727/1563 [============>.................] - ETA: 24s - loss: 0.5856 - accuracy: 0.7965
 729/1563 [============>.................] - ETA: 24s - loss: 0.5854 - accuracy: 0.7966
 731/1563 [=============>................] - ETA: 24s - loss: 0.5858 - accuracy: 0.7963
 733/1563 [=============>................] - ETA: 24s - loss: 0.5853 - accuracy: 0.7966
 735/1563 [=============>................] - ETA: 24s - loss: 0.5854 - accuracy: 0.7966
 737/1563 [=============>................] - ETA: 24s - loss: 0.5853 - accuracy: 0.7966
 739/1563 [=============>................] - ETA: 24s - loss: 0.5860 - accuracy: 0.7963
 741/1563 [=============>................] - ETA: 24s - loss: 0.5859 - accuracy: 0.7964
 744/1563 [=============>................] - ETA: 24s - loss: 0.5858 - accuracy: 0.7964
 746/1563 [=============>................] - ETA: 24s - loss: 0.5859 - accuracy: 0.7964
 749/1563 [=============>................] - ETA: 23s - loss: 0.5858 - accuracy: 0.7964
 751/1563 [=============>................] - ETA: 23s - loss: 0.5858 - accuracy: 0.7964
 753/1563 [=============>................] - ETA: 23s - loss: 0.5856 - accuracy: 0.7964
 755/1563 [=============>................] - ETA: 23s - loss: 0.5855 - accuracy: 0.7965
 757/1563 [=============>................] - ETA: 23s - loss: 0.5858 - accuracy: 0.7964
 760/1563 [=============>................] - ETA: 23s - loss: 0.5857 - accuracy: 0.7965
 762/1563 [=============>................] - ETA: 23s - loss: 0.5859 - accuracy: 0.7964
 764/1563 [=============>................] - ETA: 23s - loss: 0.5860 - accuracy: 0.7965
 765/1563 [=============>................] - ETA: 23s - loss: 0.5865 - accuracy: 0.7963
 767/1563 [=============>................] - ETA: 23s - loss: 0.5863 - accuracy: 0.7963
 768/1563 [=============>................] - ETA: 23s - loss: 0.5865 - accuracy: 0.7961
 771/1563 [=============>................] - ETA: 23s - loss: 0.5862 - accuracy: 0.7962
 774/1563 [=============>................] - ETA: 23s - loss: 0.5867 - accuracy: 0.7960
 776/1563 [=============>................] - ETA: 23s - loss: 0.5863 - accuracy: 0.7961
 778/1563 [=============>................] - ETA: 23s - loss: 0.5865 - accuracy: 0.7962
 780/1563 [=============>................] - ETA: 23s - loss: 0.5867 - accuracy: 0.7961
 782/1563 [==============>...............] - ETA: 23s - loss: 0.5866 - accuracy: 0.7962
 784/1563 [==============>...............] - ETA: 22s - loss: 0.5862 - accuracy: 0.7963
 786/1563 [==============>...............] - ETA: 22s - loss: 0.5865 - accuracy: 0.7962
 789/1563 [==============>...............] - ETA: 22s - loss: 0.5867 - accuracy: 0.7961
 792/1563 [==============>...............] - ETA: 22s - loss: 0.5874 - accuracy: 0.7958
 794/1563 [==============>...............] - ETA: 22s - loss: 0.5874 - accuracy: 0.7959
 796/1563 [==============>...............] - ETA: 22s - loss: 0.5869 - accuracy: 0.7959
 798/1563 [==============>...............] - ETA: 22s - loss: 0.5866 - accuracy: 0.7959
 800/1563 [==============>...............] - ETA: 22s - loss: 0.5865 - accuracy: 0.7959
 803/1563 [==============>...............] - ETA: 22s - loss: 0.5867 - accuracy: 0.7957
 805/1563 [==============>...............] - ETA: 22s - loss: 0.5868 - accuracy: 0.7955
 807/1563 [==============>...............] - ETA: 22s - loss: 0.5868 - accuracy: 0.7956
 809/1563 [==============>...............] - ETA: 22s - loss: 0.5865 - accuracy: 0.7958
 811/1563 [==============>...............] - ETA: 22s - loss: 0.5865 - accuracy: 0.7959
 814/1563 [==============>...............] - ETA: 22s - loss: 0.5860 - accuracy: 0.7961
 816/1563 [==============>...............] - ETA: 22s - loss: 0.5860 - accuracy: 0.7960
 819/1563 [==============>...............] - ETA: 21s - loss: 0.5865 - accuracy: 0.7960
 821/1563 [==============>...............] - ETA: 21s - loss: 0.5862 - accuracy: 0.7961
 823/1563 [==============>...............] - ETA: 21s - loss: 0.5863 - accuracy: 0.7960
 825/1563 [==============>...............] - ETA: 21s - loss: 0.5862 - accuracy: 0.7959
 827/1563 [==============>...............] - ETA: 21s - loss: 0.5865 - accuracy: 0.7958
 829/1563 [==============>...............] - ETA: 21s - loss: 0.5861 - accuracy: 0.7960
 831/1563 [==============>...............] - ETA: 21s - loss: 0.5858 - accuracy: 0.7960
 834/1563 [===============>..............] - ETA: 21s - loss: 0.5859 - accuracy: 0.7960
 836/1563 [===============>..............] - ETA: 21s - loss: 0.5853 - accuracy: 0.7962
 839/1563 [===============>..............] - ETA: 21s - loss: 0.5852 - accuracy: 0.7963
 841/1563 [===============>..............] - ETA: 21s - loss: 0.5854 - accuracy: 0.7963
 843/1563 [===============>..............] - ETA: 21s - loss: 0.5856 - accuracy: 0.7961
 845/1563 [===============>..............] - ETA: 21s - loss: 0.5858 - accuracy: 0.7960
 847/1563 [===============>..............] - ETA: 21s - loss: 0.5855 - accuracy: 0.7961
 848/1563 [===============>..............] - ETA: 21s - loss: 0.5853 - accuracy: 0.7962
 850/1563 [===============>..............] - ETA: 21s - loss: 0.5857 - accuracy: 0.7961
 853/1563 [===============>..............] - ETA: 21s - loss: 0.5858 - accuracy: 0.7961
 855/1563 [===============>..............] - ETA: 21s - loss: 0.5858 - accuracy: 0.7961
 857/1563 [===============>..............] - ETA: 20s - loss: 0.5855 - accuracy: 0.7962
 859/1563 [===============>..............] - ETA: 20s - loss: 0.5855 - accuracy: 0.7962
 861/1563 [===============>..............] - ETA: 20s - loss: 0.5854 - accuracy: 0.7962
 863/1563 [===============>..............] - ETA: 20s - loss: 0.5850 - accuracy: 0.7963
 865/1563 [===============>..............] - ETA: 20s - loss: 0.5851 - accuracy: 0.7962
 867/1563 [===============>..............] - ETA: 20s - loss: 0.5851 - accuracy: 0.7962
 869/1563 [===============>..............] - ETA: 20s - loss: 0.5848 - accuracy: 0.7963
 871/1563 [===============>..............] - ETA: 20s - loss: 0.5854 - accuracy: 0.7961
 873/1563 [===============>..............] - ETA: 20s - loss: 0.5852 - accuracy: 0.7961
 875/1563 [===============>..............] - ETA: 20s - loss: 0.5852 - accuracy: 0.7962
 877/1563 [===============>..............] - ETA: 20s - loss: 0.5851 - accuracy: 0.7962
 879/1563 [===============>..............] - ETA: 20s - loss: 0.5852 - accuracy: 0.7961
 882/1563 [===============>..............] - ETA: 20s - loss: 0.5854 - accuracy: 0.7960
 884/1563 [===============>..............] - ETA: 20s - loss: 0.5855 - accuracy: 0.7958
 886/1563 [================>.............] - ETA: 20s - loss: 0.5851 - accuracy: 0.7960
 889/1563 [================>.............] - ETA: 20s - loss: 0.5854 - accuracy: 0.7959
 891/1563 [================>.............] - ETA: 20s - loss: 0.5853 - accuracy: 0.7960
 893/1563 [================>.............] - ETA: 19s - loss: 0.5857 - accuracy: 0.7958
 896/1563 [================>.............] - ETA: 19s - loss: 0.5858 - accuracy: 0.7958
 898/1563 [================>.............] - ETA: 19s - loss: 0.5857 - accuracy: 0.7959
 900/1563 [================>.............] - ETA: 19s - loss: 0.5861 - accuracy: 0.7958
 902/1563 [================>.............] - ETA: 19s - loss: 0.5860 - accuracy: 0.7957
 904/1563 [================>.............] - ETA: 19s - loss: 0.5861 - accuracy: 0.7956
 906/1563 [================>.............] - ETA: 19s - loss: 0.5859 - accuracy: 0.7957
 908/1563 [================>.............] - ETA: 19s - loss: 0.5860 - accuracy: 0.7957
 910/1563 [================>.............] - ETA: 19s - loss: 0.5863 - accuracy: 0.7956
 912/1563 [================>.............] - ETA: 19s - loss: 0.5862 - accuracy: 0.7956
 914/1563 [================>.............] - ETA: 19s - loss: 0.5858 - accuracy: 0.7957
 917/1563 [================>.............] - ETA: 19s - loss: 0.5854 - accuracy: 0.7960
 920/1563 [================>.............] - ETA: 19s - loss: 0.5855 - accuracy: 0.7959
 923/1563 [================>.............] - ETA: 19s - loss: 0.5860 - accuracy: 0.7958
 926/1563 [================>.............] - ETA: 18s - loss: 0.5858 - accuracy: 0.7959
 928/1563 [================>.............] - ETA: 18s - loss: 0.5859 - accuracy: 0.7959
 930/1563 [================>.............] - ETA: 18s - loss: 0.5864 - accuracy: 0.7958
 932/1563 [================>.............] - ETA: 18s - loss: 0.5859 - accuracy: 0.7960
 934/1563 [================>.............] - ETA: 18s - loss: 0.5861 - accuracy: 0.7959
 936/1563 [================>.............] - ETA: 18s - loss: 0.5859 - accuracy: 0.7960
 938/1563 [=================>............] - ETA: 18s - loss: 0.5856 - accuracy: 0.7961
 940/1563 [=================>............] - ETA: 18s - loss: 0.5857 - accuracy: 0.7960
 942/1563 [=================>............] - ETA: 18s - loss: 0.5856 - accuracy: 0.7961
 944/1563 [=================>............] - ETA: 18s - loss: 0.5860 - accuracy: 0.7958
 946/1563 [=================>............] - ETA: 18s - loss: 0.5859 - accuracy: 0.7959
 948/1563 [=================>............] - ETA: 18s - loss: 0.5858 - accuracy: 0.7960
 950/1563 [=================>............] - ETA: 18s - loss: 0.5859 - accuracy: 0.7960
 952/1563 [=================>............] - ETA: 18s - loss: 0.5857 - accuracy: 0.7961
 954/1563 [=================>............] - ETA: 18s - loss: 0.5856 - accuracy: 0.7961
 956/1563 [=================>............] - ETA: 18s - loss: 0.5856 - accuracy: 0.7962
 958/1563 [=================>............] - ETA: 18s - loss: 0.5853 - accuracy: 0.7964
 961/1563 [=================>............] - ETA: 17s - loss: 0.5859 - accuracy: 0.7961
 963/1563 [=================>............] - ETA: 17s - loss: 0.5864 - accuracy: 0.7960
 965/1563 [=================>............] - ETA: 17s - loss: 0.5863 - accuracy: 0.7961
 967/1563 [=================>............] - ETA: 17s - loss: 0.5861 - accuracy: 0.7962
 968/1563 [=================>............] - ETA: 17s - loss: 0.5860 - accuracy: 0.7962
 970/1563 [=================>............] - ETA: 17s - loss: 0.5859 - accuracy: 0.7962
 973/1563 [=================>............] - ETA: 17s - loss: 0.5864 - accuracy: 0.7961
 976/1563 [=================>............] - ETA: 17s - loss: 0.5866 - accuracy: 0.7960
 978/1563 [=================>............] - ETA: 17s - loss: 0.5870 - accuracy: 0.7958
 980/1563 [=================>............] - ETA: 17s - loss: 0.5870 - accuracy: 0.7959
 982/1563 [=================>............] - ETA: 17s - loss: 0.5869 - accuracy: 0.7958
 985/1563 [=================>............] - ETA: 17s - loss: 0.5869 - accuracy: 0.7957
 987/1563 [=================>............] - ETA: 17s - loss: 0.5874 - accuracy: 0.7957
 990/1563 [==================>...........] - ETA: 17s - loss: 0.5875 - accuracy: 0.7955
 992/1563 [==================>...........] - ETA: 17s - loss: 0.5878 - accuracy: 0.7955
 994/1563 [==================>...........] - ETA: 17s - loss: 0.5879 - accuracy: 0.7954
 996/1563 [==================>...........] - ETA: 16s - loss: 0.5881 - accuracy: 0.7954
 998/1563 [==================>...........] - ETA: 16s - loss: 0.5885 - accuracy: 0.7952
1000/1563 [==================>...........] - ETA: 16s - loss: 0.5886 - accuracy: 0.7952
1002/1563 [==================>...........] - ETA: 16s - loss: 0.5883 - accuracy: 0.7953
1004/1563 [==================>...........] - ETA: 16s - loss: 0.5880 - accuracy: 0.7954
1007/1563 [==================>...........] - ETA: 16s - loss: 0.5879 - accuracy: 0.7954
1009/1563 [==================>...........] - ETA: 16s - loss: 0.5883 - accuracy: 0.7953
1011/1563 [==================>...........] - ETA: 16s - loss: 0.5887 - accuracy: 0.7952
1013/1563 [==================>...........] - ETA: 16s - loss: 0.5889 - accuracy: 0.7950
1015/1563 [==================>...........] - ETA: 16s - loss: 0.5889 - accuracy: 0.7951
1018/1563 [==================>...........] - ETA: 16s - loss: 0.5887 - accuracy: 0.7952
1021/1563 [==================>...........] - ETA: 16s - loss: 0.5890 - accuracy: 0.7951
1023/1563 [==================>...........] - ETA: 16s - loss: 0.5894 - accuracy: 0.7949
1026/1563 [==================>...........] - ETA: 16s - loss: 0.5892 - accuracy: 0.7950
1028/1563 [==================>...........] - ETA: 15s - loss: 0.5893 - accuracy: 0.7950
1030/1563 [==================>...........] - ETA: 15s - loss: 0.5894 - accuracy: 0.7950
1033/1563 [==================>...........] - ETA: 15s - loss: 0.5895 - accuracy: 0.7950
1035/1563 [==================>...........] - ETA: 15s - loss: 0.5897 - accuracy: 0.7949
1037/1563 [==================>...........] - ETA: 15s - loss: 0.5902 - accuracy: 0.7948
1039/1563 [==================>...........] - ETA: 15s - loss: 0.5902 - accuracy: 0.7950
1041/1563 [==================>...........] - ETA: 15s - loss: 0.5901 - accuracy: 0.7950
1043/1563 [===================>..........] - ETA: 15s - loss: 0.5899 - accuracy: 0.7952
1046/1563 [===================>..........] - ETA: 15s - loss: 0.5898 - accuracy: 0.7952
1048/1563 [===================>..........] - ETA: 15s - loss: 0.5896 - accuracy: 0.7952
1050/1563 [===================>..........] - ETA: 15s - loss: 0.5892 - accuracy: 0.7953
1053/1563 [===================>..........] - ETA: 15s - loss: 0.5895 - accuracy: 0.7952
1055/1563 [===================>..........] - ETA: 15s - loss: 0.5895 - accuracy: 0.7951
1057/1563 [===================>..........] - ETA: 15s - loss: 0.5895 - accuracy: 0.7952
1059/1563 [===================>..........] - ETA: 15s - loss: 0.5899 - accuracy: 0.7950
1061/1563 [===================>..........] - ETA: 15s - loss: 0.5901 - accuracy: 0.7949
1064/1563 [===================>..........] - ETA: 14s - loss: 0.5904 - accuracy: 0.7949
1066/1563 [===================>..........] - ETA: 14s - loss: 0.5902 - accuracy: 0.7949
1068/1563 [===================>..........] - ETA: 14s - loss: 0.5905 - accuracy: 0.7948
1070/1563 [===================>..........] - ETA: 14s - loss: 0.5908 - accuracy: 0.7947
1073/1563 [===================>..........] - ETA: 14s - loss: 0.5905 - accuracy: 0.7948
1075/1563 [===================>..........] - ETA: 14s - loss: 0.5901 - accuracy: 0.7950
1077/1563 [===================>..........] - ETA: 14s - loss: 0.5903 - accuracy: 0.7949
1080/1563 [===================>..........] - ETA: 14s - loss: 0.5907 - accuracy: 0.7948
1083/1563 [===================>..........] - ETA: 14s - loss: 0.5904 - accuracy: 0.7948
1085/1563 [===================>..........] - ETA: 14s - loss: 0.5904 - accuracy: 0.7949
1087/1563 [===================>..........] - ETA: 14s - loss: 0.5905 - accuracy: 0.7948
1089/1563 [===================>..........] - ETA: 14s - loss: 0.5902 - accuracy: 0.7949
1092/1563 [===================>..........] - ETA: 14s - loss: 0.5904 - accuracy: 0.7947
1094/1563 [===================>..........] - ETA: 14s - loss: 0.5907 - accuracy: 0.7946
1097/1563 [====================>.........] - ETA: 13s - loss: 0.5903 - accuracy: 0.7948
1099/1563 [====================>.........] - ETA: 13s - loss: 0.5906 - accuracy: 0.7947
1100/1563 [====================>.........] - ETA: 13s - loss: 0.5908 - accuracy: 0.7947
1102/1563 [====================>.........] - ETA: 13s - loss: 0.5905 - accuracy: 0.7948
1105/1563 [====================>.........] - ETA: 13s - loss: 0.5902 - accuracy: 0.7950
1107/1563 [====================>.........] - ETA: 13s - loss: 0.5904 - accuracy: 0.7950
1109/1563 [====================>.........] - ETA: 13s - loss: 0.5906 - accuracy: 0.7950
1111/1563 [====================>.........] - ETA: 13s - loss: 0.5905 - accuracy: 0.7950
1113/1563 [====================>.........] - ETA: 13s - loss: 0.5902 - accuracy: 0.7951
1115/1563 [====================>.........] - ETA: 13s - loss: 0.5901 - accuracy: 0.7951
1117/1563 [====================>.........] - ETA: 13s - loss: 0.5902 - accuracy: 0.7950
1119/1563 [====================>.........] - ETA: 13s - loss: 0.5904 - accuracy: 0.7949
1121/1563 [====================>.........] - ETA: 13s - loss: 0.5904 - accuracy: 0.7949
1123/1563 [====================>.........] - ETA: 13s - loss: 0.5905 - accuracy: 0.7950
1125/1563 [====================>.........] - ETA: 13s - loss: 0.5904 - accuracy: 0.7950
1127/1563 [====================>.........] - ETA: 13s - loss: 0.5904 - accuracy: 0.7950
1130/1563 [====================>.........] - ETA: 12s - loss: 0.5907 - accuracy: 0.7947
1132/1563 [====================>.........] - ETA: 12s - loss: 0.5906 - accuracy: 0.7946
1135/1563 [====================>.........] - ETA: 12s - loss: 0.5904 - accuracy: 0.7947
1137/1563 [====================>.........] - ETA: 12s - loss: 0.5905 - accuracy: 0.7947
1139/1563 [====================>.........] - ETA: 12s - loss: 0.5907 - accuracy: 0.7946
1141/1563 [====================>.........] - ETA: 12s - loss: 0.5909 - accuracy: 0.7944
1143/1563 [====================>.........] - ETA: 12s - loss: 0.5910 - accuracy: 0.7945
1146/1563 [====================>.........] - ETA: 12s - loss: 0.5908 - accuracy: 0.7946
1148/1563 [=====================>........] - ETA: 12s - loss: 0.5908 - accuracy: 0.7946
1150/1563 [=====================>........] - ETA: 12s - loss: 0.5904 - accuracy: 0.7948
1152/1563 [=====================>........] - ETA: 12s - loss: 0.5903 - accuracy: 0.7948
1154/1563 [=====================>........] - ETA: 12s - loss: 0.5902 - accuracy: 0.7947
1156/1563 [=====================>........] - ETA: 12s - loss: 0.5902 - accuracy: 0.7946
1159/1563 [=====================>........] - ETA: 12s - loss: 0.5901 - accuracy: 0.7946
1161/1563 [=====================>........] - ETA: 12s - loss: 0.5902 - accuracy: 0.7945
1163/1563 [=====================>........] - ETA: 11s - loss: 0.5903 - accuracy: 0.7945
1165/1563 [=====================>........] - ETA: 11s - loss: 0.5900 - accuracy: 0.7945
1167/1563 [=====================>........] - ETA: 11s - loss: 0.5901 - accuracy: 0.7943
1169/1563 [=====================>........] - ETA: 11s - loss: 0.5904 - accuracy: 0.7942
1171/1563 [=====================>........] - ETA: 11s - loss: 0.5903 - accuracy: 0.7942
1174/1563 [=====================>........] - ETA: 11s - loss: 0.5909 - accuracy: 0.7939
1176/1563 [=====================>........] - ETA: 11s - loss: 0.5912 - accuracy: 0.7938
1178/1563 [=====================>........] - ETA: 11s - loss: 0.5911 - accuracy: 0.7939
1180/1563 [=====================>........] - ETA: 11s - loss: 0.5910 - accuracy: 0.7938
1183/1563 [=====================>........] - ETA: 11s - loss: 0.5914 - accuracy: 0.7936
1185/1563 [=====================>........] - ETA: 11s - loss: 0.5914 - accuracy: 0.7936
1188/1563 [=====================>........] - ETA: 11s - loss: 0.5915 - accuracy: 0.7936
1190/1563 [=====================>........] - ETA: 11s - loss: 0.5917 - accuracy: 0.7935
1191/1563 [=====================>........] - ETA: 11s - loss: 0.5919 - accuracy: 0.7935
1194/1563 [=====================>........] - ETA: 11s - loss: 0.5918 - accuracy: 0.7934
1196/1563 [=====================>........] - ETA: 10s - loss: 0.5920 - accuracy: 0.7933
1198/1563 [=====================>........] - ETA: 10s - loss: 0.5922 - accuracy: 0.7932
1200/1563 [======================>.......] - ETA: 10s - loss: 0.5921 - accuracy: 0.7932
1202/1563 [======================>.......] - ETA: 10s - loss: 0.5921 - accuracy: 0.7931
1205/1563 [======================>.......] - ETA: 10s - loss: 0.5918 - accuracy: 0.7932
1207/1563 [======================>.......] - ETA: 10s - loss: 0.5919 - accuracy: 0.7932
1209/1563 [======================>.......] - ETA: 10s - loss: 0.5921 - accuracy: 0.7931
1211/1563 [======================>.......] - ETA: 10s - loss: 0.5918 - accuracy: 0.7932
1213/1563 [======================>.......] - ETA: 10s - loss: 0.5918 - accuracy: 0.7932
1215/1563 [======================>.......] - ETA: 10s - loss: 0.5916 - accuracy: 0.7932
1216/1563 [======================>.......] - ETA: 10s - loss: 0.5918 - accuracy: 0.7931
1218/1563 [======================>.......] - ETA: 10s - loss: 0.5915 - accuracy: 0.7932
1220/1563 [======================>.......] - ETA: 10s - loss: 0.5916 - accuracy: 0.7932
1222/1563 [======================>.......] - ETA: 10s - loss: 0.5914 - accuracy: 0.7933
1224/1563 [======================>.......] - ETA: 10s - loss: 0.5912 - accuracy: 0.7934
1227/1563 [======================>.......] - ETA: 10s - loss: 0.5913 - accuracy: 0.7934
1229/1563 [======================>.......] - ETA: 10s - loss: 0.5917 - accuracy: 0.7934
1232/1563 [======================>.......] - ETA: 9s - loss: 0.5922 - accuracy: 0.7932 
1234/1563 [======================>.......] - ETA: 9s - loss: 0.5917 - accuracy: 0.7934
1236/1563 [======================>.......] - ETA: 9s - loss: 0.5920 - accuracy: 0.7932
1238/1563 [======================>.......] - ETA: 9s - loss: 0.5923 - accuracy: 0.7931
1241/1563 [======================>.......] - ETA: 9s - loss: 0.5922 - accuracy: 0.7932
1243/1563 [======================>.......] - ETA: 9s - loss: 0.5923 - accuracy: 0.7931
1245/1563 [======================>.......] - ETA: 9s - loss: 0.5924 - accuracy: 0.7931
1247/1563 [======================>.......] - ETA: 9s - loss: 0.5926 - accuracy: 0.7930
1249/1563 [======================>.......] - ETA: 9s - loss: 0.5926 - accuracy: 0.7931
1251/1563 [=======================>......] - ETA: 9s - loss: 0.5926 - accuracy: 0.7931
1253/1563 [=======================>......] - ETA: 9s - loss: 0.5926 - accuracy: 0.7932
1255/1563 [=======================>......] - ETA: 9s - loss: 0.5926 - accuracy: 0.7932
1257/1563 [=======================>......] - ETA: 9s - loss: 0.5926 - accuracy: 0.7932
1259/1563 [=======================>......] - ETA: 9s - loss: 0.5929 - accuracy: 0.7932
1261/1563 [=======================>......] - ETA: 9s - loss: 0.5928 - accuracy: 0.7932
1263/1563 [=======================>......] - ETA: 9s - loss: 0.5929 - accuracy: 0.7932
1265/1563 [=======================>......] - ETA: 8s - loss: 0.5930 - accuracy: 0.7932
1267/1563 [=======================>......] - ETA: 8s - loss: 0.5932 - accuracy: 0.7931
1269/1563 [=======================>......] - ETA: 8s - loss: 0.5934 - accuracy: 0.7930
1271/1563 [=======================>......] - ETA: 8s - loss: 0.5936 - accuracy: 0.7929
1273/1563 [=======================>......] - ETA: 8s - loss: 0.5939 - accuracy: 0.7928
1276/1563 [=======================>......] - ETA: 8s - loss: 0.5940 - accuracy: 0.7928
1278/1563 [=======================>......] - ETA: 8s - loss: 0.5942 - accuracy: 0.7928
1280/1563 [=======================>......] - ETA: 8s - loss: 0.5943 - accuracy: 0.7928
1282/1563 [=======================>......] - ETA: 8s - loss: 0.5939 - accuracy: 0.7929
1284/1563 [=======================>......] - ETA: 8s - loss: 0.5943 - accuracy: 0.7928
1286/1563 [=======================>......] - ETA: 8s - loss: 0.5942 - accuracy: 0.7927
1288/1563 [=======================>......] - ETA: 8s - loss: 0.5941 - accuracy: 0.7928
1290/1563 [=======================>......] - ETA: 8s - loss: 0.5940 - accuracy: 0.7929
1292/1563 [=======================>......] - ETA: 8s - loss: 0.5938 - accuracy: 0.7929
1294/1563 [=======================>......] - ETA: 8s - loss: 0.5939 - accuracy: 0.7929
1296/1563 [=======================>......] - ETA: 8s - loss: 0.5936 - accuracy: 0.7930
1298/1563 [=======================>......] - ETA: 7s - loss: 0.5933 - accuracy: 0.7930
1300/1563 [=======================>......] - ETA: 7s - loss: 0.5934 - accuracy: 0.7930
1302/1563 [=======================>......] - ETA: 7s - loss: 0.5934 - accuracy: 0.7931
1305/1563 [========================>.....] - ETA: 7s - loss: 0.5935 - accuracy: 0.7930
1307/1563 [========================>.....] - ETA: 7s - loss: 0.5937 - accuracy: 0.7929
1309/1563 [========================>.....] - ETA: 7s - loss: 0.5938 - accuracy: 0.7930
1311/1563 [========================>.....] - ETA: 7s - loss: 0.5941 - accuracy: 0.7929
1313/1563 [========================>.....] - ETA: 7s - loss: 0.5941 - accuracy: 0.7929
1316/1563 [========================>.....] - ETA: 7s - loss: 0.5940 - accuracy: 0.7930
1318/1563 [========================>.....] - ETA: 7s - loss: 0.5941 - accuracy: 0.7929
1320/1563 [========================>.....] - ETA: 7s - loss: 0.5943 - accuracy: 0.7929
1322/1563 [========================>.....] - ETA: 7s - loss: 0.5943 - accuracy: 0.7930
1324/1563 [========================>.....] - ETA: 7s - loss: 0.5940 - accuracy: 0.7930
1327/1563 [========================>.....] - ETA: 7s - loss: 0.5946 - accuracy: 0.7927
1330/1563 [========================>.....] - ETA: 7s - loss: 0.5945 - accuracy: 0.7927
1332/1563 [========================>.....] - ETA: 6s - loss: 0.5941 - accuracy: 0.7929
1334/1563 [========================>.....] - ETA: 6s - loss: 0.5942 - accuracy: 0.7928
1337/1563 [========================>.....] - ETA: 6s - loss: 0.5941 - accuracy: 0.7928
1339/1563 [========================>.....] - ETA: 6s - loss: 0.5941 - accuracy: 0.7928
1341/1563 [========================>.....] - ETA: 6s - loss: 0.5942 - accuracy: 0.7928
1343/1563 [========================>.....] - ETA: 6s - loss: 0.5941 - accuracy: 0.7929
1345/1563 [========================>.....] - ETA: 6s - loss: 0.5941 - accuracy: 0.7928
1347/1563 [========================>.....] - ETA: 6s - loss: 0.5940 - accuracy: 0.7928
1350/1563 [========================>.....] - ETA: 6s - loss: 0.5937 - accuracy: 0.7928
1353/1563 [========================>.....] - ETA: 6s - loss: 0.5940 - accuracy: 0.7926
1355/1563 [=========================>....] - ETA: 6s - loss: 0.5938 - accuracy: 0.7926
1357/1563 [=========================>....] - ETA: 6s - loss: 0.5939 - accuracy: 0.7926
1359/1563 [=========================>....] - ETA: 6s - loss: 0.5944 - accuracy: 0.7924
1361/1563 [=========================>....] - ETA: 6s - loss: 0.5944 - accuracy: 0.7924
1363/1563 [=========================>....] - ETA: 6s - loss: 0.5946 - accuracy: 0.7924
1365/1563 [=========================>....] - ETA: 5s - loss: 0.5945 - accuracy: 0.7924
1366/1563 [=========================>....] - ETA: 5s - loss: 0.5945 - accuracy: 0.7923
1369/1563 [=========================>....] - ETA: 5s - loss: 0.5947 - accuracy: 0.7923
1371/1563 [=========================>....] - ETA: 5s - loss: 0.5949 - accuracy: 0.7921
1373/1563 [=========================>....] - ETA: 5s - loss: 0.5949 - accuracy: 0.7921
1375/1563 [=========================>....] - ETA: 5s - loss: 0.5949 - accuracy: 0.7922
1377/1563 [=========================>....] - ETA: 5s - loss: 0.5948 - accuracy: 0.7922
1380/1563 [=========================>....] - ETA: 5s - loss: 0.5946 - accuracy: 0.7923
1382/1563 [=========================>....] - ETA: 5s - loss: 0.5944 - accuracy: 0.7924
1384/1563 [=========================>....] - ETA: 5s - loss: 0.5942 - accuracy: 0.7924
1387/1563 [=========================>....] - ETA: 5s - loss: 0.5938 - accuracy: 0.7925
1389/1563 [=========================>....] - ETA: 5s - loss: 0.5939 - accuracy: 0.7926
1391/1563 [=========================>....] - ETA: 5s - loss: 0.5940 - accuracy: 0.7924
1393/1563 [=========================>....] - ETA: 5s - loss: 0.5939 - accuracy: 0.7925
1396/1563 [=========================>....] - ETA: 5s - loss: 0.5937 - accuracy: 0.7925
1398/1563 [=========================>....] - ETA: 4s - loss: 0.5935 - accuracy: 0.7925
1400/1563 [=========================>....] - ETA: 4s - loss: 0.5939 - accuracy: 0.7924
1402/1563 [=========================>....] - ETA: 4s - loss: 0.5939 - accuracy: 0.7924
1403/1563 [=========================>....] - ETA: 4s - loss: 0.5941 - accuracy: 0.7923
1405/1563 [=========================>....] - ETA: 4s - loss: 0.5942 - accuracy: 0.7923
1407/1563 [==========================>...] - ETA: 4s - loss: 0.5945 - accuracy: 0.7922
1409/1563 [==========================>...] - ETA: 4s - loss: 0.5943 - accuracy: 0.7923
1411/1563 [==========================>...] - ETA: 4s - loss: 0.5944 - accuracy: 0.7923
1413/1563 [==========================>...] - ETA: 4s - loss: 0.5941 - accuracy: 0.7924
1415/1563 [==========================>...] - ETA: 4s - loss: 0.5943 - accuracy: 0.7923
1417/1563 [==========================>...] - ETA: 4s - loss: 0.5942 - accuracy: 0.7923
1419/1563 [==========================>...] - ETA: 4s - loss: 0.5941 - accuracy: 0.7924
1421/1563 [==========================>...] - ETA: 4s - loss: 0.5939 - accuracy: 0.7925
1423/1563 [==========================>...] - ETA: 4s - loss: 0.5937 - accuracy: 0.7925
1425/1563 [==========================>...] - ETA: 4s - loss: 0.5941 - accuracy: 0.7923
1427/1563 [==========================>...] - ETA: 4s - loss: 0.5939 - accuracy: 0.7923
1429/1563 [==========================>...] - ETA: 4s - loss: 0.5942 - accuracy: 0.7922
1431/1563 [==========================>...] - ETA: 3s - loss: 0.5941 - accuracy: 0.7923
1433/1563 [==========================>...] - ETA: 3s - loss: 0.5942 - accuracy: 0.7923
1435/1563 [==========================>...] - ETA: 3s - loss: 0.5940 - accuracy: 0.7923
1438/1563 [==========================>...] - ETA: 3s - loss: 0.5939 - accuracy: 0.7924
1440/1563 [==========================>...] - ETA: 3s - loss: 0.5941 - accuracy: 0.7923
1443/1563 [==========================>...] - ETA: 3s - loss: 0.5939 - accuracy: 0.7924
1445/1563 [==========================>...] - ETA: 3s - loss: 0.5940 - accuracy: 0.7924
1447/1563 [==========================>...] - ETA: 3s - loss: 0.5942 - accuracy: 0.7924
1449/1563 [==========================>...] - ETA: 3s - loss: 0.5943 - accuracy: 0.7923
1451/1563 [==========================>...] - ETA: 3s - loss: 0.5941 - accuracy: 0.7923
1454/1563 [==========================>...] - ETA: 3s - loss: 0.5942 - accuracy: 0.7922
1456/1563 [==========================>...] - ETA: 3s - loss: 0.5941 - accuracy: 0.7923
1458/1563 [==========================>...] - ETA: 3s - loss: 0.5943 - accuracy: 0.7922
1460/1563 [===========================>..] - ETA: 3s - loss: 0.5941 - accuracy: 0.7922
1462/1563 [===========================>..] - ETA: 3s - loss: 0.5939 - accuracy: 0.7922
1464/1563 [===========================>..] - ETA: 2s - loss: 0.5940 - accuracy: 0.7922
1466/1563 [===========================>..] - ETA: 2s - loss: 0.5941 - accuracy: 0.7922
1469/1563 [===========================>..] - ETA: 2s - loss: 0.5940 - accuracy: 0.7922
1471/1563 [===========================>..] - ETA: 2s - loss: 0.5947 - accuracy: 0.7919
1474/1563 [===========================>..] - ETA: 2s - loss: 0.5947 - accuracy: 0.7919
1476/1563 [===========================>..] - ETA: 2s - loss: 0.5946 - accuracy: 0.7919
1478/1563 [===========================>..] - ETA: 2s - loss: 0.5945 - accuracy: 0.7918
1480/1563 [===========================>..] - ETA: 2s - loss: 0.5944 - accuracy: 0.7919
1482/1563 [===========================>..] - ETA: 2s - loss: 0.5943 - accuracy: 0.7919
1484/1563 [===========================>..] - ETA: 2s - loss: 0.5942 - accuracy: 0.7919
1486/1563 [===========================>..] - ETA: 2s - loss: 0.5941 - accuracy: 0.7919
1488/1563 [===========================>..] - ETA: 2s - loss: 0.5943 - accuracy: 0.7919
1490/1563 [===========================>..] - ETA: 2s - loss: 0.5945 - accuracy: 0.7919
1492/1563 [===========================>..] - ETA: 2s - loss: 0.5945 - accuracy: 0.7918
1494/1563 [===========================>..] - ETA: 2s - loss: 0.5945 - accuracy: 0.7918
1496/1563 [===========================>..] - ETA: 2s - loss: 0.5947 - accuracy: 0.7918
1499/1563 [===========================>..] - ETA: 1s - loss: 0.5947 - accuracy: 0.7917
1501/1563 [===========================>..] - ETA: 1s - loss: 0.5949 - accuracy: 0.7917
1503/1563 [===========================>..] - ETA: 1s - loss: 0.5949 - accuracy: 0.7917
1505/1563 [===========================>..] - ETA: 1s - loss: 0.5948 - accuracy: 0.7917
1507/1563 [===========================>..] - ETA: 1s - loss: 0.5948 - accuracy: 0.7917
1510/1563 [===========================>..] - ETA: 1s - loss: 0.5947 - accuracy: 0.7917
1512/1563 [============================>.] - ETA: 1s - loss: 0.5946 - accuracy: 0.7918
1515/1563 [============================>.] - ETA: 1s - loss: 0.5946 - accuracy: 0.7917
1517/1563 [============================>.] - ETA: 1s - loss: 0.5943 - accuracy: 0.7919
1520/1563 [============================>.] - ETA: 1s - loss: 0.5945 - accuracy: 0.7917
1522/1563 [============================>.] - ETA: 1s - loss: 0.5944 - accuracy: 0.7918
1525/1563 [============================>.] - ETA: 1s - loss: 0.5942 - accuracy: 0.7918
1527/1563 [============================>.] - ETA: 1s - loss: 0.5939 - accuracy: 0.7919
1530/1563 [============================>.] - ETA: 0s - loss: 0.5940 - accuracy: 0.7919
1532/1563 [============================>.] - ETA: 0s - loss: 0.5941 - accuracy: 0.7918
1534/1563 [============================>.] - ETA: 0s - loss: 0.5940 - accuracy: 0.7919
1536/1563 [============================>.] - ETA: 0s - loss: 0.5942 - accuracy: 0.7918
1538/1563 [============================>.] - ETA: 0s - loss: 0.5942 - accuracy: 0.7919
1540/1563 [============================>.] - ETA: 0s - loss: 0.5940 - accuracy: 0.7919
1542/1563 [============================>.] - ETA: 0s - loss: 0.5942 - accuracy: 0.7919
1544/1563 [============================>.] - ETA: 0s - loss: 0.5939 - accuracy: 0.7920
1546/1563 [============================>.] - ETA: 0s - loss: 0.5939 - accuracy: 0.7920
1548/1563 [============================>.] - ETA: 0s - loss: 0.5939 - accuracy: 0.7920
1550/1563 [============================>.] - ETA: 0s - loss: 0.5940 - accuracy: 0.7919
1552/1563 [============================>.] - ETA: 0s - loss: 0.5943 - accuracy: 0.7918
1555/1563 [============================>.] - ETA: 0s - loss: 0.5944 - accuracy: 0.7918
1557/1563 [============================>.] - ETA: 0s - loss: 0.5943 - accuracy: 0.7919
1559/1563 [============================>.] - ETA: 0s - loss: 0.5941 - accuracy: 0.7919
1561/1563 [============================>.] - ETA: 0s - loss: 0.5941 - accuracy: 0.7919
1563/1563 [==============================] - 52s 33ms/step - loss: 0.5941 - accuracy: 0.7918 - val_loss: 0.8204 - val_accuracy: 0.7293
Epoch 6/100

   1/1563 [..............................] - ETA: 1:23 - loss: 0.5731 - accuracy: 0.8438
   4/1563 [..............................] - ETA: 40s - loss: 0.4044 - accuracy: 0.8594 
   6/1563 [..............................] - ETA: 40s - loss: 0.4521 - accuracy: 0.8333
   8/1563 [..............................] - ETA: 47s - loss: 0.4589 - accuracy: 0.8320
  10/1563 [..............................] - ETA: 50s - loss: 0.4689 - accuracy: 0.8250
  12/1563 [..............................] - ETA: 49s - loss: 0.5088 - accuracy: 0.8073
  14/1563 [..............................] - ETA: 49s - loss: 0.5089 - accuracy: 0.8125
  17/1563 [..............................] - ETA: 48s - loss: 0.5052 - accuracy: 0.8162
  19/1563 [..............................] - ETA: 48s - loss: 0.4883 - accuracy: 0.8224
  21/1563 [..............................] - ETA: 47s - loss: 0.4680 - accuracy: 0.8289
  23/1563 [..............................] - ETA: 49s - loss: 0.4867 - accuracy: 0.8193
  26/1563 [..............................] - ETA: 47s - loss: 0.4767 - accuracy: 0.8209
  28/1563 [..............................] - ETA: 47s - loss: 0.4722 - accuracy: 0.8237
  30/1563 [..............................] - ETA: 47s - loss: 0.4804 - accuracy: 0.8229
  32/1563 [..............................] - ETA: 47s - loss: 0.4789 - accuracy: 0.8252
  34/1563 [..............................] - ETA: 47s - loss: 0.4739 - accuracy: 0.8263
  36/1563 [..............................] - ETA: 47s - loss: 0.4690 - accuracy: 0.8281
  38/1563 [..............................] - ETA: 47s - loss: 0.4769 - accuracy: 0.8248
  40/1563 [..............................] - ETA: 47s - loss: 0.4813 - accuracy: 0.8227
  43/1563 [..............................] - ETA: 47s - loss: 0.4765 - accuracy: 0.8249
  45/1563 [..............................] - ETA: 47s - loss: 0.4771 - accuracy: 0.8257
  47/1563 [..............................] - ETA: 47s - loss: 0.4836 - accuracy: 0.8225
  49/1563 [..............................] - ETA: 47s - loss: 0.4812 - accuracy: 0.8221
  51/1563 [..............................] - ETA: 47s - loss: 0.4744 - accuracy: 0.8241
  54/1563 [>.............................] - ETA: 46s - loss: 0.4687 - accuracy: 0.8258
  57/1563 [>.............................] - ETA: 45s - loss: 0.4686 - accuracy: 0.8240
  59/1563 [>.............................] - ETA: 46s - loss: 0.4672 - accuracy: 0.8252
  61/1563 [>.............................] - ETA: 46s - loss: 0.4724 - accuracy: 0.8253
  63/1563 [>.............................] - ETA: 46s - loss: 0.4745 - accuracy: 0.8234
  66/1563 [>.............................] - ETA: 46s - loss: 0.4735 - accuracy: 0.8234
  68/1563 [>.............................] - ETA: 46s - loss: 0.4724 - accuracy: 0.8240
  70/1563 [>.............................] - ETA: 46s - loss: 0.4728 - accuracy: 0.8232
  72/1563 [>.............................] - ETA: 46s - loss: 0.4720 - accuracy: 0.8238
  74/1563 [>.............................] - ETA: 46s - loss: 0.4759 - accuracy: 0.8209
  76/1563 [>.............................] - ETA: 46s - loss: 0.4755 - accuracy: 0.8191
  78/1563 [>.............................] - ETA: 46s - loss: 0.4729 - accuracy: 0.8213
  80/1563 [>.............................] - ETA: 46s - loss: 0.4735 - accuracy: 0.8215
  82/1563 [>.............................] - ETA: 46s - loss: 0.4773 - accuracy: 0.8194
  84/1563 [>.............................] - ETA: 46s - loss: 0.4724 - accuracy: 0.8214
  86/1563 [>.............................] - ETA: 46s - loss: 0.4751 - accuracy: 0.8212
  88/1563 [>.............................] - ETA: 46s - loss: 0.4752 - accuracy: 0.8210
  90/1563 [>.............................] - ETA: 46s - loss: 0.4736 - accuracy: 0.8219
  92/1563 [>.............................] - ETA: 46s - loss: 0.4722 - accuracy: 0.8224
  94/1563 [>.............................] - ETA: 46s - loss: 0.4717 - accuracy: 0.8231
  96/1563 [>.............................] - ETA: 46s - loss: 0.4711 - accuracy: 0.8232
  98/1563 [>.............................] - ETA: 46s - loss: 0.4724 - accuracy: 0.8237
 101/1563 [>.............................] - ETA: 46s - loss: 0.4720 - accuracy: 0.8233
 103/1563 [>.............................] - ETA: 46s - loss: 0.4700 - accuracy: 0.8246
 105/1563 [=>............................] - ETA: 46s - loss: 0.4674 - accuracy: 0.8256
 107/1563 [=>............................] - ETA: 46s - loss: 0.4657 - accuracy: 0.8265
 109/1563 [=>............................] - ETA: 46s - loss: 0.4624 - accuracy: 0.8283
 111/1563 [=>............................] - ETA: 46s - loss: 0.4640 - accuracy: 0.8274
 114/1563 [=>............................] - ETA: 45s - loss: 0.4670 - accuracy: 0.8268
 116/1563 [=>............................] - ETA: 46s - loss: 0.4685 - accuracy: 0.8268
 118/1563 [=>............................] - ETA: 46s - loss: 0.4697 - accuracy: 0.8255
 120/1563 [=>............................] - ETA: 46s - loss: 0.4725 - accuracy: 0.8253
 122/1563 [=>............................] - ETA: 46s - loss: 0.4724 - accuracy: 0.8248
 124/1563 [=>............................] - ETA: 46s - loss: 0.4739 - accuracy: 0.8241
 126/1563 [=>............................] - ETA: 46s - loss: 0.4763 - accuracy: 0.8237
 128/1563 [=>............................] - ETA: 46s - loss: 0.4777 - accuracy: 0.8230
 130/1563 [=>............................] - ETA: 45s - loss: 0.4763 - accuracy: 0.8233
 133/1563 [=>............................] - ETA: 45s - loss: 0.4750 - accuracy: 0.8233
 135/1563 [=>............................] - ETA: 45s - loss: 0.4753 - accuracy: 0.8236
 137/1563 [=>............................] - ETA: 45s - loss: 0.4765 - accuracy: 0.8232
 139/1563 [=>............................] - ETA: 45s - loss: 0.4777 - accuracy: 0.8228
 141/1563 [=>............................] - ETA: 45s - loss: 0.4773 - accuracy: 0.8223
 143/1563 [=>............................] - ETA: 45s - loss: 0.4753 - accuracy: 0.8234
 146/1563 [=>............................] - ETA: 44s - loss: 0.4741 - accuracy: 0.8245
 148/1563 [=>............................] - ETA: 44s - loss: 0.4735 - accuracy: 0.8247
 150/1563 [=>............................] - ETA: 44s - loss: 0.4728 - accuracy: 0.8250
 152/1563 [=>............................] - ETA: 44s - loss: 0.4710 - accuracy: 0.8259
 154/1563 [=>............................] - ETA: 44s - loss: 0.4710 - accuracy: 0.8255
 156/1563 [=>............................] - ETA: 44s - loss: 0.4701 - accuracy: 0.8257
 158/1563 [==>...........................] - ETA: 44s - loss: 0.4698 - accuracy: 0.8259
 160/1563 [==>...........................] - ETA: 44s - loss: 0.4722 - accuracy: 0.8252
 162/1563 [==>...........................] - ETA: 44s - loss: 0.4724 - accuracy: 0.8250
 164/1563 [==>...........................] - ETA: 44s - loss: 0.4707 - accuracy: 0.8264
 166/1563 [==>...........................] - ETA: 44s - loss: 0.4714 - accuracy: 0.8257
 167/1563 [==>...........................] - ETA: 44s - loss: 0.4711 - accuracy: 0.8260
 170/1563 [==>...........................] - ETA: 44s - loss: 0.4716 - accuracy: 0.8261
 172/1563 [==>...........................] - ETA: 44s - loss: 0.4740 - accuracy: 0.8254
 174/1563 [==>...........................] - ETA: 44s - loss: 0.4759 - accuracy: 0.8253
 176/1563 [==>...........................] - ETA: 44s - loss: 0.4755 - accuracy: 0.8251
 178/1563 [==>...........................] - ETA: 44s - loss: 0.4749 - accuracy: 0.8250
 180/1563 [==>...........................] - ETA: 44s - loss: 0.4742 - accuracy: 0.8250
 183/1563 [==>...........................] - ETA: 44s - loss: 0.4745 - accuracy: 0.8245
 185/1563 [==>...........................] - ETA: 43s - loss: 0.4756 - accuracy: 0.8248
 187/1563 [==>...........................] - ETA: 43s - loss: 0.4755 - accuracy: 0.8249
 189/1563 [==>...........................] - ETA: 43s - loss: 0.4758 - accuracy: 0.8251
 191/1563 [==>...........................] - ETA: 43s - loss: 0.4752 - accuracy: 0.8259
 194/1563 [==>...........................] - ETA: 43s - loss: 0.4758 - accuracy: 0.8252
 197/1563 [==>...........................] - ETA: 43s - loss: 0.4738 - accuracy: 0.8260
 198/1563 [==>...........................] - ETA: 43s - loss: 0.4736 - accuracy: 0.8261
 200/1563 [==>...........................] - ETA: 43s - loss: 0.4734 - accuracy: 0.8259
 202/1563 [==>...........................] - ETA: 43s - loss: 0.4732 - accuracy: 0.8258
 204/1563 [==>...........................] - ETA: 43s - loss: 0.4727 - accuracy: 0.8257
 206/1563 [==>...........................] - ETA: 43s - loss: 0.4748 - accuracy: 0.8249
 208/1563 [==>...........................] - ETA: 43s - loss: 0.4758 - accuracy: 0.8248
 210/1563 [===>..........................] - ETA: 43s - loss: 0.4749 - accuracy: 0.8253
 212/1563 [===>..........................] - ETA: 43s - loss: 0.4755 - accuracy: 0.8250
 214/1563 [===>..........................] - ETA: 42s - loss: 0.4742 - accuracy: 0.8252
 216/1563 [===>..........................] - ETA: 42s - loss: 0.4741 - accuracy: 0.8258
 218/1563 [===>..........................] - ETA: 42s - loss: 0.4761 - accuracy: 0.8251
 220/1563 [===>..........................] - ETA: 42s - loss: 0.4751 - accuracy: 0.8254
 222/1563 [===>..........................] - ETA: 42s - loss: 0.4763 - accuracy: 0.8250
 225/1563 [===>..........................] - ETA: 42s - loss: 0.4765 - accuracy: 0.8256
 226/1563 [===>..........................] - ETA: 42s - loss: 0.4766 - accuracy: 0.8258
 229/1563 [===>..........................] - ETA: 42s - loss: 0.4763 - accuracy: 0.8263
 231/1563 [===>..........................] - ETA: 42s - loss: 0.4746 - accuracy: 0.8270
 233/1563 [===>..........................] - ETA: 42s - loss: 0.4741 - accuracy: 0.8271
 235/1563 [===>..........................] - ETA: 42s - loss: 0.4741 - accuracy: 0.8277
 237/1563 [===>..........................] - ETA: 42s - loss: 0.4746 - accuracy: 0.8275
 240/1563 [===>..........................] - ETA: 41s - loss: 0.4746 - accuracy: 0.8280
 242/1563 [===>..........................] - ETA: 41s - loss: 0.4748 - accuracy: 0.8277
 244/1563 [===>..........................] - ETA: 41s - loss: 0.4733 - accuracy: 0.8284
 246/1563 [===>..........................] - ETA: 41s - loss: 0.4735 - accuracy: 0.8281
 248/1563 [===>..........................] - ETA: 41s - loss: 0.4745 - accuracy: 0.8279
 250/1563 [===>..........................] - ETA: 41s - loss: 0.4744 - accuracy: 0.8279
 252/1563 [===>..........................] - ETA: 41s - loss: 0.4746 - accuracy: 0.8278
 254/1563 [===>..........................] - ETA: 41s - loss: 0.4745 - accuracy: 0.8276
 256/1563 [===>..........................] - ETA: 41s - loss: 0.4753 - accuracy: 0.8270
 258/1563 [===>..........................] - ETA: 41s - loss: 0.4749 - accuracy: 0.8273
 261/1563 [====>.........................] - ETA: 41s - loss: 0.4740 - accuracy: 0.8279
 264/1563 [====>.........................] - ETA: 41s - loss: 0.4748 - accuracy: 0.8275
 266/1563 [====>.........................] - ETA: 40s - loss: 0.4749 - accuracy: 0.8274
 269/1563 [====>.........................] - ETA: 40s - loss: 0.4740 - accuracy: 0.8274
 271/1563 [====>.........................] - ETA: 40s - loss: 0.4769 - accuracy: 0.8267
 273/1563 [====>.........................] - ETA: 40s - loss: 0.4766 - accuracy: 0.8270
 276/1563 [====>.........................] - ETA: 40s - loss: 0.4768 - accuracy: 0.8270
 278/1563 [====>.........................] - ETA: 40s - loss: 0.4770 - accuracy: 0.8267
 280/1563 [====>.........................] - ETA: 40s - loss: 0.4773 - accuracy: 0.8263
 282/1563 [====>.........................] - ETA: 40s - loss: 0.4769 - accuracy: 0.8262
 284/1563 [====>.........................] - ETA: 40s - loss: 0.4756 - accuracy: 0.8267
 286/1563 [====>.........................] - ETA: 40s - loss: 0.4762 - accuracy: 0.8265
 289/1563 [====>.........................] - ETA: 39s - loss: 0.4764 - accuracy: 0.8264
 291/1563 [====>.........................] - ETA: 39s - loss: 0.4764 - accuracy: 0.8262
 294/1563 [====>.........................] - ETA: 39s - loss: 0.4775 - accuracy: 0.8260
 296/1563 [====>.........................] - ETA: 39s - loss: 0.4778 - accuracy: 0.8262
 298/1563 [====>.........................] - ETA: 39s - loss: 0.4775 - accuracy: 0.8260
 300/1563 [====>.........................] - ETA: 39s - loss: 0.4771 - accuracy: 0.8265
 302/1563 [====>.........................] - ETA: 39s - loss: 0.4766 - accuracy: 0.8269
 304/1563 [====>.........................] - ETA: 39s - loss: 0.4763 - accuracy: 0.8272
 306/1563 [====>.........................] - ETA: 39s - loss: 0.4759 - accuracy: 0.8274
 308/1563 [====>.........................] - ETA: 39s - loss: 0.4763 - accuracy: 0.8274
 311/1563 [====>.........................] - ETA: 39s - loss: 0.4767 - accuracy: 0.8275
 313/1563 [=====>........................] - ETA: 39s - loss: 0.4761 - accuracy: 0.8277
 315/1563 [=====>........................] - ETA: 39s - loss: 0.4756 - accuracy: 0.8279
 317/1563 [=====>........................] - ETA: 39s - loss: 0.4760 - accuracy: 0.8276
 319/1563 [=====>........................] - ETA: 39s - loss: 0.4758 - accuracy: 0.8276
 321/1563 [=====>........................] - ETA: 39s - loss: 0.4766 - accuracy: 0.8276
 323/1563 [=====>........................] - ETA: 39s - loss: 0.4766 - accuracy: 0.8276
 324/1563 [=====>........................] - ETA: 39s - loss: 0.4767 - accuracy: 0.8275
 326/1563 [=====>........................] - ETA: 39s - loss: 0.4776 - accuracy: 0.8271
 328/1563 [=====>........................] - ETA: 39s - loss: 0.4781 - accuracy: 0.8272
 331/1563 [=====>........................] - ETA: 38s - loss: 0.4798 - accuracy: 0.8267
 333/1563 [=====>........................] - ETA: 38s - loss: 0.4801 - accuracy: 0.8267
 335/1563 [=====>........................] - ETA: 38s - loss: 0.4802 - accuracy: 0.8266
 337/1563 [=====>........................] - ETA: 38s - loss: 0.4799 - accuracy: 0.8268
 340/1563 [=====>........................] - ETA: 38s - loss: 0.4801 - accuracy: 0.8266
 342/1563 [=====>........................] - ETA: 38s - loss: 0.4804 - accuracy: 0.8265
 344/1563 [=====>........................] - ETA: 38s - loss: 0.4800 - accuracy: 0.8267
 347/1563 [=====>........................] - ETA: 38s - loss: 0.4794 - accuracy: 0.8268
 349/1563 [=====>........................] - ETA: 38s - loss: 0.4795 - accuracy: 0.8268
 352/1563 [=====>........................] - ETA: 38s - loss: 0.4799 - accuracy: 0.8272
 355/1563 [=====>........................] - ETA: 37s - loss: 0.4801 - accuracy: 0.8273
 358/1563 [=====>........................] - ETA: 37s - loss: 0.4798 - accuracy: 0.8276
 360/1563 [=====>........................] - ETA: 37s - loss: 0.4796 - accuracy: 0.8276
 362/1563 [=====>........................] - ETA: 37s - loss: 0.4799 - accuracy: 0.8275
 364/1563 [=====>........................] - ETA: 37s - loss: 0.4802 - accuracy: 0.8276
 366/1563 [======>.......................] - ETA: 37s - loss: 0.4811 - accuracy: 0.8272
 369/1563 [======>.......................] - ETA: 37s - loss: 0.4800 - accuracy: 0.8274
 371/1563 [======>.......................] - ETA: 37s - loss: 0.4807 - accuracy: 0.8270
 373/1563 [======>.......................] - ETA: 37s - loss: 0.4805 - accuracy: 0.8271
 375/1563 [======>.......................] - ETA: 37s - loss: 0.4810 - accuracy: 0.8269
 378/1563 [======>.......................] - ETA: 37s - loss: 0.4804 - accuracy: 0.8275
 380/1563 [======>.......................] - ETA: 37s - loss: 0.4813 - accuracy: 0.8273
 382/1563 [======>.......................] - ETA: 36s - loss: 0.4818 - accuracy: 0.8271
 384/1563 [======>.......................] - ETA: 36s - loss: 0.4818 - accuracy: 0.8272
 386/1563 [======>.......................] - ETA: 36s - loss: 0.4815 - accuracy: 0.8275
 388/1563 [======>.......................] - ETA: 36s - loss: 0.4816 - accuracy: 0.8274
 390/1563 [======>.......................] - ETA: 36s - loss: 0.4822 - accuracy: 0.8269
 392/1563 [======>.......................] - ETA: 36s - loss: 0.4823 - accuracy: 0.8269
 395/1563 [======>.......................] - ETA: 36s - loss: 0.4829 - accuracy: 0.8267
 396/1563 [======>.......................] - ETA: 36s - loss: 0.4825 - accuracy: 0.8267
 398/1563 [======>.......................] - ETA: 36s - loss: 0.4836 - accuracy: 0.8265
 400/1563 [======>.......................] - ETA: 36s - loss: 0.4833 - accuracy: 0.8266
 402/1563 [======>.......................] - ETA: 36s - loss: 0.4837 - accuracy: 0.8266
 404/1563 [======>.......................] - ETA: 36s - loss: 0.4840 - accuracy: 0.8265
 406/1563 [======>.......................] - ETA: 36s - loss: 0.4838 - accuracy: 0.8264
 408/1563 [======>.......................] - ETA: 36s - loss: 0.4840 - accuracy: 0.8264
 410/1563 [======>.......................] - ETA: 36s - loss: 0.4845 - accuracy: 0.8264
 413/1563 [======>.......................] - ETA: 36s - loss: 0.4845 - accuracy: 0.8265
 415/1563 [======>.......................] - ETA: 36s - loss: 0.4854 - accuracy: 0.8264
 417/1563 [=======>......................] - ETA: 35s - loss: 0.4855 - accuracy: 0.8264
 419/1563 [=======>......................] - ETA: 35s - loss: 0.4847 - accuracy: 0.8267
 421/1563 [=======>......................] - ETA: 35s - loss: 0.4852 - accuracy: 0.8267
 423/1563 [=======>......................] - ETA: 35s - loss: 0.4849 - accuracy: 0.8268
 425/1563 [=======>......................] - ETA: 35s - loss: 0.4842 - accuracy: 0.8271
 427/1563 [=======>......................] - ETA: 35s - loss: 0.4853 - accuracy: 0.8263
 429/1563 [=======>......................] - ETA: 35s - loss: 0.4856 - accuracy: 0.8260
 431/1563 [=======>......................] - ETA: 35s - loss: 0.4859 - accuracy: 0.8261
 433/1563 [=======>......................] - ETA: 35s - loss: 0.4862 - accuracy: 0.8259
 434/1563 [=======>......................] - ETA: 35s - loss: 0.4859 - accuracy: 0.8261
 436/1563 [=======>......................] - ETA: 35s - loss: 0.4856 - accuracy: 0.8262
 438/1563 [=======>......................] - ETA: 35s - loss: 0.4861 - accuracy: 0.8259
 440/1563 [=======>......................] - ETA: 35s - loss: 0.4863 - accuracy: 0.8259
 442/1563 [=======>......................] - ETA: 35s - loss: 0.4867 - accuracy: 0.8257
 445/1563 [=======>......................] - ETA: 35s - loss: 0.4868 - accuracy: 0.8259
 447/1563 [=======>......................] - ETA: 35s - loss: 0.4869 - accuracy: 0.8256
 449/1563 [=======>......................] - ETA: 35s - loss: 0.4863 - accuracy: 0.8259
 451/1563 [=======>......................] - ETA: 35s - loss: 0.4866 - accuracy: 0.8259
 453/1563 [=======>......................] - ETA: 35s - loss: 0.4865 - accuracy: 0.8259
 456/1563 [=======>......................] - ETA: 34s - loss: 0.4873 - accuracy: 0.8257
 458/1563 [=======>......................] - ETA: 34s - loss: 0.4866 - accuracy: 0.8257
 460/1563 [=======>......................] - ETA: 34s - loss: 0.4862 - accuracy: 0.8260
 462/1563 [=======>......................] - ETA: 34s - loss: 0.4865 - accuracy: 0.8258
 465/1563 [=======>......................] - ETA: 34s - loss: 0.4873 - accuracy: 0.8253
 467/1563 [=======>......................] - ETA: 34s - loss: 0.4871 - accuracy: 0.8252
 470/1563 [========>.....................] - ETA: 34s - loss: 0.4874 - accuracy: 0.8252
 472/1563 [========>.....................] - ETA: 34s - loss: 0.4878 - accuracy: 0.8248
 474/1563 [========>.....................] - ETA: 34s - loss: 0.4878 - accuracy: 0.8251
 476/1563 [========>.....................] - ETA: 34s - loss: 0.4876 - accuracy: 0.8250
 478/1563 [========>.....................] - ETA: 34s - loss: 0.4877 - accuracy: 0.8251
 480/1563 [========>.....................] - ETA: 34s - loss: 0.4871 - accuracy: 0.8255
 482/1563 [========>.....................] - ETA: 34s - loss: 0.4869 - accuracy: 0.8255
 484/1563 [========>.....................] - ETA: 34s - loss: 0.4868 - accuracy: 0.8257
 487/1563 [========>.....................] - ETA: 33s - loss: 0.4872 - accuracy: 0.8257
 489/1563 [========>.....................] - ETA: 33s - loss: 0.4878 - accuracy: 0.8253
 491/1563 [========>.....................] - ETA: 33s - loss: 0.4872 - accuracy: 0.8257
 493/1563 [========>.....................] - ETA: 33s - loss: 0.4874 - accuracy: 0.8256
 495/1563 [========>.....................] - ETA: 33s - loss: 0.4867 - accuracy: 0.8259
 498/1563 [========>.....................] - ETA: 33s - loss: 0.4866 - accuracy: 0.8261
 500/1563 [========>.....................] - ETA: 33s - loss: 0.4866 - accuracy: 0.8261
 502/1563 [========>.....................] - ETA: 33s - loss: 0.4866 - accuracy: 0.8261
 505/1563 [========>.....................] - ETA: 33s - loss: 0.4875 - accuracy: 0.8258
 508/1563 [========>.....................] - ETA: 33s - loss: 0.4868 - accuracy: 0.8260
 510/1563 [========>.....................] - ETA: 33s - loss: 0.4872 - accuracy: 0.8259
 513/1563 [========>.....................] - ETA: 32s - loss: 0.4877 - accuracy: 0.8258
 515/1563 [========>.....................] - ETA: 32s - loss: 0.4884 - accuracy: 0.8255
 517/1563 [========>.....................] - ETA: 32s - loss: 0.4889 - accuracy: 0.8254
 520/1563 [========>.....................] - ETA: 32s - loss: 0.4894 - accuracy: 0.8254
 523/1563 [=========>....................] - ETA: 32s - loss: 0.4888 - accuracy: 0.8255
 526/1563 [=========>....................] - ETA: 32s - loss: 0.4891 - accuracy: 0.8254
 528/1563 [=========>....................] - ETA: 32s - loss: 0.4896 - accuracy: 0.8252
 530/1563 [=========>....................] - ETA: 32s - loss: 0.4894 - accuracy: 0.8253
 533/1563 [=========>....................] - ETA: 32s - loss: 0.4904 - accuracy: 0.8249
 534/1563 [=========>....................] - ETA: 32s - loss: 0.4908 - accuracy: 0.8248
 536/1563 [=========>....................] - ETA: 32s - loss: 0.4912 - accuracy: 0.8248
 538/1563 [=========>....................] - ETA: 32s - loss: 0.4918 - accuracy: 0.8248
 540/1563 [=========>....................] - ETA: 32s - loss: 0.4916 - accuracy: 0.8249
 542/1563 [=========>....................] - ETA: 31s - loss: 0.4917 - accuracy: 0.8248
 543/1563 [=========>....................] - ETA: 31s - loss: 0.4917 - accuracy: 0.8245
 545/1563 [=========>....................] - ETA: 31s - loss: 0.4918 - accuracy: 0.8243
 546/1563 [=========>....................] - ETA: 31s - loss: 0.4914 - accuracy: 0.8244
 548/1563 [=========>....................] - ETA: 31s - loss: 0.4920 - accuracy: 0.8242
 550/1563 [=========>....................] - ETA: 31s - loss: 0.4921 - accuracy: 0.8241
 552/1563 [=========>....................] - ETA: 31s - loss: 0.4921 - accuracy: 0.8242
 554/1563 [=========>....................] - ETA: 31s - loss: 0.4925 - accuracy: 0.8242
 556/1563 [=========>....................] - ETA: 31s - loss: 0.4926 - accuracy: 0.8242
 558/1563 [=========>....................] - ETA: 31s - loss: 0.4922 - accuracy: 0.8244
 560/1563 [=========>....................] - ETA: 31s - loss: 0.4925 - accuracy: 0.8243
 562/1563 [=========>....................] - ETA: 31s - loss: 0.4925 - accuracy: 0.8245
 564/1563 [=========>....................] - ETA: 31s - loss: 0.4922 - accuracy: 0.8246
 566/1563 [=========>....................] - ETA: 31s - loss: 0.4922 - accuracy: 0.8246
 568/1563 [=========>....................] - ETA: 31s - loss: 0.4922 - accuracy: 0.8245
 570/1563 [=========>....................] - ETA: 31s - loss: 0.4923 - accuracy: 0.8245
 572/1563 [=========>....................] - ETA: 31s - loss: 0.4920 - accuracy: 0.8246
 574/1563 [==========>...................] - ETA: 31s - loss: 0.4919 - accuracy: 0.8246
 576/1563 [==========>...................] - ETA: 31s - loss: 0.4915 - accuracy: 0.8246
 579/1563 [==========>...................] - ETA: 30s - loss: 0.4918 - accuracy: 0.8244
 581/1563 [==========>...................] - ETA: 30s - loss: 0.4917 - accuracy: 0.8244
 583/1563 [==========>...................] - ETA: 30s - loss: 0.4920 - accuracy: 0.8245
 585/1563 [==========>...................] - ETA: 30s - loss: 0.4920 - accuracy: 0.8245
 588/1563 [==========>...................] - ETA: 30s - loss: 0.4920 - accuracy: 0.8244
 591/1563 [==========>...................] - ETA: 30s - loss: 0.4914 - accuracy: 0.8247
 593/1563 [==========>...................] - ETA: 30s - loss: 0.4915 - accuracy: 0.8248
 595/1563 [==========>...................] - ETA: 30s - loss: 0.4916 - accuracy: 0.8246
 597/1563 [==========>...................] - ETA: 30s - loss: 0.4915 - accuracy: 0.8246
 599/1563 [==========>...................] - ETA: 30s - loss: 0.4913 - accuracy: 0.8248
 601/1563 [==========>...................] - ETA: 30s - loss: 0.4910 - accuracy: 0.8249
 603/1563 [==========>...................] - ETA: 30s - loss: 0.4913 - accuracy: 0.8248
 605/1563 [==========>...................] - ETA: 30s - loss: 0.4917 - accuracy: 0.8246
 608/1563 [==========>...................] - ETA: 30s - loss: 0.4909 - accuracy: 0.8249
 611/1563 [==========>...................] - ETA: 29s - loss: 0.4913 - accuracy: 0.8246
 612/1563 [==========>...................] - ETA: 29s - loss: 0.4914 - accuracy: 0.8247
 615/1563 [==========>...................] - ETA: 29s - loss: 0.4913 - accuracy: 0.8247
 617/1563 [==========>...................] - ETA: 29s - loss: 0.4916 - accuracy: 0.8247
 619/1563 [==========>...................] - ETA: 29s - loss: 0.4922 - accuracy: 0.8245
 621/1563 [==========>...................] - ETA: 29s - loss: 0.4929 - accuracy: 0.8243
 623/1563 [==========>...................] - ETA: 29s - loss: 0.4929 - accuracy: 0.8241
 626/1563 [===========>..................] - ETA: 29s - loss: 0.4923 - accuracy: 0.8245
 629/1563 [===========>..................] - ETA: 29s - loss: 0.4927 - accuracy: 0.8242
 631/1563 [===========>..................] - ETA: 29s - loss: 0.4929 - accuracy: 0.8240
 633/1563 [===========>..................] - ETA: 29s - loss: 0.4937 - accuracy: 0.8237
 636/1563 [===========>..................] - ETA: 29s - loss: 0.4932 - accuracy: 0.8239
 639/1563 [===========>..................] - ETA: 28s - loss: 0.4932 - accuracy: 0.8239
 641/1563 [===========>..................] - ETA: 28s - loss: 0.4932 - accuracy: 0.8240
 644/1563 [===========>..................] - ETA: 28s - loss: 0.4932 - accuracy: 0.8240
 646/1563 [===========>..................] - ETA: 28s - loss: 0.4932 - accuracy: 0.8240
 649/1563 [===========>..................] - ETA: 28s - loss: 0.4927 - accuracy: 0.8242
 652/1563 [===========>..................] - ETA: 28s - loss: 0.4924 - accuracy: 0.8245
 655/1563 [===========>..................] - ETA: 28s - loss: 0.4922 - accuracy: 0.8245
 658/1563 [===========>..................] - ETA: 28s - loss: 0.4924 - accuracy: 0.8244
 660/1563 [===========>..................] - ETA: 28s - loss: 0.4916 - accuracy: 0.8247
 662/1563 [===========>..................] - ETA: 28s - loss: 0.4916 - accuracy: 0.8248
 664/1563 [===========>..................] - ETA: 28s - loss: 0.4916 - accuracy: 0.8248
 666/1563 [===========>..................] - ETA: 28s - loss: 0.4913 - accuracy: 0.8248
 668/1563 [===========>..................] - ETA: 28s - loss: 0.4911 - accuracy: 0.8249
 671/1563 [===========>..................] - ETA: 27s - loss: 0.4914 - accuracy: 0.8248
 673/1563 [===========>..................] - ETA: 27s - loss: 0.4916 - accuracy: 0.8248
 675/1563 [===========>..................] - ETA: 27s - loss: 0.4908 - accuracy: 0.8251
 677/1563 [===========>..................] - ETA: 27s - loss: 0.4912 - accuracy: 0.8251
 679/1563 [============>.................] - ETA: 27s - loss: 0.4910 - accuracy: 0.8251
 681/1563 [============>.................] - ETA: 27s - loss: 0.4912 - accuracy: 0.8250
 684/1563 [============>.................] - ETA: 27s - loss: 0.4917 - accuracy: 0.8251
 686/1563 [============>.................] - ETA: 27s - loss: 0.4916 - accuracy: 0.8251
 688/1563 [============>.................] - ETA: 27s - loss: 0.4912 - accuracy: 0.8253
 690/1563 [============>.................] - ETA: 27s - loss: 0.4912 - accuracy: 0.8253
 693/1563 [============>.................] - ETA: 27s - loss: 0.4911 - accuracy: 0.8252
 695/1563 [============>.................] - ETA: 27s - loss: 0.4912 - accuracy: 0.8251
 697/1563 [============>.................] - ETA: 27s - loss: 0.4913 - accuracy: 0.8251
 699/1563 [============>.................] - ETA: 27s - loss: 0.4913 - accuracy: 0.8249
 701/1563 [============>.................] - ETA: 27s - loss: 0.4910 - accuracy: 0.8251
 704/1563 [============>.................] - ETA: 26s - loss: 0.4911 - accuracy: 0.8250
 706/1563 [============>.................] - ETA: 26s - loss: 0.4914 - accuracy: 0.8250
 708/1563 [============>.................] - ETA: 26s - loss: 0.4916 - accuracy: 0.8250
 710/1563 [============>.................] - ETA: 26s - loss: 0.4914 - accuracy: 0.8250
 712/1563 [============>.................] - ETA: 26s - loss: 0.4913 - accuracy: 0.8252
 714/1563 [============>.................] - ETA: 26s - loss: 0.4913 - accuracy: 0.8252
 717/1563 [============>.................] - ETA: 26s - loss: 0.4912 - accuracy: 0.8254
 719/1563 [============>.................] - ETA: 26s - loss: 0.4916 - accuracy: 0.8252
 720/1563 [============>.................] - ETA: 26s - loss: 0.4912 - accuracy: 0.8253
 722/1563 [============>.................] - ETA: 26s - loss: 0.4914 - accuracy: 0.8252
 724/1563 [============>.................] - ETA: 26s - loss: 0.4920 - accuracy: 0.8251
 726/1563 [============>.................] - ETA: 26s - loss: 0.4918 - accuracy: 0.8252
 729/1563 [============>.................] - ETA: 26s - loss: 0.4920 - accuracy: 0.8249
 731/1563 [=============>................] - ETA: 26s - loss: 0.4924 - accuracy: 0.8248
 733/1563 [=============>................] - ETA: 26s - loss: 0.4929 - accuracy: 0.8245
 735/1563 [=============>................] - ETA: 25s - loss: 0.4925 - accuracy: 0.8247
 737/1563 [=============>................] - ETA: 25s - loss: 0.4928 - accuracy: 0.8246
 739/1563 [=============>................] - ETA: 25s - loss: 0.4931 - accuracy: 0.8244
 741/1563 [=============>................] - ETA: 25s - loss: 0.4931 - accuracy: 0.8245
 743/1563 [=============>................] - ETA: 25s - loss: 0.4932 - accuracy: 0.8245
 746/1563 [=============>................] - ETA: 25s - loss: 0.4931 - accuracy: 0.8246
 747/1563 [=============>................] - ETA: 25s - loss: 0.4931 - accuracy: 0.8245
 749/1563 [=============>................] - ETA: 25s - loss: 0.4931 - accuracy: 0.8243
 752/1563 [=============>................] - ETA: 25s - loss: 0.4929 - accuracy: 0.8243
 755/1563 [=============>................] - ETA: 25s - loss: 0.4933 - accuracy: 0.8243
 757/1563 [=============>................] - ETA: 25s - loss: 0.4932 - accuracy: 0.8242
 759/1563 [=============>................] - ETA: 25s - loss: 0.4932 - accuracy: 0.8242
 762/1563 [=============>................] - ETA: 25s - loss: 0.4934 - accuracy: 0.8241
 764/1563 [=============>................] - ETA: 24s - loss: 0.4939 - accuracy: 0.8240
 766/1563 [=============>................] - ETA: 24s - loss: 0.4939 - accuracy: 0.8240
 768/1563 [=============>................] - ETA: 24s - loss: 0.4942 - accuracy: 0.8239
 771/1563 [=============>................] - ETA: 24s - loss: 0.4943 - accuracy: 0.8237
 773/1563 [=============>................] - ETA: 24s - loss: 0.4944 - accuracy: 0.8235
 776/1563 [=============>................] - ETA: 24s - loss: 0.4940 - accuracy: 0.8236
 779/1563 [=============>................] - ETA: 24s - loss: 0.4941 - accuracy: 0.8236
 782/1563 [==============>...............] - ETA: 24s - loss: 0.4944 - accuracy: 0.8235
 785/1563 [==============>...............] - ETA: 24s - loss: 0.4944 - accuracy: 0.8236
 787/1563 [==============>...............] - ETA: 24s - loss: 0.4945 - accuracy: 0.8236
 789/1563 [==============>...............] - ETA: 24s - loss: 0.4951 - accuracy: 0.8236
 791/1563 [==============>...............] - ETA: 24s - loss: 0.4948 - accuracy: 0.8236
 793/1563 [==============>...............] - ETA: 23s - loss: 0.4949 - accuracy: 0.8236
 795/1563 [==============>...............] - ETA: 23s - loss: 0.4956 - accuracy: 0.8234
 798/1563 [==============>...............] - ETA: 23s - loss: 0.4958 - accuracy: 0.8233
 801/1563 [==============>...............] - ETA: 23s - loss: 0.4955 - accuracy: 0.8232
 803/1563 [==============>...............] - ETA: 23s - loss: 0.4957 - accuracy: 0.8230
 805/1563 [==============>...............] - ETA: 23s - loss: 0.4960 - accuracy: 0.8229
 807/1563 [==============>...............] - ETA: 23s - loss: 0.4960 - accuracy: 0.8230
 810/1563 [==============>...............] - ETA: 23s - loss: 0.4961 - accuracy: 0.8230
 812/1563 [==============>...............] - ETA: 23s - loss: 0.4961 - accuracy: 0.8229
 814/1563 [==============>...............] - ETA: 23s - loss: 0.4963 - accuracy: 0.8226
 817/1563 [==============>...............] - ETA: 23s - loss: 0.4966 - accuracy: 0.8224
 819/1563 [==============>...............] - ETA: 23s - loss: 0.4973 - accuracy: 0.8222
 822/1563 [==============>...............] - ETA: 22s - loss: 0.4974 - accuracy: 0.8222
 824/1563 [==============>...............] - ETA: 22s - loss: 0.4972 - accuracy: 0.8222
 826/1563 [==============>...............] - ETA: 22s - loss: 0.4971 - accuracy: 0.8223
 827/1563 [==============>...............] - ETA: 22s - loss: 0.4970 - accuracy: 0.8222
 830/1563 [==============>...............] - ETA: 22s - loss: 0.4969 - accuracy: 0.8223
 832/1563 [==============>...............] - ETA: 22s - loss: 0.4973 - accuracy: 0.8222
 834/1563 [===============>..............] - ETA: 22s - loss: 0.4969 - accuracy: 0.8224
 836/1563 [===============>..............] - ETA: 22s - loss: 0.4971 - accuracy: 0.8223
 838/1563 [===============>..............] - ETA: 22s - loss: 0.4973 - accuracy: 0.8223
 840/1563 [===============>..............] - ETA: 22s - loss: 0.4972 - accuracy: 0.8224
 843/1563 [===============>..............] - ETA: 22s - loss: 0.4969 - accuracy: 0.8225
 846/1563 [===============>..............] - ETA: 22s - loss: 0.4972 - accuracy: 0.8225
 848/1563 [===============>..............] - ETA: 22s - loss: 0.4975 - accuracy: 0.8226
 850/1563 [===============>..............] - ETA: 22s - loss: 0.4974 - accuracy: 0.8226
 852/1563 [===============>..............] - ETA: 22s - loss: 0.4970 - accuracy: 0.8228
 854/1563 [===============>..............] - ETA: 22s - loss: 0.4972 - accuracy: 0.8228
 856/1563 [===============>..............] - ETA: 21s - loss: 0.4968 - accuracy: 0.8230
 858/1563 [===============>..............] - ETA: 21s - loss: 0.4973 - accuracy: 0.8228
 860/1563 [===============>..............] - ETA: 21s - loss: 0.4973 - accuracy: 0.8226
 862/1563 [===============>..............] - ETA: 21s - loss: 0.4977 - accuracy: 0.8224
 864/1563 [===============>..............] - ETA: 21s - loss: 0.4980 - accuracy: 0.8223
 866/1563 [===============>..............] - ETA: 21s - loss: 0.4981 - accuracy: 0.8222
 868/1563 [===============>..............] - ETA: 21s - loss: 0.4980 - accuracy: 0.8221
 870/1563 [===============>..............] - ETA: 21s - loss: 0.4977 - accuracy: 0.8223
 873/1563 [===============>..............] - ETA: 21s - loss: 0.4984 - accuracy: 0.8220
 875/1563 [===============>..............] - ETA: 21s - loss: 0.4984 - accuracy: 0.8221
 878/1563 [===============>..............] - ETA: 21s - loss: 0.4986 - accuracy: 0.8221
 881/1563 [===============>..............] - ETA: 21s - loss: 0.4984 - accuracy: 0.8222
 883/1563 [===============>..............] - ETA: 21s - loss: 0.4982 - accuracy: 0.8223
 886/1563 [================>.............] - ETA: 21s - loss: 0.4980 - accuracy: 0.8223
 888/1563 [================>.............] - ETA: 20s - loss: 0.4979 - accuracy: 0.8225
 890/1563 [================>.............] - ETA: 20s - loss: 0.4978 - accuracy: 0.8225
 892/1563 [================>.............] - ETA: 20s - loss: 0.4978 - accuracy: 0.8226
 894/1563 [================>.............] - ETA: 20s - loss: 0.4978 - accuracy: 0.8227
 896/1563 [================>.............] - ETA: 20s - loss: 0.4978 - accuracy: 0.8227
 898/1563 [================>.............] - ETA: 20s - loss: 0.4976 - accuracy: 0.8228
 900/1563 [================>.............] - ETA: 20s - loss: 0.4975 - accuracy: 0.8228
 902/1563 [================>.............] - ETA: 20s - loss: 0.4973 - accuracy: 0.8229
 904/1563 [================>.............] - ETA: 20s - loss: 0.4974 - accuracy: 0.8228
 907/1563 [================>.............] - ETA: 20s - loss: 0.4972 - accuracy: 0.8228
 910/1563 [================>.............] - ETA: 20s - loss: 0.4973 - accuracy: 0.8228
 912/1563 [================>.............] - ETA: 20s - loss: 0.4969 - accuracy: 0.8229
 914/1563 [================>.............] - ETA: 20s - loss: 0.4966 - accuracy: 0.8231
 917/1563 [================>.............] - ETA: 20s - loss: 0.4964 - accuracy: 0.8231
 919/1563 [================>.............] - ETA: 19s - loss: 0.4962 - accuracy: 0.8232
 921/1563 [================>.............] - ETA: 19s - loss: 0.4960 - accuracy: 0.8232
 924/1563 [================>.............] - ETA: 19s - loss: 0.4959 - accuracy: 0.8232
 926/1563 [================>.............] - ETA: 19s - loss: 0.4961 - accuracy: 0.8232
 928/1563 [================>.............] - ETA: 19s - loss: 0.4958 - accuracy: 0.8233
 930/1563 [================>.............] - ETA: 19s - loss: 0.4961 - accuracy: 0.8233
 933/1563 [================>.............] - ETA: 19s - loss: 0.4962 - accuracy: 0.8234
 935/1563 [================>.............] - ETA: 19s - loss: 0.4963 - accuracy: 0.8233
 937/1563 [================>.............] - ETA: 19s - loss: 0.4965 - accuracy: 0.8234
 939/1563 [=================>............] - ETA: 19s - loss: 0.4967 - accuracy: 0.8233
 941/1563 [=================>............] - ETA: 19s - loss: 0.4968 - accuracy: 0.8233
 944/1563 [=================>............] - ETA: 19s - loss: 0.4968 - accuracy: 0.8233
 947/1563 [=================>............] - ETA: 19s - loss: 0.4968 - accuracy: 0.8234
 949/1563 [=================>............] - ETA: 18s - loss: 0.4969 - accuracy: 0.8233
 951/1563 [=================>............] - ETA: 18s - loss: 0.4967 - accuracy: 0.8234
 953/1563 [=================>............] - ETA: 18s - loss: 0.4967 - accuracy: 0.8234
 955/1563 [=================>............] - ETA: 18s - loss: 0.4967 - accuracy: 0.8235
 957/1563 [=================>............] - ETA: 18s - loss: 0.4964 - accuracy: 0.8235
 959/1563 [=================>............] - ETA: 18s - loss: 0.4963 - accuracy: 0.8236
 961/1563 [=================>............] - ETA: 18s - loss: 0.4962 - accuracy: 0.8236
 963/1563 [=================>............] - ETA: 18s - loss: 0.4960 - accuracy: 0.8235
 965/1563 [=================>............] - ETA: 18s - loss: 0.4959 - accuracy: 0.8235
 967/1563 [=================>............] - ETA: 18s - loss: 0.4960 - accuracy: 0.8235
 969/1563 [=================>............] - ETA: 18s - loss: 0.4958 - accuracy: 0.8235
 971/1563 [=================>............] - ETA: 18s - loss: 0.4956 - accuracy: 0.8236
 973/1563 [=================>............] - ETA: 18s - loss: 0.4958 - accuracy: 0.8236
 975/1563 [=================>............] - ETA: 18s - loss: 0.4961 - accuracy: 0.8236
 977/1563 [=================>............] - ETA: 18s - loss: 0.4963 - accuracy: 0.8233
 979/1563 [=================>............] - ETA: 18s - loss: 0.4964 - accuracy: 0.8234
 981/1563 [=================>............] - ETA: 18s - loss: 0.4964 - accuracy: 0.8235
 983/1563 [=================>............] - ETA: 17s - loss: 0.4968 - accuracy: 0.8234
 986/1563 [=================>............] - ETA: 17s - loss: 0.4980 - accuracy: 0.8230
 989/1563 [=================>............] - ETA: 17s - loss: 0.4986 - accuracy: 0.8227
 991/1563 [==================>...........] - ETA: 17s - loss: 0.4984 - accuracy: 0.8228
 993/1563 [==================>...........] - ETA: 17s - loss: 0.4984 - accuracy: 0.8228
 995/1563 [==================>...........] - ETA: 17s - loss: 0.4989 - accuracy: 0.8227
 997/1563 [==================>...........] - ETA: 17s - loss: 0.4988 - accuracy: 0.8227
 999/1563 [==================>...........] - ETA: 17s - loss: 0.4989 - accuracy: 0.8227
1002/1563 [==================>...........] - ETA: 17s - loss: 0.4991 - accuracy: 0.8225
1004/1563 [==================>...........] - ETA: 17s - loss: 0.4995 - accuracy: 0.8224
1006/1563 [==================>...........] - ETA: 17s - loss: 0.4999 - accuracy: 0.8221
1008/1563 [==================>...........] - ETA: 17s - loss: 0.5000 - accuracy: 0.8221
1011/1563 [==================>...........] - ETA: 17s - loss: 0.4997 - accuracy: 0.8223
1013/1563 [==================>...........] - ETA: 17s - loss: 0.4998 - accuracy: 0.8223
1016/1563 [==================>...........] - ETA: 16s - loss: 0.5003 - accuracy: 0.8222
1018/1563 [==================>...........] - ETA: 16s - loss: 0.5004 - accuracy: 0.8221
1020/1563 [==================>...........] - ETA: 16s - loss: 0.5004 - accuracy: 0.8221
1022/1563 [==================>...........] - ETA: 16s - loss: 0.5007 - accuracy: 0.8221
1024/1563 [==================>...........] - ETA: 16s - loss: 0.5005 - accuracy: 0.8222
1027/1563 [==================>...........] - ETA: 16s - loss: 0.5005 - accuracy: 0.8222
1029/1563 [==================>...........] - ETA: 16s - loss: 0.5007 - accuracy: 0.8222
1031/1563 [==================>...........] - ETA: 16s - loss: 0.5008 - accuracy: 0.8220
1033/1563 [==================>...........] - ETA: 16s - loss: 0.5012 - accuracy: 0.8219
1035/1563 [==================>...........] - ETA: 16s - loss: 0.5008 - accuracy: 0.8220
1038/1563 [==================>...........] - ETA: 16s - loss: 0.5006 - accuracy: 0.8219
1040/1563 [==================>...........] - ETA: 16s - loss: 0.5004 - accuracy: 0.8220
1042/1563 [===================>..........] - ETA: 16s - loss: 0.5000 - accuracy: 0.8222
1045/1563 [===================>..........] - ETA: 16s - loss: 0.5004 - accuracy: 0.8221
1047/1563 [===================>..........] - ETA: 15s - loss: 0.5009 - accuracy: 0.8220
1049/1563 [===================>..........] - ETA: 15s - loss: 0.5010 - accuracy: 0.8219
1051/1563 [===================>..........] - ETA: 15s - loss: 0.5011 - accuracy: 0.8219
1053/1563 [===================>..........] - ETA: 15s - loss: 0.5012 - accuracy: 0.8219
1055/1563 [===================>..........] - ETA: 15s - loss: 0.5013 - accuracy: 0.8219
1057/1563 [===================>..........] - ETA: 15s - loss: 0.5012 - accuracy: 0.8220
1060/1563 [===================>..........] - ETA: 15s - loss: 0.5012 - accuracy: 0.8221
1062/1563 [===================>..........] - ETA: 15s - loss: 0.5012 - accuracy: 0.8221
1064/1563 [===================>..........] - ETA: 15s - loss: 0.5010 - accuracy: 0.8221
1066/1563 [===================>..........] - ETA: 15s - loss: 0.5011 - accuracy: 0.8221
1068/1563 [===================>..........] - ETA: 15s - loss: 0.5008 - accuracy: 0.8223
1070/1563 [===================>..........] - ETA: 15s - loss: 0.5016 - accuracy: 0.8220
1072/1563 [===================>..........] - ETA: 15s - loss: 0.5015 - accuracy: 0.8221
1074/1563 [===================>..........] - ETA: 15s - loss: 0.5020 - accuracy: 0.8220
1076/1563 [===================>..........] - ETA: 15s - loss: 0.5018 - accuracy: 0.8221
1078/1563 [===================>..........] - ETA: 15s - loss: 0.5020 - accuracy: 0.8220
1080/1563 [===================>..........] - ETA: 14s - loss: 0.5018 - accuracy: 0.8222
1082/1563 [===================>..........] - ETA: 14s - loss: 0.5018 - accuracy: 0.8222
1084/1563 [===================>..........] - ETA: 14s - loss: 0.5020 - accuracy: 0.8222
1086/1563 [===================>..........] - ETA: 14s - loss: 0.5016 - accuracy: 0.8224
1088/1563 [===================>..........] - ETA: 14s - loss: 0.5016 - accuracy: 0.8224
1090/1563 [===================>..........] - ETA: 14s - loss: 0.5018 - accuracy: 0.8224
1093/1563 [===================>..........] - ETA: 14s - loss: 0.5018 - accuracy: 0.8225
1095/1563 [====================>.........] - ETA: 14s - loss: 0.5014 - accuracy: 0.8226
1098/1563 [====================>.........] - ETA: 14s - loss: 0.5015 - accuracy: 0.8225
1100/1563 [====================>.........] - ETA: 14s - loss: 0.5015 - accuracy: 0.8225
1102/1563 [====================>.........] - ETA: 14s - loss: 0.5014 - accuracy: 0.8226
1104/1563 [====================>.........] - ETA: 14s - loss: 0.5014 - accuracy: 0.8226
1106/1563 [====================>.........] - ETA: 14s - loss: 0.5014 - accuracy: 0.8227
1108/1563 [====================>.........] - ETA: 14s - loss: 0.5014 - accuracy: 0.8227
1110/1563 [====================>.........] - ETA: 14s - loss: 0.5014 - accuracy: 0.8227
1113/1563 [====================>.........] - ETA: 13s - loss: 0.5012 - accuracy: 0.8228
1115/1563 [====================>.........] - ETA: 13s - loss: 0.5005 - accuracy: 0.8230
1117/1563 [====================>.........] - ETA: 13s - loss: 0.5011 - accuracy: 0.8229
1119/1563 [====================>.........] - ETA: 13s - loss: 0.5011 - accuracy: 0.8230
1122/1563 [====================>.........] - ETA: 13s - loss: 0.5014 - accuracy: 0.8229
1124/1563 [====================>.........] - ETA: 13s - loss: 0.5016 - accuracy: 0.8228
1126/1563 [====================>.........] - ETA: 13s - loss: 0.5021 - accuracy: 0.8225
1128/1563 [====================>.........] - ETA: 13s - loss: 0.5022 - accuracy: 0.8226
1130/1563 [====================>.........] - ETA: 13s - loss: 0.5025 - accuracy: 0.8224
1133/1563 [====================>.........] - ETA: 13s - loss: 0.5030 - accuracy: 0.8224
1134/1563 [====================>.........] - ETA: 13s - loss: 0.5030 - accuracy: 0.8224
1137/1563 [====================>.........] - ETA: 13s - loss: 0.5036 - accuracy: 0.8222
1139/1563 [====================>.........] - ETA: 13s - loss: 0.5038 - accuracy: 0.8221
1141/1563 [====================>.........] - ETA: 13s - loss: 0.5039 - accuracy: 0.8221
1144/1563 [====================>.........] - ETA: 12s - loss: 0.5037 - accuracy: 0.8223
1146/1563 [====================>.........] - ETA: 12s - loss: 0.5043 - accuracy: 0.8221
1148/1563 [=====================>........] - ETA: 12s - loss: 0.5042 - accuracy: 0.8221
1150/1563 [=====================>........] - ETA: 12s - loss: 0.5045 - accuracy: 0.8220
1152/1563 [=====================>........] - ETA: 12s - loss: 0.5045 - accuracy: 0.8220
1154/1563 [=====================>........] - ETA: 12s - loss: 0.5043 - accuracy: 0.8221
1157/1563 [=====================>........] - ETA: 12s - loss: 0.5041 - accuracy: 0.8223
1159/1563 [=====================>........] - ETA: 12s - loss: 0.5040 - accuracy: 0.8223
1162/1563 [=====================>........] - ETA: 12s - loss: 0.5041 - accuracy: 0.8223
1164/1563 [=====================>........] - ETA: 12s - loss: 0.5045 - accuracy: 0.8221
1166/1563 [=====================>........] - ETA: 12s - loss: 0.5044 - accuracy: 0.8222
1168/1563 [=====================>........] - ETA: 12s - loss: 0.5051 - accuracy: 0.8220
1170/1563 [=====================>........] - ETA: 12s - loss: 0.5053 - accuracy: 0.8219
1172/1563 [=====================>........] - ETA: 12s - loss: 0.5055 - accuracy: 0.8219
1174/1563 [=====================>........] - ETA: 12s - loss: 0.5055 - accuracy: 0.8219
1177/1563 [=====================>........] - ETA: 11s - loss: 0.5062 - accuracy: 0.8214
1180/1563 [=====================>........] - ETA: 11s - loss: 0.5063 - accuracy: 0.8214
1183/1563 [=====================>........] - ETA: 11s - loss: 0.5064 - accuracy: 0.8213
1185/1563 [=====================>........] - ETA: 11s - loss: 0.5065 - accuracy: 0.8212
1187/1563 [=====================>........] - ETA: 11s - loss: 0.5064 - accuracy: 0.8213
1189/1563 [=====================>........] - ETA: 11s - loss: 0.5066 - accuracy: 0.8212
1191/1563 [=====================>........] - ETA: 11s - loss: 0.5067 - accuracy: 0.8212
1193/1563 [=====================>........] - ETA: 11s - loss: 0.5067 - accuracy: 0.8212
1195/1563 [=====================>........] - ETA: 11s - loss: 0.5070 - accuracy: 0.8212
1197/1563 [=====================>........] - ETA: 11s - loss: 0.5069 - accuracy: 0.8212
1199/1563 [======================>.......] - ETA: 11s - loss: 0.5071 - accuracy: 0.8211
1201/1563 [======================>.......] - ETA: 11s - loss: 0.5071 - accuracy: 0.8211
1204/1563 [======================>.......] - ETA: 11s - loss: 0.5069 - accuracy: 0.8213
1206/1563 [======================>.......] - ETA: 11s - loss: 0.5070 - accuracy: 0.8212
1208/1563 [======================>.......] - ETA: 10s - loss: 0.5068 - accuracy: 0.8214
1210/1563 [======================>.......] - ETA: 10s - loss: 0.5070 - accuracy: 0.8214
1212/1563 [======================>.......] - ETA: 10s - loss: 0.5069 - accuracy: 0.8213
1215/1563 [======================>.......] - ETA: 10s - loss: 0.5073 - accuracy: 0.8211
1217/1563 [======================>.......] - ETA: 10s - loss: 0.5074 - accuracy: 0.8211
1219/1563 [======================>.......] - ETA: 10s - loss: 0.5074 - accuracy: 0.8211
1221/1563 [======================>.......] - ETA: 10s - loss: 0.5077 - accuracy: 0.8210
1224/1563 [======================>.......] - ETA: 10s - loss: 0.5078 - accuracy: 0.8209
1226/1563 [======================>.......] - ETA: 10s - loss: 0.5078 - accuracy: 0.8209
1228/1563 [======================>.......] - ETA: 10s - loss: 0.5079 - accuracy: 0.8208
1231/1563 [======================>.......] - ETA: 10s - loss: 0.5080 - accuracy: 0.8208
1233/1563 [======================>.......] - ETA: 10s - loss: 0.5081 - accuracy: 0.8207
1235/1563 [======================>.......] - ETA: 10s - loss: 0.5080 - accuracy: 0.8207
1237/1563 [======================>.......] - ETA: 10s - loss: 0.5081 - accuracy: 0.8207
1239/1563 [======================>.......] - ETA: 10s - loss: 0.5082 - accuracy: 0.8207
1241/1563 [======================>.......] - ETA: 9s - loss: 0.5082 - accuracy: 0.8208 
1243/1563 [======================>.......] - ETA: 9s - loss: 0.5083 - accuracy: 0.8207
1245/1563 [======================>.......] - ETA: 9s - loss: 0.5085 - accuracy: 0.8207
1247/1563 [======================>.......] - ETA: 9s - loss: 0.5083 - accuracy: 0.8207
1249/1563 [======================>.......] - ETA: 9s - loss: 0.5082 - accuracy: 0.8208
1252/1563 [=======================>......] - ETA: 9s - loss: 0.5084 - accuracy: 0.8207
1254/1563 [=======================>......] - ETA: 9s - loss: 0.5088 - accuracy: 0.8205
1256/1563 [=======================>......] - ETA: 9s - loss: 0.5090 - accuracy: 0.8205
1258/1563 [=======================>......] - ETA: 9s - loss: 0.5089 - accuracy: 0.8206
1260/1563 [=======================>......] - ETA: 9s - loss: 0.5087 - accuracy: 0.8206
1262/1563 [=======================>......] - ETA: 9s - loss: 0.5087 - accuracy: 0.8207
1264/1563 [=======================>......] - ETA: 9s - loss: 0.5087 - accuracy: 0.8207
1267/1563 [=======================>......] - ETA: 9s - loss: 0.5085 - accuracy: 0.8207
1269/1563 [=======================>......] - ETA: 9s - loss: 0.5086 - accuracy: 0.8206
1271/1563 [=======================>......] - ETA: 9s - loss: 0.5087 - accuracy: 0.8205
1273/1563 [=======================>......] - ETA: 8s - loss: 0.5087 - accuracy: 0.8205
1275/1563 [=======================>......] - ETA: 8s - loss: 0.5089 - accuracy: 0.8204
1277/1563 [=======================>......] - ETA: 8s - loss: 0.5090 - accuracy: 0.8203
1280/1563 [=======================>......] - ETA: 8s - loss: 0.5090 - accuracy: 0.8203
1282/1563 [=======================>......] - ETA: 8s - loss: 0.5088 - accuracy: 0.8203
1285/1563 [=======================>......] - ETA: 8s - loss: 0.5089 - accuracy: 0.8201
1288/1563 [=======================>......] - ETA: 8s - loss: 0.5086 - accuracy: 0.8203
1290/1563 [=======================>......] - ETA: 8s - loss: 0.5087 - accuracy: 0.8203
1292/1563 [=======================>......] - ETA: 8s - loss: 0.5090 - accuracy: 0.8202
1295/1563 [=======================>......] - ETA: 8s - loss: 0.5091 - accuracy: 0.8202
1297/1563 [=======================>......] - ETA: 8s - loss: 0.5092 - accuracy: 0.8200
1299/1563 [=======================>......] - ETA: 8s - loss: 0.5092 - accuracy: 0.8201
1302/1563 [=======================>......] - ETA: 8s - loss: 0.5089 - accuracy: 0.8202
1305/1563 [========================>.....] - ETA: 7s - loss: 0.5090 - accuracy: 0.8203
1307/1563 [========================>.....] - ETA: 7s - loss: 0.5094 - accuracy: 0.8202
1309/1563 [========================>.....] - ETA: 7s - loss: 0.5094 - accuracy: 0.8202
1312/1563 [========================>.....] - ETA: 7s - loss: 0.5096 - accuracy: 0.8201
1314/1563 [========================>.....] - ETA: 7s - loss: 0.5099 - accuracy: 0.8200
1316/1563 [========================>.....] - ETA: 7s - loss: 0.5099 - accuracy: 0.8201
1318/1563 [========================>.....] - ETA: 7s - loss: 0.5100 - accuracy: 0.8200
1320/1563 [========================>.....] - ETA: 7s - loss: 0.5102 - accuracy: 0.8199
1322/1563 [========================>.....] - ETA: 7s - loss: 0.5107 - accuracy: 0.8198
1324/1563 [========================>.....] - ETA: 7s - loss: 0.5106 - accuracy: 0.8197
1327/1563 [========================>.....] - ETA: 7s - loss: 0.5109 - accuracy: 0.8197
1329/1563 [========================>.....] - ETA: 7s - loss: 0.5109 - accuracy: 0.8197
1332/1563 [========================>.....] - ETA: 7s - loss: 0.5112 - accuracy: 0.8196
1334/1563 [========================>.....] - ETA: 7s - loss: 0.5112 - accuracy: 0.8196
1337/1563 [========================>.....] - ETA: 6s - loss: 0.5110 - accuracy: 0.8196
1339/1563 [========================>.....] - ETA: 6s - loss: 0.5111 - accuracy: 0.8196
1341/1563 [========================>.....] - ETA: 6s - loss: 0.5111 - accuracy: 0.8197
1344/1563 [========================>.....] - ETA: 6s - loss: 0.5111 - accuracy: 0.8197
1346/1563 [========================>.....] - ETA: 6s - loss: 0.5110 - accuracy: 0.8197
1348/1563 [========================>.....] - ETA: 6s - loss: 0.5111 - accuracy: 0.8197
1350/1563 [========================>.....] - ETA: 6s - loss: 0.5113 - accuracy: 0.8197
1352/1563 [========================>.....] - ETA: 6s - loss: 0.5113 - accuracy: 0.8196
1354/1563 [========================>.....] - ETA: 6s - loss: 0.5114 - accuracy: 0.8195
1356/1563 [=========================>....] - ETA: 6s - loss: 0.5115 - accuracy: 0.8194
1358/1563 [=========================>....] - ETA: 6s - loss: 0.5115 - accuracy: 0.8194
1361/1563 [=========================>....] - ETA: 6s - loss: 0.5114 - accuracy: 0.8195
1363/1563 [=========================>....] - ETA: 6s - loss: 0.5114 - accuracy: 0.8195
1365/1563 [=========================>....] - ETA: 6s - loss: 0.5115 - accuracy: 0.8195
1367/1563 [=========================>....] - ETA: 6s - loss: 0.5115 - accuracy: 0.8195
1369/1563 [=========================>....] - ETA: 5s - loss: 0.5115 - accuracy: 0.8195
1371/1563 [=========================>....] - ETA: 5s - loss: 0.5113 - accuracy: 0.8196
1373/1563 [=========================>....] - ETA: 5s - loss: 0.5111 - accuracy: 0.8196
1374/1563 [=========================>....] - ETA: 5s - loss: 0.5110 - accuracy: 0.8197
1377/1563 [=========================>....] - ETA: 5s - loss: 0.5108 - accuracy: 0.8196
1379/1563 [=========================>....] - ETA: 5s - loss: 0.5110 - accuracy: 0.8196
1381/1563 [=========================>....] - ETA: 5s - loss: 0.5110 - accuracy: 0.8197
1383/1563 [=========================>....] - ETA: 5s - loss: 0.5109 - accuracy: 0.8197
1385/1563 [=========================>....] - ETA: 5s - loss: 0.5109 - accuracy: 0.8197
1388/1563 [=========================>....] - ETA: 5s - loss: 0.5109 - accuracy: 0.8197
1390/1563 [=========================>....] - ETA: 5s - loss: 0.5109 - accuracy: 0.8197
1392/1563 [=========================>....] - ETA: 5s - loss: 0.5112 - accuracy: 0.8197
1394/1563 [=========================>....] - ETA: 5s - loss: 0.5115 - accuracy: 0.8196
1397/1563 [=========================>....] - ETA: 5s - loss: 0.5120 - accuracy: 0.8194
1399/1563 [=========================>....] - ETA: 5s - loss: 0.5118 - accuracy: 0.8196
1402/1563 [=========================>....] - ETA: 4s - loss: 0.5119 - accuracy: 0.8195
1404/1563 [=========================>....] - ETA: 4s - loss: 0.5122 - accuracy: 0.8195
1406/1563 [=========================>....] - ETA: 4s - loss: 0.5124 - accuracy: 0.8195
1409/1563 [==========================>...] - ETA: 4s - loss: 0.5124 - accuracy: 0.8196
1411/1563 [==========================>...] - ETA: 4s - loss: 0.5128 - accuracy: 0.8194
1413/1563 [==========================>...] - ETA: 4s - loss: 0.5131 - accuracy: 0.8193
1415/1563 [==========================>...] - ETA: 4s - loss: 0.5132 - accuracy: 0.8192
1418/1563 [==========================>...] - ETA: 4s - loss: 0.5137 - accuracy: 0.8191
1421/1563 [==========================>...] - ETA: 4s - loss: 0.5136 - accuracy: 0.8191
1423/1563 [==========================>...] - ETA: 4s - loss: 0.5135 - accuracy: 0.8191
1425/1563 [==========================>...] - ETA: 4s - loss: 0.5135 - accuracy: 0.8191
1427/1563 [==========================>...] - ETA: 4s - loss: 0.5136 - accuracy: 0.8190
1429/1563 [==========================>...] - ETA: 4s - loss: 0.5137 - accuracy: 0.8189
1432/1563 [==========================>...] - ETA: 4s - loss: 0.5136 - accuracy: 0.8190
1434/1563 [==========================>...] - ETA: 3s - loss: 0.5134 - accuracy: 0.8191
1436/1563 [==========================>...] - ETA: 3s - loss: 0.5135 - accuracy: 0.8190
1438/1563 [==========================>...] - ETA: 3s - loss: 0.5135 - accuracy: 0.8191
1440/1563 [==========================>...] - ETA: 3s - loss: 0.5136 - accuracy: 0.8190
1442/1563 [==========================>...] - ETA: 3s - loss: 0.5135 - accuracy: 0.8191
1444/1563 [==========================>...] - ETA: 3s - loss: 0.5136 - accuracy: 0.8191
1446/1563 [==========================>...] - ETA: 3s - loss: 0.5138 - accuracy: 0.8189
1448/1563 [==========================>...] - ETA: 3s - loss: 0.5139 - accuracy: 0.8188
1450/1563 [==========================>...] - ETA: 3s - loss: 0.5139 - accuracy: 0.8189
1452/1563 [==========================>...] - ETA: 3s - loss: 0.5138 - accuracy: 0.8189
1455/1563 [==========================>...] - ETA: 3s - loss: 0.5138 - accuracy: 0.8189
1457/1563 [==========================>...] - ETA: 3s - loss: 0.5141 - accuracy: 0.8188
1458/1563 [==========================>...] - ETA: 3s - loss: 0.5141 - accuracy: 0.8187
1460/1563 [===========================>..] - ETA: 3s - loss: 0.5141 - accuracy: 0.8188
1462/1563 [===========================>..] - ETA: 3s - loss: 0.5138 - accuracy: 0.8188
1464/1563 [===========================>..] - ETA: 3s - loss: 0.5139 - accuracy: 0.8188
1466/1563 [===========================>..] - ETA: 2s - loss: 0.5141 - accuracy: 0.8189
1468/1563 [===========================>..] - ETA: 2s - loss: 0.5139 - accuracy: 0.8190
1471/1563 [===========================>..] - ETA: 2s - loss: 0.5141 - accuracy: 0.8190
1473/1563 [===========================>..] - ETA: 2s - loss: 0.5143 - accuracy: 0.8189
1475/1563 [===========================>..] - ETA: 2s - loss: 0.5142 - accuracy: 0.8190
1477/1563 [===========================>..] - ETA: 2s - loss: 0.5144 - accuracy: 0.8189
1479/1563 [===========================>..] - ETA: 2s - loss: 0.5146 - accuracy: 0.8189
1481/1563 [===========================>..] - ETA: 2s - loss: 0.5146 - accuracy: 0.8189
1484/1563 [===========================>..] - ETA: 2s - loss: 0.5147 - accuracy: 0.8188
1486/1563 [===========================>..] - ETA: 2s - loss: 0.5148 - accuracy: 0.8188
1488/1563 [===========================>..] - ETA: 2s - loss: 0.5150 - accuracy: 0.8188
1490/1563 [===========================>..] - ETA: 2s - loss: 0.5148 - accuracy: 0.8189
1493/1563 [===========================>..] - ETA: 2s - loss: 0.5149 - accuracy: 0.8189
1495/1563 [===========================>..] - ETA: 2s - loss: 0.5148 - accuracy: 0.8189
1496/1563 [===========================>..] - ETA: 2s - loss: 0.5148 - accuracy: 0.8189
1498/1563 [===========================>..] - ETA: 2s - loss: 0.5149 - accuracy: 0.8189
1500/1563 [===========================>..] - ETA: 1s - loss: 0.5151 - accuracy: 0.8188
1502/1563 [===========================>..] - ETA: 1s - loss: 0.5151 - accuracy: 0.8189
1504/1563 [===========================>..] - ETA: 1s - loss: 0.5150 - accuracy: 0.8189
1506/1563 [===========================>..] - ETA: 1s - loss: 0.5148 - accuracy: 0.8190
1508/1563 [===========================>..] - ETA: 1s - loss: 0.5148 - accuracy: 0.8190
1511/1563 [============================>.] - ETA: 1s - loss: 0.5150 - accuracy: 0.8191
1513/1563 [============================>.] - ETA: 1s - loss: 0.5149 - accuracy: 0.8191
1515/1563 [============================>.] - ETA: 1s - loss: 0.5150 - accuracy: 0.8191
1517/1563 [============================>.] - ETA: 1s - loss: 0.5150 - accuracy: 0.8191
1519/1563 [============================>.] - ETA: 1s - loss: 0.5150 - accuracy: 0.8191
1522/1563 [============================>.] - ETA: 1s - loss: 0.5153 - accuracy: 0.8191
1524/1563 [============================>.] - ETA: 1s - loss: 0.5151 - accuracy: 0.8192
1526/1563 [============================>.] - ETA: 1s - loss: 0.5150 - accuracy: 0.8192
1528/1563 [============================>.] - ETA: 1s - loss: 0.5151 - accuracy: 0.8193
1530/1563 [============================>.] - ETA: 1s - loss: 0.5149 - accuracy: 0.8194
1532/1563 [============================>.] - ETA: 0s - loss: 0.5152 - accuracy: 0.8192
1535/1563 [============================>.] - ETA: 0s - loss: 0.5150 - accuracy: 0.8193
1537/1563 [============================>.] - ETA: 0s - loss: 0.5149 - accuracy: 0.8193
1539/1563 [============================>.] - ETA: 0s - loss: 0.5149 - accuracy: 0.8193
1541/1563 [============================>.] - ETA: 0s - loss: 0.5150 - accuracy: 0.8193
1543/1563 [============================>.] - ETA: 0s - loss: 0.5149 - accuracy: 0.8192
1546/1563 [============================>.] - ETA: 0s - loss: 0.5154 - accuracy: 0.8192
1548/1563 [============================>.] - ETA: 0s - loss: 0.5156 - accuracy: 0.8191
1550/1563 [============================>.] - ETA: 0s - loss: 0.5158 - accuracy: 0.8191
1552/1563 [============================>.] - ETA: 0s - loss: 0.5157 - accuracy: 0.8191
1554/1563 [============================>.] - ETA: 0s - loss: 0.5156 - accuracy: 0.8191
1557/1563 [============================>.] - ETA: 0s - loss: 0.5157 - accuracy: 0.8191
1559/1563 [============================>.] - ETA: 0s - loss: 0.5160 - accuracy: 0.8189
1562/1563 [============================>.] - ETA: 0s - loss: 0.5160 - accuracy: 0.8189
1563/1563 [==============================] - 53s 34ms/step - loss: 0.5159 - accuracy: 0.8190 - val_loss: 0.7891 - val_accuracy: 0.7450
Epoch 7/100

   1/1563 [..............................] - ETA: 48s - loss: 0.3639 - accuracy: 0.8750
   3/1563 [..............................] - ETA: 54s - loss: 0.4348 - accuracy: 0.8542
   5/1563 [..............................] - ETA: 53s - loss: 0.4082 - accuracy: 0.8625
   8/1563 [..............................] - ETA: 48s - loss: 0.4243 - accuracy: 0.8555
  10/1563 [..............................] - ETA: 49s - loss: 0.4076 - accuracy: 0.8625
  12/1563 [..............................] - ETA: 47s - loss: 0.3864 - accuracy: 0.8698
  14/1563 [..............................] - ETA: 50s - loss: 0.3706 - accuracy: 0.8750
  16/1563 [..............................] - ETA: 51s - loss: 0.3695 - accuracy: 0.8770
  18/1563 [..............................] - ETA: 51s - loss: 0.3803 - accuracy: 0.8715
  20/1563 [..............................] - ETA: 51s - loss: 0.3556 - accuracy: 0.8797
  23/1563 [..............................] - ETA: 49s - loss: 0.3632 - accuracy: 0.8750
  25/1563 [..............................] - ETA: 48s - loss: 0.3550 - accuracy: 0.8788
  27/1563 [..............................] - ETA: 48s - loss: 0.3634 - accuracy: 0.8762
  30/1563 [..............................] - ETA: 46s - loss: 0.3639 - accuracy: 0.8781
  32/1563 [..............................] - ETA: 46s - loss: 0.3679 - accuracy: 0.8770
  34/1563 [..............................] - ETA: 46s - loss: 0.3681 - accuracy: 0.8778
  36/1563 [..............................] - ETA: 46s - loss: 0.3674 - accuracy: 0.8759
  38/1563 [..............................] - ETA: 46s - loss: 0.3630 - accuracy: 0.8791
  40/1563 [..............................] - ETA: 45s - loss: 0.3689 - accuracy: 0.8766
  42/1563 [..............................] - ETA: 45s - loss: 0.3765 - accuracy: 0.8743
  44/1563 [..............................] - ETA: 45s - loss: 0.3827 - accuracy: 0.8743
  46/1563 [..............................] - ETA: 46s - loss: 0.3803 - accuracy: 0.8757
  48/1563 [..............................] - ETA: 46s - loss: 0.3786 - accuracy: 0.8770
  51/1563 [..............................] - ETA: 45s - loss: 0.3795 - accuracy: 0.8775
  53/1563 [>.............................] - ETA: 45s - loss: 0.3750 - accuracy: 0.8779
  55/1563 [>.............................] - ETA: 46s - loss: 0.3769 - accuracy: 0.8750
  57/1563 [>.............................] - ETA: 46s - loss: 0.3712 - accuracy: 0.8761
  59/1563 [>.............................] - ETA: 46s - loss: 0.3787 - accuracy: 0.8739
  61/1563 [>.............................] - ETA: 46s - loss: 0.3831 - accuracy: 0.8724
  63/1563 [>.............................] - ETA: 46s - loss: 0.3845 - accuracy: 0.8720
  65/1563 [>.............................] - ETA: 46s - loss: 0.3845 - accuracy: 0.8702
  67/1563 [>.............................] - ETA: 47s - loss: 0.3869 - accuracy: 0.8694
  69/1563 [>.............................] - ETA: 46s - loss: 0.3849 - accuracy: 0.8696
  71/1563 [>.............................] - ETA: 46s - loss: 0.3820 - accuracy: 0.8706
  72/1563 [>.............................] - ETA: 47s - loss: 0.3809 - accuracy: 0.8698
  74/1563 [>.............................] - ETA: 47s - loss: 0.3840 - accuracy: 0.8699
  77/1563 [>.............................] - ETA: 46s - loss: 0.3809 - accuracy: 0.8705
  79/1563 [>.............................] - ETA: 46s - loss: 0.3807 - accuracy: 0.8695
  81/1563 [>.............................] - ETA: 46s - loss: 0.3822 - accuracy: 0.8684
  83/1563 [>.............................] - ETA: 46s - loss: 0.3831 - accuracy: 0.8686
  85/1563 [>.............................] - ETA: 46s - loss: 0.3846 - accuracy: 0.8684
  87/1563 [>.............................] - ETA: 46s - loss: 0.3821 - accuracy: 0.8696
  88/1563 [>.............................] - ETA: 46s - loss: 0.3846 - accuracy: 0.8683
  90/1563 [>.............................] - ETA: 46s - loss: 0.3856 - accuracy: 0.8681
  91/1563 [>.............................] - ETA: 46s - loss: 0.3860 - accuracy: 0.8678
  94/1563 [>.............................] - ETA: 46s - loss: 0.3873 - accuracy: 0.8674
  96/1563 [>.............................] - ETA: 46s - loss: 0.3900 - accuracy: 0.8659
  99/1563 [>.............................] - ETA: 45s - loss: 0.3943 - accuracy: 0.8630
 102/1563 [>.............................] - ETA: 45s - loss: 0.3974 - accuracy: 0.8624
 104/1563 [>.............................] - ETA: 45s - loss: 0.3950 - accuracy: 0.8639
 106/1563 [=>............................] - ETA: 45s - loss: 0.3966 - accuracy: 0.8641
 108/1563 [=>............................] - ETA: 45s - loss: 0.3957 - accuracy: 0.8646
 111/1563 [=>............................] - ETA: 45s - loss: 0.3940 - accuracy: 0.8649
 113/1563 [=>............................] - ETA: 45s - loss: 0.3943 - accuracy: 0.8650
 116/1563 [=>............................] - ETA: 44s - loss: 0.3937 - accuracy: 0.8650
 119/1563 [=>............................] - ETA: 44s - loss: 0.3931 - accuracy: 0.8658
 121/1563 [=>............................] - ETA: 44s - loss: 0.3958 - accuracy: 0.8649
 124/1563 [=>............................] - ETA: 43s - loss: 0.3945 - accuracy: 0.8652
 126/1563 [=>............................] - ETA: 43s - loss: 0.3939 - accuracy: 0.8651
 128/1563 [=>............................] - ETA: 43s - loss: 0.3931 - accuracy: 0.8652
 131/1563 [=>............................] - ETA: 43s - loss: 0.3942 - accuracy: 0.8655
 134/1563 [=>............................] - ETA: 43s - loss: 0.3927 - accuracy: 0.8654
 137/1563 [=>............................] - ETA: 43s - loss: 0.3926 - accuracy: 0.8656
 139/1563 [=>............................] - ETA: 43s - loss: 0.3922 - accuracy: 0.8660
 142/1563 [=>............................] - ETA: 42s - loss: 0.3938 - accuracy: 0.8644
 144/1563 [=>............................] - ETA: 42s - loss: 0.3929 - accuracy: 0.8646
 146/1563 [=>............................] - ETA: 42s - loss: 0.3930 - accuracy: 0.8647
 149/1563 [=>............................] - ETA: 42s - loss: 0.3937 - accuracy: 0.8649
 152/1563 [=>............................] - ETA: 42s - loss: 0.3907 - accuracy: 0.8657
 154/1563 [=>............................] - ETA: 42s - loss: 0.3910 - accuracy: 0.8651
 156/1563 [=>............................] - ETA: 42s - loss: 0.3958 - accuracy: 0.8638
 159/1563 [==>...........................] - ETA: 42s - loss: 0.3979 - accuracy: 0.8634
 161/1563 [==>...........................] - ETA: 42s - loss: 0.3964 - accuracy: 0.8641
 163/1563 [==>...........................] - ETA: 42s - loss: 0.3977 - accuracy: 0.8637
 165/1563 [==>...........................] - ETA: 42s - loss: 0.3986 - accuracy: 0.8629
 167/1563 [==>...........................] - ETA: 41s - loss: 0.3973 - accuracy: 0.8636
 169/1563 [==>...........................] - ETA: 41s - loss: 0.3978 - accuracy: 0.8632
 171/1563 [==>...........................] - ETA: 41s - loss: 0.3979 - accuracy: 0.8628
 173/1563 [==>...........................] - ETA: 41s - loss: 0.3978 - accuracy: 0.8627
 175/1563 [==>...........................] - ETA: 41s - loss: 0.3979 - accuracy: 0.8623
 177/1563 [==>...........................] - ETA: 41s - loss: 0.3961 - accuracy: 0.8628
 180/1563 [==>...........................] - ETA: 41s - loss: 0.3949 - accuracy: 0.8632
 181/1563 [==>...........................] - ETA: 41s - loss: 0.3943 - accuracy: 0.8634
 183/1563 [==>...........................] - ETA: 41s - loss: 0.3937 - accuracy: 0.8637
 185/1563 [==>...........................] - ETA: 41s - loss: 0.3934 - accuracy: 0.8635
 188/1563 [==>...........................] - ETA: 41s - loss: 0.3938 - accuracy: 0.8630
 191/1563 [==>...........................] - ETA: 41s - loss: 0.3932 - accuracy: 0.8631
 194/1563 [==>...........................] - ETA: 40s - loss: 0.3930 - accuracy: 0.8628
 197/1563 [==>...........................] - ETA: 40s - loss: 0.3920 - accuracy: 0.8631
 199/1563 [==>...........................] - ETA: 40s - loss: 0.3930 - accuracy: 0.8624
 201/1563 [==>...........................] - ETA: 40s - loss: 0.3920 - accuracy: 0.8630
 203/1563 [==>...........................] - ETA: 40s - loss: 0.3915 - accuracy: 0.8635
 205/1563 [==>...........................] - ETA: 40s - loss: 0.3911 - accuracy: 0.8636
 207/1563 [==>...........................] - ETA: 40s - loss: 0.3920 - accuracy: 0.8632
 209/1563 [===>..........................] - ETA: 40s - loss: 0.3907 - accuracy: 0.8636
 211/1563 [===>..........................] - ETA: 40s - loss: 0.3926 - accuracy: 0.8634
 213/1563 [===>..........................] - ETA: 40s - loss: 0.3916 - accuracy: 0.8636
 215/1563 [===>..........................] - ETA: 40s - loss: 0.3920 - accuracy: 0.8635
 217/1563 [===>..........................] - ETA: 40s - loss: 0.3905 - accuracy: 0.8642
 219/1563 [===>..........................] - ETA: 40s - loss: 0.3901 - accuracy: 0.8644
 221/1563 [===>..........................] - ETA: 40s - loss: 0.3910 - accuracy: 0.8641
 223/1563 [===>..........................] - ETA: 40s - loss: 0.3900 - accuracy: 0.8643
 225/1563 [===>..........................] - ETA: 40s - loss: 0.3900 - accuracy: 0.8639
 227/1563 [===>..........................] - ETA: 40s - loss: 0.3912 - accuracy: 0.8634
 229/1563 [===>..........................] - ETA: 40s - loss: 0.3910 - accuracy: 0.8638
 231/1563 [===>..........................] - ETA: 40s - loss: 0.3915 - accuracy: 0.8635
 234/1563 [===>..........................] - ETA: 40s - loss: 0.3921 - accuracy: 0.8627
 237/1563 [===>..........................] - ETA: 39s - loss: 0.3930 - accuracy: 0.8626
 239/1563 [===>..........................] - ETA: 39s - loss: 0.3918 - accuracy: 0.8634
 242/1563 [===>..........................] - ETA: 39s - loss: 0.3911 - accuracy: 0.8638
 244/1563 [===>..........................] - ETA: 39s - loss: 0.3922 - accuracy: 0.8635
 246/1563 [===>..........................] - ETA: 39s - loss: 0.3938 - accuracy: 0.8629
 249/1563 [===>..........................] - ETA: 39s - loss: 0.3935 - accuracy: 0.8631
 252/1563 [===>..........................] - ETA: 39s - loss: 0.3924 - accuracy: 0.8637
 254/1563 [===>..........................] - ETA: 39s - loss: 0.3939 - accuracy: 0.8633
 256/1563 [===>..........................] - ETA: 39s - loss: 0.3937 - accuracy: 0.8636
 258/1563 [===>..........................] - ETA: 39s - loss: 0.3941 - accuracy: 0.8636
 260/1563 [===>..........................] - ETA: 39s - loss: 0.3937 - accuracy: 0.8639
 262/1563 [====>.........................] - ETA: 39s - loss: 0.3948 - accuracy: 0.8631
 265/1563 [====>.........................] - ETA: 39s - loss: 0.3953 - accuracy: 0.8625
 267/1563 [====>.........................] - ETA: 39s - loss: 0.3968 - accuracy: 0.8619
 269/1563 [====>.........................] - ETA: 39s - loss: 0.3961 - accuracy: 0.8625
 271/1563 [====>.........................] - ETA: 39s - loss: 0.3967 - accuracy: 0.8617
 273/1563 [====>.........................] - ETA: 38s - loss: 0.3967 - accuracy: 0.8617
 275/1563 [====>.........................] - ETA: 38s - loss: 0.3975 - accuracy: 0.8612
 277/1563 [====>.........................] - ETA: 38s - loss: 0.3967 - accuracy: 0.8615
 279/1563 [====>.........................] - ETA: 38s - loss: 0.3966 - accuracy: 0.8613
 282/1563 [====>.........................] - ETA: 38s - loss: 0.3977 - accuracy: 0.8611
 285/1563 [====>.........................] - ETA: 38s - loss: 0.3983 - accuracy: 0.8611
 287/1563 [====>.........................] - ETA: 38s - loss: 0.3986 - accuracy: 0.8612
 289/1563 [====>.........................] - ETA: 38s - loss: 0.3986 - accuracy: 0.8609
 291/1563 [====>.........................] - ETA: 38s - loss: 0.3994 - accuracy: 0.8602
 294/1563 [====>.........................] - ETA: 38s - loss: 0.4002 - accuracy: 0.8596
 297/1563 [====>.........................] - ETA: 37s - loss: 0.3995 - accuracy: 0.8601
 299/1563 [====>.........................] - ETA: 37s - loss: 0.3999 - accuracy: 0.8602
 301/1563 [====>.........................] - ETA: 37s - loss: 0.4000 - accuracy: 0.8597
 303/1563 [====>.........................] - ETA: 37s - loss: 0.4011 - accuracy: 0.8597
 305/1563 [====>.........................] - ETA: 37s - loss: 0.4005 - accuracy: 0.8599
 307/1563 [====>.........................] - ETA: 37s - loss: 0.4014 - accuracy: 0.8594
 310/1563 [====>.........................] - ETA: 37s - loss: 0.4013 - accuracy: 0.8595
 311/1563 [====>.........................] - ETA: 37s - loss: 0.4020 - accuracy: 0.8591
 313/1563 [=====>........................] - ETA: 37s - loss: 0.4022 - accuracy: 0.8591
 315/1563 [=====>........................] - ETA: 37s - loss: 0.4018 - accuracy: 0.8589
 317/1563 [=====>........................] - ETA: 37s - loss: 0.4025 - accuracy: 0.8586
 319/1563 [=====>........................] - ETA: 37s - loss: 0.4020 - accuracy: 0.8589
 321/1563 [=====>........................] - ETA: 37s - loss: 0.4017 - accuracy: 0.8590
 323/1563 [=====>........................] - ETA: 37s - loss: 0.4004 - accuracy: 0.8595
 326/1563 [=====>........................] - ETA: 37s - loss: 0.3996 - accuracy: 0.8598
 328/1563 [=====>........................] - ETA: 36s - loss: 0.4021 - accuracy: 0.8593
 330/1563 [=====>........................] - ETA: 36s - loss: 0.4020 - accuracy: 0.8593
 332/1563 [=====>........................] - ETA: 36s - loss: 0.4012 - accuracy: 0.8598
 334/1563 [=====>........................] - ETA: 36s - loss: 0.4014 - accuracy: 0.8597
 337/1563 [=====>........................] - ETA: 36s - loss: 0.4011 - accuracy: 0.8596
 339/1563 [=====>........................] - ETA: 36s - loss: 0.4031 - accuracy: 0.8588
 341/1563 [=====>........................] - ETA: 36s - loss: 0.4033 - accuracy: 0.8586
 343/1563 [=====>........................] - ETA: 36s - loss: 0.4035 - accuracy: 0.8586
 345/1563 [=====>........................] - ETA: 36s - loss: 0.4037 - accuracy: 0.8586
 347/1563 [=====>........................] - ETA: 36s - loss: 0.4062 - accuracy: 0.8579
 349/1563 [=====>........................] - ETA: 36s - loss: 0.4072 - accuracy: 0.8574
 352/1563 [=====>........................] - ETA: 36s - loss: 0.4075 - accuracy: 0.8574
 353/1563 [=====>........................] - ETA: 36s - loss: 0.4081 - accuracy: 0.8570
 355/1563 [=====>........................] - ETA: 36s - loss: 0.4087 - accuracy: 0.8569
 357/1563 [=====>........................] - ETA: 36s - loss: 0.4082 - accuracy: 0.8567
 359/1563 [=====>........................] - ETA: 36s - loss: 0.4081 - accuracy: 0.8569
 361/1563 [=====>........................] - ETA: 36s - loss: 0.4085 - accuracy: 0.8567
 363/1563 [=====>........................] - ETA: 36s - loss: 0.4090 - accuracy: 0.8567
 365/1563 [======>.......................] - ETA: 36s - loss: 0.4083 - accuracy: 0.8570
 367/1563 [======>.......................] - ETA: 36s - loss: 0.4077 - accuracy: 0.8574
 369/1563 [======>.......................] - ETA: 36s - loss: 0.4069 - accuracy: 0.8577
 372/1563 [======>.......................] - ETA: 35s - loss: 0.4068 - accuracy: 0.8575
 374/1563 [======>.......................] - ETA: 35s - loss: 0.4066 - accuracy: 0.8576
 376/1563 [======>.......................] - ETA: 35s - loss: 0.4063 - accuracy: 0.8579
 378/1563 [======>.......................] - ETA: 35s - loss: 0.4072 - accuracy: 0.8576
 380/1563 [======>.......................] - ETA: 35s - loss: 0.4070 - accuracy: 0.8577
 382/1563 [======>.......................] - ETA: 35s - loss: 0.4066 - accuracy: 0.8580
 384/1563 [======>.......................] - ETA: 35s - loss: 0.4057 - accuracy: 0.8582
 386/1563 [======>.......................] - ETA: 35s - loss: 0.4065 - accuracy: 0.8582
 388/1563 [======>.......................] - ETA: 35s - loss: 0.4071 - accuracy: 0.8580
 390/1563 [======>.......................] - ETA: 35s - loss: 0.4079 - accuracy: 0.8578
 392/1563 [======>.......................] - ETA: 35s - loss: 0.4080 - accuracy: 0.8578
 394/1563 [======>.......................] - ETA: 35s - loss: 0.4072 - accuracy: 0.8583
 396/1563 [======>.......................] - ETA: 35s - loss: 0.4074 - accuracy: 0.8583
 398/1563 [======>.......................] - ETA: 35s - loss: 0.4075 - accuracy: 0.8583
 400/1563 [======>.......................] - ETA: 35s - loss: 0.4069 - accuracy: 0.8585
 402/1563 [======>.......................] - ETA: 35s - loss: 0.4066 - accuracy: 0.8587
 405/1563 [======>.......................] - ETA: 34s - loss: 0.4070 - accuracy: 0.8583
 408/1563 [======>.......................] - ETA: 34s - loss: 0.4067 - accuracy: 0.8584
 410/1563 [======>.......................] - ETA: 34s - loss: 0.4062 - accuracy: 0.8585
 412/1563 [======>.......................] - ETA: 34s - loss: 0.4069 - accuracy: 0.8582
 414/1563 [======>.......................] - ETA: 34s - loss: 0.4070 - accuracy: 0.8579
 416/1563 [======>.......................] - ETA: 34s - loss: 0.4073 - accuracy: 0.8578
 418/1563 [=======>......................] - ETA: 34s - loss: 0.4072 - accuracy: 0.8578
 420/1563 [=======>......................] - ETA: 34s - loss: 0.4065 - accuracy: 0.8580
 422/1563 [=======>......................] - ETA: 34s - loss: 0.4062 - accuracy: 0.8583
 424/1563 [=======>......................] - ETA: 34s - loss: 0.4066 - accuracy: 0.8584
 427/1563 [=======>......................] - ETA: 34s - loss: 0.4068 - accuracy: 0.8584
 429/1563 [=======>......................] - ETA: 34s - loss: 0.4072 - accuracy: 0.8582
 431/1563 [=======>......................] - ETA: 34s - loss: 0.4080 - accuracy: 0.8579
 433/1563 [=======>......................] - ETA: 34s - loss: 0.4091 - accuracy: 0.8575
 436/1563 [=======>......................] - ETA: 34s - loss: 0.4092 - accuracy: 0.8573
 438/1563 [=======>......................] - ETA: 33s - loss: 0.4090 - accuracy: 0.8573
 440/1563 [=======>......................] - ETA: 33s - loss: 0.4086 - accuracy: 0.8572
 442/1563 [=======>......................] - ETA: 33s - loss: 0.4089 - accuracy: 0.8570
 444/1563 [=======>......................] - ETA: 33s - loss: 0.4093 - accuracy: 0.8569
 446/1563 [=======>......................] - ETA: 33s - loss: 0.4090 - accuracy: 0.8569
 448/1563 [=======>......................] - ETA: 33s - loss: 0.4090 - accuracy: 0.8569
 450/1563 [=======>......................] - ETA: 33s - loss: 0.4086 - accuracy: 0.8570
 452/1563 [=======>......................] - ETA: 33s - loss: 0.4092 - accuracy: 0.8569
 454/1563 [=======>......................] - ETA: 33s - loss: 0.4093 - accuracy: 0.8569
 456/1563 [=======>......................] - ETA: 33s - loss: 0.4090 - accuracy: 0.8570
 459/1563 [=======>......................] - ETA: 33s - loss: 0.4096 - accuracy: 0.8565
 461/1563 [=======>......................] - ETA: 33s - loss: 0.4093 - accuracy: 0.8565
 463/1563 [=======>......................] - ETA: 33s - loss: 0.4089 - accuracy: 0.8566
 465/1563 [=======>......................] - ETA: 33s - loss: 0.4087 - accuracy: 0.8568
 467/1563 [=======>......................] - ETA: 33s - loss: 0.4086 - accuracy: 0.8569
 469/1563 [========>.....................] - ETA: 33s - loss: 0.4087 - accuracy: 0.8567
 471/1563 [========>.....................] - ETA: 33s - loss: 0.4086 - accuracy: 0.8566
 473/1563 [========>.....................] - ETA: 33s - loss: 0.4082 - accuracy: 0.8568
 475/1563 [========>.....................] - ETA: 32s - loss: 0.4079 - accuracy: 0.8570
 478/1563 [========>.....................] - ETA: 32s - loss: 0.4086 - accuracy: 0.8566
 480/1563 [========>.....................] - ETA: 32s - loss: 0.4087 - accuracy: 0.8564
 482/1563 [========>.....................] - ETA: 32s - loss: 0.4089 - accuracy: 0.8563
 484/1563 [========>.....................] - ETA: 32s - loss: 0.4090 - accuracy: 0.8560
 486/1563 [========>.....................] - ETA: 32s - loss: 0.4093 - accuracy: 0.8556
 489/1563 [========>.....................] - ETA: 32s - loss: 0.4099 - accuracy: 0.8553
 491/1563 [========>.....................] - ETA: 32s - loss: 0.4107 - accuracy: 0.8551
 493/1563 [========>.....................] - ETA: 32s - loss: 0.4112 - accuracy: 0.8550
 494/1563 [========>.....................] - ETA: 32s - loss: 0.4112 - accuracy: 0.8548
 496/1563 [========>.....................] - ETA: 32s - loss: 0.4118 - accuracy: 0.8547
 499/1563 [========>.....................] - ETA: 32s - loss: 0.4122 - accuracy: 0.8546
 501/1563 [========>.....................] - ETA: 32s - loss: 0.4127 - accuracy: 0.8544
 503/1563 [========>.....................] - ETA: 32s - loss: 0.4135 - accuracy: 0.8541
 505/1563 [========>.....................] - ETA: 32s - loss: 0.4130 - accuracy: 0.8543
 507/1563 [========>.....................] - ETA: 32s - loss: 0.4135 - accuracy: 0.8540
 510/1563 [========>.....................] - ETA: 32s - loss: 0.4145 - accuracy: 0.8536
 512/1563 [========>.....................] - ETA: 32s - loss: 0.4148 - accuracy: 0.8535
 514/1563 [========>.....................] - ETA: 31s - loss: 0.4150 - accuracy: 0.8535
 516/1563 [========>.....................] - ETA: 31s - loss: 0.4147 - accuracy: 0.8537
 518/1563 [========>.....................] - ETA: 31s - loss: 0.4150 - accuracy: 0.8537
 520/1563 [========>.....................] - ETA: 31s - loss: 0.4152 - accuracy: 0.8535
 522/1563 [=========>....................] - ETA: 31s - loss: 0.4159 - accuracy: 0.8533
 524/1563 [=========>....................] - ETA: 31s - loss: 0.4166 - accuracy: 0.8531
 527/1563 [=========>....................] - ETA: 31s - loss: 0.4171 - accuracy: 0.8529
 529/1563 [=========>....................] - ETA: 31s - loss: 0.4172 - accuracy: 0.8528
 531/1563 [=========>....................] - ETA: 31s - loss: 0.4173 - accuracy: 0.8527
 533/1563 [=========>....................] - ETA: 31s - loss: 0.4174 - accuracy: 0.8527
 535/1563 [=========>....................] - ETA: 31s - loss: 0.4172 - accuracy: 0.8527
 538/1563 [=========>....................] - ETA: 31s - loss: 0.4175 - accuracy: 0.8526
 540/1563 [=========>....................] - ETA: 31s - loss: 0.4179 - accuracy: 0.8524
 542/1563 [=========>....................] - ETA: 31s - loss: 0.4181 - accuracy: 0.8524
 544/1563 [=========>....................] - ETA: 31s - loss: 0.4186 - accuracy: 0.8522
 546/1563 [=========>....................] - ETA: 31s - loss: 0.4184 - accuracy: 0.8523
 549/1563 [=========>....................] - ETA: 30s - loss: 0.4187 - accuracy: 0.8521
 551/1563 [=========>....................] - ETA: 30s - loss: 0.4185 - accuracy: 0.8521
 553/1563 [=========>....................] - ETA: 30s - loss: 0.4191 - accuracy: 0.8521
 556/1563 [=========>....................] - ETA: 30s - loss: 0.4188 - accuracy: 0.8521
 558/1563 [=========>....................] - ETA: 30s - loss: 0.4191 - accuracy: 0.8520
 560/1563 [=========>....................] - ETA: 30s - loss: 0.4193 - accuracy: 0.8520
 562/1563 [=========>....................] - ETA: 30s - loss: 0.4201 - accuracy: 0.8516
 565/1563 [=========>....................] - ETA: 30s - loss: 0.4198 - accuracy: 0.8517
 567/1563 [=========>....................] - ETA: 30s - loss: 0.4200 - accuracy: 0.8516
 569/1563 [=========>....................] - ETA: 30s - loss: 0.4202 - accuracy: 0.8517
 571/1563 [=========>....................] - ETA: 30s - loss: 0.4206 - accuracy: 0.8516
 573/1563 [=========>....................] - ETA: 30s - loss: 0.4202 - accuracy: 0.8517
 575/1563 [==========>...................] - ETA: 30s - loss: 0.4206 - accuracy: 0.8514
 578/1563 [==========>...................] - ETA: 30s - loss: 0.4204 - accuracy: 0.8514
 580/1563 [==========>...................] - ETA: 29s - loss: 0.4203 - accuracy: 0.8515
 581/1563 [==========>...................] - ETA: 29s - loss: 0.4205 - accuracy: 0.8515
 583/1563 [==========>...................] - ETA: 29s - loss: 0.4203 - accuracy: 0.8516
 585/1563 [==========>...................] - ETA: 29s - loss: 0.4200 - accuracy: 0.8515
 587/1563 [==========>...................] - ETA: 29s - loss: 0.4203 - accuracy: 0.8514
 589/1563 [==========>...................] - ETA: 29s - loss: 0.4203 - accuracy: 0.8514
 592/1563 [==========>...................] - ETA: 29s - loss: 0.4207 - accuracy: 0.8514
 595/1563 [==========>...................] - ETA: 29s - loss: 0.4212 - accuracy: 0.8512
 597/1563 [==========>...................] - ETA: 29s - loss: 0.4215 - accuracy: 0.8512
 600/1563 [==========>...................] - ETA: 29s - loss: 0.4219 - accuracy: 0.8512
 602/1563 [==========>...................] - ETA: 29s - loss: 0.4219 - accuracy: 0.8512
 605/1563 [==========>...................] - ETA: 29s - loss: 0.4221 - accuracy: 0.8511
 608/1563 [==========>...................] - ETA: 28s - loss: 0.4223 - accuracy: 0.8510
 610/1563 [==========>...................] - ETA: 28s - loss: 0.4226 - accuracy: 0.8510
 612/1563 [==========>...................] - ETA: 28s - loss: 0.4229 - accuracy: 0.8508
 614/1563 [==========>...................] - ETA: 28s - loss: 0.4227 - accuracy: 0.8508
 617/1563 [==========>...................] - ETA: 28s - loss: 0.4239 - accuracy: 0.8504
 619/1563 [==========>...................] - ETA: 28s - loss: 0.4242 - accuracy: 0.8502
 621/1563 [==========>...................] - ETA: 28s - loss: 0.4239 - accuracy: 0.8502
 623/1563 [==========>...................] - ETA: 28s - loss: 0.4246 - accuracy: 0.8501
 625/1563 [==========>...................] - ETA: 28s - loss: 0.4249 - accuracy: 0.8500
 627/1563 [===========>..................] - ETA: 28s - loss: 0.4247 - accuracy: 0.8500
 629/1563 [===========>..................] - ETA: 28s - loss: 0.4253 - accuracy: 0.8500
 631/1563 [===========>..................] - ETA: 28s - loss: 0.4254 - accuracy: 0.8500
 633/1563 [===========>..................] - ETA: 28s - loss: 0.4249 - accuracy: 0.8502
 635/1563 [===========>..................] - ETA: 28s - loss: 0.4249 - accuracy: 0.8501
 637/1563 [===========>..................] - ETA: 28s - loss: 0.4258 - accuracy: 0.8499
 640/1563 [===========>..................] - ETA: 28s - loss: 0.4262 - accuracy: 0.8498
 643/1563 [===========>..................] - ETA: 27s - loss: 0.4268 - accuracy: 0.8494
 645/1563 [===========>..................] - ETA: 27s - loss: 0.4268 - accuracy: 0.8495
 647/1563 [===========>..................] - ETA: 27s - loss: 0.4265 - accuracy: 0.8495
 650/1563 [===========>..................] - ETA: 27s - loss: 0.4275 - accuracy: 0.8493
 652/1563 [===========>..................] - ETA: 27s - loss: 0.4279 - accuracy: 0.8492
 655/1563 [===========>..................] - ETA: 27s - loss: 0.4277 - accuracy: 0.8493
 657/1563 [===========>..................] - ETA: 27s - loss: 0.4279 - accuracy: 0.8493
 660/1563 [===========>..................] - ETA: 27s - loss: 0.4286 - accuracy: 0.8491
 662/1563 [===========>..................] - ETA: 27s - loss: 0.4284 - accuracy: 0.8491
 665/1563 [===========>..................] - ETA: 27s - loss: 0.4288 - accuracy: 0.8491
 667/1563 [===========>..................] - ETA: 27s - loss: 0.4289 - accuracy: 0.8490
 670/1563 [===========>..................] - ETA: 27s - loss: 0.4293 - accuracy: 0.8486
 672/1563 [===========>..................] - ETA: 27s - loss: 0.4296 - accuracy: 0.8485
 674/1563 [===========>..................] - ETA: 26s - loss: 0.4296 - accuracy: 0.8487
 676/1563 [===========>..................] - ETA: 26s - loss: 0.4297 - accuracy: 0.8486
 678/1563 [============>.................] - ETA: 26s - loss: 0.4295 - accuracy: 0.8486
 681/1563 [============>.................] - ETA: 26s - loss: 0.4301 - accuracy: 0.8483
 683/1563 [============>.................] - ETA: 26s - loss: 0.4300 - accuracy: 0.8484
 686/1563 [============>.................] - ETA: 26s - loss: 0.4296 - accuracy: 0.8484
 689/1563 [============>.................] - ETA: 26s - loss: 0.4295 - accuracy: 0.8485
 691/1563 [============>.................] - ETA: 26s - loss: 0.4300 - accuracy: 0.8484
 693/1563 [============>.................] - ETA: 26s - loss: 0.4301 - accuracy: 0.8483
 696/1563 [============>.................] - ETA: 26s - loss: 0.4302 - accuracy: 0.8482
 699/1563 [============>.................] - ETA: 26s - loss: 0.4296 - accuracy: 0.8485
 701/1563 [============>.................] - ETA: 26s - loss: 0.4295 - accuracy: 0.8485
 703/1563 [============>.................] - ETA: 26s - loss: 0.4296 - accuracy: 0.8485
 705/1563 [============>.................] - ETA: 25s - loss: 0.4292 - accuracy: 0.8485
 708/1563 [============>.................] - ETA: 25s - loss: 0.4291 - accuracy: 0.8485
 710/1563 [============>.................] - ETA: 25s - loss: 0.4292 - accuracy: 0.8483
 712/1563 [============>.................] - ETA: 25s - loss: 0.4295 - accuracy: 0.8482
 714/1563 [============>.................] - ETA: 25s - loss: 0.4297 - accuracy: 0.8482
 716/1563 [============>.................] - ETA: 25s - loss: 0.4298 - accuracy: 0.8482
 718/1563 [============>.................] - ETA: 25s - loss: 0.4296 - accuracy: 0.8483
 720/1563 [============>.................] - ETA: 25s - loss: 0.4297 - accuracy: 0.8484
 721/1563 [============>.................] - ETA: 25s - loss: 0.4299 - accuracy: 0.8484
 724/1563 [============>.................] - ETA: 25s - loss: 0.4296 - accuracy: 0.8485
 726/1563 [============>.................] - ETA: 25s - loss: 0.4298 - accuracy: 0.8485
 729/1563 [============>.................] - ETA: 25s - loss: 0.4295 - accuracy: 0.8486
 731/1563 [=============>................] - ETA: 25s - loss: 0.4292 - accuracy: 0.8486
 733/1563 [=============>................] - ETA: 25s - loss: 0.4290 - accuracy: 0.8487
 736/1563 [=============>................] - ETA: 25s - loss: 0.4283 - accuracy: 0.8489
 738/1563 [=============>................] - ETA: 25s - loss: 0.4281 - accuracy: 0.8490
 740/1563 [=============>................] - ETA: 24s - loss: 0.4283 - accuracy: 0.8488
 743/1563 [=============>................] - ETA: 24s - loss: 0.4283 - accuracy: 0.8489
 746/1563 [=============>................] - ETA: 24s - loss: 0.4280 - accuracy: 0.8489
 748/1563 [=============>................] - ETA: 24s - loss: 0.4281 - accuracy: 0.8489
 750/1563 [=============>................] - ETA: 24s - loss: 0.4283 - accuracy: 0.8488
 752/1563 [=============>................] - ETA: 24s - loss: 0.4278 - accuracy: 0.8489
 755/1563 [=============>................] - ETA: 24s - loss: 0.4284 - accuracy: 0.8488
 757/1563 [=============>................] - ETA: 24s - loss: 0.4281 - accuracy: 0.8489
 759/1563 [=============>................] - ETA: 24s - loss: 0.4284 - accuracy: 0.8489
 761/1563 [=============>................] - ETA: 24s - loss: 0.4285 - accuracy: 0.8488
 764/1563 [=============>................] - ETA: 24s - loss: 0.4282 - accuracy: 0.8489
 766/1563 [=============>................] - ETA: 24s - loss: 0.4280 - accuracy: 0.8489
 768/1563 [=============>................] - ETA: 24s - loss: 0.4279 - accuracy: 0.8490
 771/1563 [=============>................] - ETA: 24s - loss: 0.4286 - accuracy: 0.8487
 774/1563 [=============>................] - ETA: 23s - loss: 0.4295 - accuracy: 0.8484
 777/1563 [=============>................] - ETA: 23s - loss: 0.4301 - accuracy: 0.8483
 779/1563 [=============>................] - ETA: 23s - loss: 0.4303 - accuracy: 0.8482
 781/1563 [=============>................] - ETA: 23s - loss: 0.4307 - accuracy: 0.8481
 783/1563 [==============>...............] - ETA: 23s - loss: 0.4309 - accuracy: 0.8480
 786/1563 [==============>...............] - ETA: 23s - loss: 0.4313 - accuracy: 0.8478
 788/1563 [==============>...............] - ETA: 23s - loss: 0.4314 - accuracy: 0.8477
 790/1563 [==============>...............] - ETA: 23s - loss: 0.4313 - accuracy: 0.8477
 792/1563 [==============>...............] - ETA: 23s - loss: 0.4309 - accuracy: 0.8478
 794/1563 [==============>...............] - ETA: 23s - loss: 0.4307 - accuracy: 0.8478
 796/1563 [==============>...............] - ETA: 23s - loss: 0.4306 - accuracy: 0.8478
 798/1563 [==============>...............] - ETA: 23s - loss: 0.4306 - accuracy: 0.8478
 800/1563 [==============>...............] - ETA: 23s - loss: 0.4306 - accuracy: 0.8477
 803/1563 [==============>...............] - ETA: 23s - loss: 0.4308 - accuracy: 0.8477
 805/1563 [==============>...............] - ETA: 23s - loss: 0.4305 - accuracy: 0.8478
 807/1563 [==============>...............] - ETA: 22s - loss: 0.4309 - accuracy: 0.8476
 810/1563 [==============>...............] - ETA: 22s - loss: 0.4310 - accuracy: 0.8475
 813/1563 [==============>...............] - ETA: 22s - loss: 0.4311 - accuracy: 0.8475
 815/1563 [==============>...............] - ETA: 22s - loss: 0.4310 - accuracy: 0.8474
 817/1563 [==============>...............] - ETA: 22s - loss: 0.4311 - accuracy: 0.8474
 819/1563 [==============>...............] - ETA: 22s - loss: 0.4321 - accuracy: 0.8470
 821/1563 [==============>...............] - ETA: 22s - loss: 0.4324 - accuracy: 0.8469
 823/1563 [==============>...............] - ETA: 22s - loss: 0.4322 - accuracy: 0.8469
 825/1563 [==============>...............] - ETA: 22s - loss: 0.4327 - accuracy: 0.8467
 827/1563 [==============>...............] - ETA: 22s - loss: 0.4335 - accuracy: 0.8464
 829/1563 [==============>...............] - ETA: 22s - loss: 0.4340 - accuracy: 0.8463
 832/1563 [==============>...............] - ETA: 22s - loss: 0.4345 - accuracy: 0.8460
 834/1563 [===============>..............] - ETA: 22s - loss: 0.4349 - accuracy: 0.8459
 836/1563 [===============>..............] - ETA: 22s - loss: 0.4348 - accuracy: 0.8460
 838/1563 [===============>..............] - ETA: 22s - loss: 0.4349 - accuracy: 0.8459
 840/1563 [===============>..............] - ETA: 21s - loss: 0.4353 - accuracy: 0.8458
 843/1563 [===============>..............] - ETA: 21s - loss: 0.4349 - accuracy: 0.8459
 845/1563 [===============>..............] - ETA: 21s - loss: 0.4350 - accuracy: 0.8458
 847/1563 [===============>..............] - ETA: 21s - loss: 0.4351 - accuracy: 0.8458
 849/1563 [===============>..............] - ETA: 21s - loss: 0.4349 - accuracy: 0.8459
 852/1563 [===============>..............] - ETA: 21s - loss: 0.4354 - accuracy: 0.8455
 855/1563 [===============>..............] - ETA: 21s - loss: 0.4349 - accuracy: 0.8457
 857/1563 [===============>..............] - ETA: 21s - loss: 0.4350 - accuracy: 0.8458
 859/1563 [===============>..............] - ETA: 21s - loss: 0.4355 - accuracy: 0.8456
 862/1563 [===============>..............] - ETA: 21s - loss: 0.4350 - accuracy: 0.8458
 864/1563 [===============>..............] - ETA: 21s - loss: 0.4348 - accuracy: 0.8458
 866/1563 [===============>..............] - ETA: 21s - loss: 0.4345 - accuracy: 0.8459
 868/1563 [===============>..............] - ETA: 21s - loss: 0.4345 - accuracy: 0.8459
 870/1563 [===============>..............] - ETA: 21s - loss: 0.4348 - accuracy: 0.8458
 872/1563 [===============>..............] - ETA: 20s - loss: 0.4348 - accuracy: 0.8458
 874/1563 [===============>..............] - ETA: 20s - loss: 0.4346 - accuracy: 0.8459
 876/1563 [===============>..............] - ETA: 20s - loss: 0.4345 - accuracy: 0.8459
 878/1563 [===============>..............] - ETA: 20s - loss: 0.4345 - accuracy: 0.8457
 880/1563 [===============>..............] - ETA: 20s - loss: 0.4343 - accuracy: 0.8458
 881/1563 [===============>..............] - ETA: 20s - loss: 0.4344 - accuracy: 0.8457
 883/1563 [===============>..............] - ETA: 20s - loss: 0.4342 - accuracy: 0.8457
 885/1563 [===============>..............] - ETA: 20s - loss: 0.4341 - accuracy: 0.8457
 887/1563 [================>.............] - ETA: 20s - loss: 0.4341 - accuracy: 0.8458
 890/1563 [================>.............] - ETA: 20s - loss: 0.4342 - accuracy: 0.8457
 892/1563 [================>.............] - ETA: 20s - loss: 0.4341 - accuracy: 0.8457
 894/1563 [================>.............] - ETA: 20s - loss: 0.4341 - accuracy: 0.8458
 896/1563 [================>.............] - ETA: 20s - loss: 0.4338 - accuracy: 0.8459
 898/1563 [================>.............] - ETA: 20s - loss: 0.4337 - accuracy: 0.8460
 900/1563 [================>.............] - ETA: 20s - loss: 0.4337 - accuracy: 0.8461
 902/1563 [================>.............] - ETA: 20s - loss: 0.4334 - accuracy: 0.8462
 904/1563 [================>.............] - ETA: 20s - loss: 0.4333 - accuracy: 0.8462
 906/1563 [================>.............] - ETA: 20s - loss: 0.4334 - accuracy: 0.8461
 908/1563 [================>.............] - ETA: 20s - loss: 0.4334 - accuracy: 0.8461
 911/1563 [================>.............] - ETA: 19s - loss: 0.4336 - accuracy: 0.8459
 914/1563 [================>.............] - ETA: 19s - loss: 0.4340 - accuracy: 0.8458
 916/1563 [================>.............] - ETA: 19s - loss: 0.4342 - accuracy: 0.8457
 919/1563 [================>.............] - ETA: 19s - loss: 0.4344 - accuracy: 0.8457
 921/1563 [================>.............] - ETA: 19s - loss: 0.4343 - accuracy: 0.8457
 923/1563 [================>.............] - ETA: 19s - loss: 0.4347 - accuracy: 0.8457
 925/1563 [================>.............] - ETA: 19s - loss: 0.4345 - accuracy: 0.8458
 926/1563 [================>.............] - ETA: 19s - loss: 0.4343 - accuracy: 0.8459
 928/1563 [================>.............] - ETA: 19s - loss: 0.4343 - accuracy: 0.8460
 930/1563 [================>.............] - ETA: 19s - loss: 0.4342 - accuracy: 0.8460
 932/1563 [================>.............] - ETA: 19s - loss: 0.4344 - accuracy: 0.8459
 934/1563 [================>.............] - ETA: 19s - loss: 0.4342 - accuracy: 0.8460
 936/1563 [================>.............] - ETA: 19s - loss: 0.4340 - accuracy: 0.8461
 938/1563 [=================>............] - ETA: 19s - loss: 0.4343 - accuracy: 0.8460
 941/1563 [=================>............] - ETA: 19s - loss: 0.4345 - accuracy: 0.8461
 943/1563 [=================>............] - ETA: 19s - loss: 0.4346 - accuracy: 0.8460
 946/1563 [=================>............] - ETA: 18s - loss: 0.4342 - accuracy: 0.8463
 949/1563 [=================>............] - ETA: 18s - loss: 0.4343 - accuracy: 0.8463
 951/1563 [=================>............] - ETA: 18s - loss: 0.4343 - accuracy: 0.8462
 953/1563 [=================>............] - ETA: 18s - loss: 0.4340 - accuracy: 0.8463
 955/1563 [=================>............] - ETA: 18s - loss: 0.4338 - accuracy: 0.8464
 957/1563 [=================>............] - ETA: 18s - loss: 0.4343 - accuracy: 0.8462
 959/1563 [=================>............] - ETA: 18s - loss: 0.4343 - accuracy: 0.8462
 961/1563 [=================>............] - ETA: 18s - loss: 0.4343 - accuracy: 0.8462
 963/1563 [=================>............] - ETA: 18s - loss: 0.4342 - accuracy: 0.8463
 965/1563 [=================>............] - ETA: 18s - loss: 0.4338 - accuracy: 0.8464
 967/1563 [=================>............] - ETA: 18s - loss: 0.4340 - accuracy: 0.8463
 970/1563 [=================>............] - ETA: 18s - loss: 0.4339 - accuracy: 0.8462
 973/1563 [=================>............] - ETA: 18s - loss: 0.4342 - accuracy: 0.8461
 974/1563 [=================>............] - ETA: 18s - loss: 0.4341 - accuracy: 0.8461
 976/1563 [=================>............] - ETA: 17s - loss: 0.4338 - accuracy: 0.8463
 978/1563 [=================>............] - ETA: 17s - loss: 0.4340 - accuracy: 0.8462
 980/1563 [=================>............] - ETA: 17s - loss: 0.4344 - accuracy: 0.8460
 982/1563 [=================>............] - ETA: 17s - loss: 0.4343 - accuracy: 0.8461
 985/1563 [=================>............] - ETA: 17s - loss: 0.4342 - accuracy: 0.8462
 987/1563 [=================>............] - ETA: 17s - loss: 0.4339 - accuracy: 0.8463
 989/1563 [=================>............] - ETA: 17s - loss: 0.4343 - accuracy: 0.8461
 991/1563 [==================>...........] - ETA: 17s - loss: 0.4349 - accuracy: 0.8459
 993/1563 [==================>...........] - ETA: 17s - loss: 0.4348 - accuracy: 0.8460
 995/1563 [==================>...........] - ETA: 17s - loss: 0.4346 - accuracy: 0.8461
 998/1563 [==================>...........] - ETA: 17s - loss: 0.4346 - accuracy: 0.8459
1001/1563 [==================>...........] - ETA: 17s - loss: 0.4345 - accuracy: 0.8459
1003/1563 [==================>...........] - ETA: 17s - loss: 0.4345 - accuracy: 0.8459
1005/1563 [==================>...........] - ETA: 17s - loss: 0.4345 - accuracy: 0.8459
1008/1563 [==================>...........] - ETA: 17s - loss: 0.4346 - accuracy: 0.8458
1010/1563 [==================>...........] - ETA: 16s - loss: 0.4346 - accuracy: 0.8458
1012/1563 [==================>...........] - ETA: 16s - loss: 0.4345 - accuracy: 0.8458
1014/1563 [==================>...........] - ETA: 16s - loss: 0.4346 - accuracy: 0.8458
1016/1563 [==================>...........] - ETA: 16s - loss: 0.4345 - accuracy: 0.8458
1018/1563 [==================>...........] - ETA: 16s - loss: 0.4344 - accuracy: 0.8458
1020/1563 [==================>...........] - ETA: 16s - loss: 0.4344 - accuracy: 0.8457
1022/1563 [==================>...........] - ETA: 16s - loss: 0.4343 - accuracy: 0.8457
1024/1563 [==================>...........] - ETA: 16s - loss: 0.4342 - accuracy: 0.8458
1026/1563 [==================>...........] - ETA: 16s - loss: 0.4340 - accuracy: 0.8458
1028/1563 [==================>...........] - ETA: 16s - loss: 0.4340 - accuracy: 0.8458
1030/1563 [==================>...........] - ETA: 16s - loss: 0.4343 - accuracy: 0.8457
1032/1563 [==================>...........] - ETA: 16s - loss: 0.4346 - accuracy: 0.8457
1035/1563 [==================>...........] - ETA: 16s - loss: 0.4349 - accuracy: 0.8457
1037/1563 [==================>...........] - ETA: 16s - loss: 0.4350 - accuracy: 0.8456
1039/1563 [==================>...........] - ETA: 16s - loss: 0.4349 - accuracy: 0.8456
1041/1563 [==================>...........] - ETA: 16s - loss: 0.4351 - accuracy: 0.8456
1044/1563 [===================>..........] - ETA: 15s - loss: 0.4350 - accuracy: 0.8457
1046/1563 [===================>..........] - ETA: 15s - loss: 0.4354 - accuracy: 0.8456
1048/1563 [===================>..........] - ETA: 15s - loss: 0.4358 - accuracy: 0.8454
1050/1563 [===================>..........] - ETA: 15s - loss: 0.4358 - accuracy: 0.8454
1052/1563 [===================>..........] - ETA: 15s - loss: 0.4361 - accuracy: 0.8454
1054/1563 [===================>..........] - ETA: 15s - loss: 0.4360 - accuracy: 0.8454
1056/1563 [===================>..........] - ETA: 15s - loss: 0.4362 - accuracy: 0.8454
1058/1563 [===================>..........] - ETA: 15s - loss: 0.4360 - accuracy: 0.8455
1060/1563 [===================>..........] - ETA: 15s - loss: 0.4361 - accuracy: 0.8455
1062/1563 [===================>..........] - ETA: 15s - loss: 0.4362 - accuracy: 0.8456
1064/1563 [===================>..........] - ETA: 15s - loss: 0.4363 - accuracy: 0.8455
1066/1563 [===================>..........] - ETA: 15s - loss: 0.4366 - accuracy: 0.8454
1069/1563 [===================>..........] - ETA: 15s - loss: 0.4367 - accuracy: 0.8454
1071/1563 [===================>..........] - ETA: 15s - loss: 0.4371 - accuracy: 0.8452
1073/1563 [===================>..........] - ETA: 15s - loss: 0.4373 - accuracy: 0.8451
1076/1563 [===================>..........] - ETA: 14s - loss: 0.4373 - accuracy: 0.8451
1079/1563 [===================>..........] - ETA: 14s - loss: 0.4371 - accuracy: 0.8451
1081/1563 [===================>..........] - ETA: 14s - loss: 0.4370 - accuracy: 0.8452
1083/1563 [===================>..........] - ETA: 14s - loss: 0.4369 - accuracy: 0.8454
1085/1563 [===================>..........] - ETA: 14s - loss: 0.4366 - accuracy: 0.8455
1087/1563 [===================>..........] - ETA: 14s - loss: 0.4368 - accuracy: 0.8454
1090/1563 [===================>..........] - ETA: 14s - loss: 0.4367 - accuracy: 0.8455
1092/1563 [===================>..........] - ETA: 14s - loss: 0.4372 - accuracy: 0.8452
1094/1563 [===================>..........] - ETA: 14s - loss: 0.4373 - accuracy: 0.8453
1096/1563 [====================>.........] - ETA: 14s - loss: 0.4376 - accuracy: 0.8451
1098/1563 [====================>.........] - ETA: 14s - loss: 0.4375 - accuracy: 0.8452
1100/1563 [====================>.........] - ETA: 14s - loss: 0.4377 - accuracy: 0.8451
1102/1563 [====================>.........] - ETA: 14s - loss: 0.4379 - accuracy: 0.8451
1105/1563 [====================>.........] - ETA: 14s - loss: 0.4382 - accuracy: 0.8449
1107/1563 [====================>.........] - ETA: 14s - loss: 0.4381 - accuracy: 0.8449
1108/1563 [====================>.........] - ETA: 14s - loss: 0.4381 - accuracy: 0.8448
1110/1563 [====================>.........] - ETA: 13s - loss: 0.4383 - accuracy: 0.8447
1112/1563 [====================>.........] - ETA: 13s - loss: 0.4383 - accuracy: 0.8446
1114/1563 [====================>.........] - ETA: 13s - loss: 0.4387 - accuracy: 0.8445
1116/1563 [====================>.........] - ETA: 13s - loss: 0.4385 - accuracy: 0.8446
1118/1563 [====================>.........] - ETA: 13s - loss: 0.4388 - accuracy: 0.8444
1120/1563 [====================>.........] - ETA: 13s - loss: 0.4388 - accuracy: 0.8445
1122/1563 [====================>.........] - ETA: 13s - loss: 0.4391 - accuracy: 0.8444
1124/1563 [====================>.........] - ETA: 13s - loss: 0.4391 - accuracy: 0.8443
1126/1563 [====================>.........] - ETA: 13s - loss: 0.4389 - accuracy: 0.8444
1128/1563 [====================>.........] - ETA: 13s - loss: 0.4388 - accuracy: 0.8446
1130/1563 [====================>.........] - ETA: 13s - loss: 0.4389 - accuracy: 0.8445
1132/1563 [====================>.........] - ETA: 13s - loss: 0.4390 - accuracy: 0.8445
1134/1563 [====================>.........] - ETA: 13s - loss: 0.4388 - accuracy: 0.8446
1136/1563 [====================>.........] - ETA: 13s - loss: 0.4391 - accuracy: 0.8445
1139/1563 [====================>.........] - ETA: 13s - loss: 0.4392 - accuracy: 0.8445
1141/1563 [====================>.........] - ETA: 13s - loss: 0.4391 - accuracy: 0.8446
1143/1563 [====================>.........] - ETA: 12s - loss: 0.4396 - accuracy: 0.8445
1144/1563 [====================>.........] - ETA: 12s - loss: 0.4396 - accuracy: 0.8445
1146/1563 [====================>.........] - ETA: 12s - loss: 0.4394 - accuracy: 0.8446
1149/1563 [=====================>........] - ETA: 12s - loss: 0.4398 - accuracy: 0.8445
1152/1563 [=====================>........] - ETA: 12s - loss: 0.4396 - accuracy: 0.8446
1155/1563 [=====================>........] - ETA: 12s - loss: 0.4395 - accuracy: 0.8446
1158/1563 [=====================>........] - ETA: 12s - loss: 0.4396 - accuracy: 0.8445
1160/1563 [=====================>........] - ETA: 12s - loss: 0.4395 - accuracy: 0.8445
1162/1563 [=====================>........] - ETA: 12s - loss: 0.4398 - accuracy: 0.8444
1165/1563 [=====================>........] - ETA: 12s - loss: 0.4403 - accuracy: 0.8443
1167/1563 [=====================>........] - ETA: 12s - loss: 0.4405 - accuracy: 0.8443
1169/1563 [=====================>........] - ETA: 12s - loss: 0.4408 - accuracy: 0.8443
1171/1563 [=====================>........] - ETA: 12s - loss: 0.4405 - accuracy: 0.8443
1173/1563 [=====================>........] - ETA: 12s - loss: 0.4407 - accuracy: 0.8443
1175/1563 [=====================>........] - ETA: 11s - loss: 0.4404 - accuracy: 0.8444
1178/1563 [=====================>........] - ETA: 11s - loss: 0.4408 - accuracy: 0.8442
1181/1563 [=====================>........] - ETA: 11s - loss: 0.4409 - accuracy: 0.8442
1183/1563 [=====================>........] - ETA: 11s - loss: 0.4411 - accuracy: 0.8441
1185/1563 [=====================>........] - ETA: 11s - loss: 0.4411 - accuracy: 0.8440
1187/1563 [=====================>........] - ETA: 11s - loss: 0.4412 - accuracy: 0.8440
1190/1563 [=====================>........] - ETA: 11s - loss: 0.4413 - accuracy: 0.8440
1192/1563 [=====================>........] - ETA: 11s - loss: 0.4413 - accuracy: 0.8440
1195/1563 [=====================>........] - ETA: 11s - loss: 0.4411 - accuracy: 0.8440
1197/1563 [=====================>........] - ETA: 11s - loss: 0.4408 - accuracy: 0.8441
1199/1563 [======================>.......] - ETA: 11s - loss: 0.4409 - accuracy: 0.8440
1202/1563 [======================>.......] - ETA: 11s - loss: 0.4408 - accuracy: 0.8440
1204/1563 [======================>.......] - ETA: 11s - loss: 0.4407 - accuracy: 0.8440
1206/1563 [======================>.......] - ETA: 10s - loss: 0.4406 - accuracy: 0.8441
1208/1563 [======================>.......] - ETA: 10s - loss: 0.4409 - accuracy: 0.8440
1210/1563 [======================>.......] - ETA: 10s - loss: 0.4410 - accuracy: 0.8440
1212/1563 [======================>.......] - ETA: 10s - loss: 0.4412 - accuracy: 0.8440
1214/1563 [======================>.......] - ETA: 10s - loss: 0.4411 - accuracy: 0.8441
1216/1563 [======================>.......] - ETA: 10s - loss: 0.4409 - accuracy: 0.8441
1218/1563 [======================>.......] - ETA: 10s - loss: 0.4412 - accuracy: 0.8439
1221/1563 [======================>.......] - ETA: 10s - loss: 0.4410 - accuracy: 0.8440
1223/1563 [======================>.......] - ETA: 10s - loss: 0.4412 - accuracy: 0.8440
1225/1563 [======================>.......] - ETA: 10s - loss: 0.4416 - accuracy: 0.8439
1228/1563 [======================>.......] - ETA: 10s - loss: 0.4417 - accuracy: 0.8439
1230/1563 [======================>.......] - ETA: 10s - loss: 0.4419 - accuracy: 0.8438
1232/1563 [======================>.......] - ETA: 10s - loss: 0.4416 - accuracy: 0.8439
1233/1563 [======================>.......] - ETA: 10s - loss: 0.4415 - accuracy: 0.8439
1235/1563 [======================>.......] - ETA: 10s - loss: 0.4415 - accuracy: 0.8439
1236/1563 [======================>.......] - ETA: 10s - loss: 0.4416 - accuracy: 0.8439
1238/1563 [======================>.......] - ETA: 10s - loss: 0.4416 - accuracy: 0.8439
1240/1563 [======================>.......] - ETA: 9s - loss: 0.4415 - accuracy: 0.8439 
1242/1563 [======================>.......] - ETA: 9s - loss: 0.4414 - accuracy: 0.8439
1244/1563 [======================>.......] - ETA: 9s - loss: 0.4418 - accuracy: 0.8439
1246/1563 [======================>.......] - ETA: 9s - loss: 0.4418 - accuracy: 0.8439
1248/1563 [======================>.......] - ETA: 9s - loss: 0.4419 - accuracy: 0.8439
1250/1563 [======================>.......] - ETA: 9s - loss: 0.4420 - accuracy: 0.8439
1252/1563 [=======================>......] - ETA: 9s - loss: 0.4418 - accuracy: 0.8439
1254/1563 [=======================>......] - ETA: 9s - loss: 0.4417 - accuracy: 0.8439
1256/1563 [=======================>......] - ETA: 9s - loss: 0.4417 - accuracy: 0.8440
1258/1563 [=======================>......] - ETA: 9s - loss: 0.4417 - accuracy: 0.8440
1260/1563 [=======================>......] - ETA: 9s - loss: 0.4417 - accuracy: 0.8440
1262/1563 [=======================>......] - ETA: 9s - loss: 0.4417 - accuracy: 0.8441
1265/1563 [=======================>......] - ETA: 9s - loss: 0.4414 - accuracy: 0.8441
1267/1563 [=======================>......] - ETA: 9s - loss: 0.4417 - accuracy: 0.8440
1269/1563 [=======================>......] - ETA: 9s - loss: 0.4418 - accuracy: 0.8439
1272/1563 [=======================>......] - ETA: 8s - loss: 0.4417 - accuracy: 0.8440
1274/1563 [=======================>......] - ETA: 8s - loss: 0.4416 - accuracy: 0.8439
1276/1563 [=======================>......] - ETA: 8s - loss: 0.4414 - accuracy: 0.8440
1278/1563 [=======================>......] - ETA: 8s - loss: 0.4416 - accuracy: 0.8439
1280/1563 [=======================>......] - ETA: 8s - loss: 0.4416 - accuracy: 0.8440
1282/1563 [=======================>......] - ETA: 8s - loss: 0.4417 - accuracy: 0.8440
1283/1563 [=======================>......] - ETA: 8s - loss: 0.4421 - accuracy: 0.8439
1285/1563 [=======================>......] - ETA: 8s - loss: 0.4420 - accuracy: 0.8439
1288/1563 [=======================>......] - ETA: 8s - loss: 0.4421 - accuracy: 0.8439
1290/1563 [=======================>......] - ETA: 8s - loss: 0.4426 - accuracy: 0.8438
1292/1563 [=======================>......] - ETA: 8s - loss: 0.4426 - accuracy: 0.8438
1294/1563 [=======================>......] - ETA: 8s - loss: 0.4426 - accuracy: 0.8438
1296/1563 [=======================>......] - ETA: 8s - loss: 0.4427 - accuracy: 0.8437
1298/1563 [=======================>......] - ETA: 8s - loss: 0.4429 - accuracy: 0.8437
1300/1563 [=======================>......] - ETA: 8s - loss: 0.4428 - accuracy: 0.8437
1302/1563 [=======================>......] - ETA: 8s - loss: 0.4428 - accuracy: 0.8437
1304/1563 [========================>.....] - ETA: 8s - loss: 0.4430 - accuracy: 0.8437
1306/1563 [========================>.....] - ETA: 7s - loss: 0.4433 - accuracy: 0.8436
1308/1563 [========================>.....] - ETA: 7s - loss: 0.4433 - accuracy: 0.8437
1310/1563 [========================>.....] - ETA: 7s - loss: 0.4434 - accuracy: 0.8437
1312/1563 [========================>.....] - ETA: 7s - loss: 0.4432 - accuracy: 0.8438
1314/1563 [========================>.....] - ETA: 7s - loss: 0.4432 - accuracy: 0.8438
1316/1563 [========================>.....] - ETA: 7s - loss: 0.4432 - accuracy: 0.8438
1318/1563 [========================>.....] - ETA: 7s - loss: 0.4432 - accuracy: 0.8438
1320/1563 [========================>.....] - ETA: 7s - loss: 0.4434 - accuracy: 0.8438
1322/1563 [========================>.....] - ETA: 7s - loss: 0.4432 - accuracy: 0.8438
1324/1563 [========================>.....] - ETA: 7s - loss: 0.4432 - accuracy: 0.8438
1326/1563 [========================>.....] - ETA: 7s - loss: 0.4436 - accuracy: 0.8437
1328/1563 [========================>.....] - ETA: 7s - loss: 0.4436 - accuracy: 0.8437
1331/1563 [========================>.....] - ETA: 7s - loss: 0.4435 - accuracy: 0.8437
1333/1563 [========================>.....] - ETA: 7s - loss: 0.4437 - accuracy: 0.8436
1335/1563 [========================>.....] - ETA: 7s - loss: 0.4440 - accuracy: 0.8434
1337/1563 [========================>.....] - ETA: 6s - loss: 0.4440 - accuracy: 0.8434
1339/1563 [========================>.....] - ETA: 6s - loss: 0.4440 - accuracy: 0.8433
1341/1563 [========================>.....] - ETA: 6s - loss: 0.4441 - accuracy: 0.8433
1343/1563 [========================>.....] - ETA: 6s - loss: 0.4442 - accuracy: 0.8432
1345/1563 [========================>.....] - ETA: 6s - loss: 0.4445 - accuracy: 0.8431
1346/1563 [========================>.....] - ETA: 6s - loss: 0.4444 - accuracy: 0.8432
1348/1563 [========================>.....] - ETA: 6s - loss: 0.4445 - accuracy: 0.8431
1351/1563 [========================>.....] - ETA: 6s - loss: 0.4445 - accuracy: 0.8430
1353/1563 [========================>.....] - ETA: 6s - loss: 0.4447 - accuracy: 0.8429
1355/1563 [=========================>....] - ETA: 6s - loss: 0.4447 - accuracy: 0.8429
1357/1563 [=========================>....] - ETA: 6s - loss: 0.4449 - accuracy: 0.8429
1359/1563 [=========================>....] - ETA: 6s - loss: 0.4450 - accuracy: 0.8429
1361/1563 [=========================>....] - ETA: 6s - loss: 0.4449 - accuracy: 0.8430
1363/1563 [=========================>....] - ETA: 6s - loss: 0.4454 - accuracy: 0.8428
1365/1563 [=========================>....] - ETA: 6s - loss: 0.4452 - accuracy: 0.8429
1367/1563 [=========================>....] - ETA: 6s - loss: 0.4452 - accuracy: 0.8430
1369/1563 [=========================>....] - ETA: 6s - loss: 0.4450 - accuracy: 0.8431
1371/1563 [=========================>....] - ETA: 5s - loss: 0.4450 - accuracy: 0.8431
1373/1563 [=========================>....] - ETA: 5s - loss: 0.4454 - accuracy: 0.8430
1376/1563 [=========================>....] - ETA: 5s - loss: 0.4454 - accuracy: 0.8430
1378/1563 [=========================>....] - ETA: 5s - loss: 0.4455 - accuracy: 0.8429
1380/1563 [=========================>....] - ETA: 5s - loss: 0.4453 - accuracy: 0.8429
1383/1563 [=========================>....] - ETA: 5s - loss: 0.4456 - accuracy: 0.8428
1385/1563 [=========================>....] - ETA: 5s - loss: 0.4457 - accuracy: 0.8427
1387/1563 [=========================>....] - ETA: 5s - loss: 0.4456 - accuracy: 0.8427
1389/1563 [=========================>....] - ETA: 5s - loss: 0.4455 - accuracy: 0.8427
1392/1563 [=========================>....] - ETA: 5s - loss: 0.4455 - accuracy: 0.8427
1394/1563 [=========================>....] - ETA: 5s - loss: 0.4454 - accuracy: 0.8427
1397/1563 [=========================>....] - ETA: 5s - loss: 0.4458 - accuracy: 0.8426
1398/1563 [=========================>....] - ETA: 5s - loss: 0.4458 - accuracy: 0.8426
1400/1563 [=========================>....] - ETA: 5s - loss: 0.4457 - accuracy: 0.8426
1401/1563 [=========================>....] - ETA: 5s - loss: 0.4457 - accuracy: 0.8425
1403/1563 [=========================>....] - ETA: 4s - loss: 0.4454 - accuracy: 0.8427
1405/1563 [=========================>....] - ETA: 4s - loss: 0.4453 - accuracy: 0.8427
1407/1563 [==========================>...] - ETA: 4s - loss: 0.4455 - accuracy: 0.8426
1410/1563 [==========================>...] - ETA: 4s - loss: 0.4454 - accuracy: 0.8427
1413/1563 [==========================>...] - ETA: 4s - loss: 0.4456 - accuracy: 0.8427
1415/1563 [==========================>...] - ETA: 4s - loss: 0.4454 - accuracy: 0.8428
1417/1563 [==========================>...] - ETA: 4s - loss: 0.4456 - accuracy: 0.8427
1419/1563 [==========================>...] - ETA: 4s - loss: 0.4456 - accuracy: 0.8426
1421/1563 [==========================>...] - ETA: 4s - loss: 0.4456 - accuracy: 0.8425
1423/1563 [==========================>...] - ETA: 4s - loss: 0.4458 - accuracy: 0.8425
1425/1563 [==========================>...] - ETA: 4s - loss: 0.4459 - accuracy: 0.8424
1428/1563 [==========================>...] - ETA: 4s - loss: 0.4464 - accuracy: 0.8422
1430/1563 [==========================>...] - ETA: 4s - loss: 0.4464 - accuracy: 0.8422
1432/1563 [==========================>...] - ETA: 4s - loss: 0.4466 - accuracy: 0.8421
1435/1563 [==========================>...] - ETA: 3s - loss: 0.4466 - accuracy: 0.8420
1438/1563 [==========================>...] - ETA: 3s - loss: 0.4466 - accuracy: 0.8420
1440/1563 [==========================>...] - ETA: 3s - loss: 0.4468 - accuracy: 0.8419
1442/1563 [==========================>...] - ETA: 3s - loss: 0.4467 - accuracy: 0.8419
1444/1563 [==========================>...] - ETA: 3s - loss: 0.4467 - accuracy: 0.8420
1446/1563 [==========================>...] - ETA: 3s - loss: 0.4468 - accuracy: 0.8419
1448/1563 [==========================>...] - ETA: 3s - loss: 0.4467 - accuracy: 0.8419
1451/1563 [==========================>...] - ETA: 3s - loss: 0.4470 - accuracy: 0.8418
1453/1563 [==========================>...] - ETA: 3s - loss: 0.4469 - accuracy: 0.8418
1455/1563 [==========================>...] - ETA: 3s - loss: 0.4469 - accuracy: 0.8418
1458/1563 [==========================>...] - ETA: 3s - loss: 0.4473 - accuracy: 0.8416
1460/1563 [===========================>..] - ETA: 3s - loss: 0.4471 - accuracy: 0.8417
1462/1563 [===========================>..] - ETA: 3s - loss: 0.4473 - accuracy: 0.8416
1464/1563 [===========================>..] - ETA: 3s - loss: 0.4473 - accuracy: 0.8416
1467/1563 [===========================>..] - ETA: 2s - loss: 0.4472 - accuracy: 0.8416
1469/1563 [===========================>..] - ETA: 2s - loss: 0.4473 - accuracy: 0.8415
1472/1563 [===========================>..] - ETA: 2s - loss: 0.4474 - accuracy: 0.8415
1474/1563 [===========================>..] - ETA: 2s - loss: 0.4474 - accuracy: 0.8416
1476/1563 [===========================>..] - ETA: 2s - loss: 0.4476 - accuracy: 0.8415
1478/1563 [===========================>..] - ETA: 2s - loss: 0.4476 - accuracy: 0.8415
1480/1563 [===========================>..] - ETA: 2s - loss: 0.4474 - accuracy: 0.8415
1482/1563 [===========================>..] - ETA: 2s - loss: 0.4475 - accuracy: 0.8415
1484/1563 [===========================>..] - ETA: 2s - loss: 0.4474 - accuracy: 0.8414
1486/1563 [===========================>..] - ETA: 2s - loss: 0.4474 - accuracy: 0.8414
1488/1563 [===========================>..] - ETA: 2s - loss: 0.4474 - accuracy: 0.8414
1491/1563 [===========================>..] - ETA: 2s - loss: 0.4471 - accuracy: 0.8415
1493/1563 [===========================>..] - ETA: 2s - loss: 0.4472 - accuracy: 0.8415
1495/1563 [===========================>..] - ETA: 2s - loss: 0.4472 - accuracy: 0.8415
1496/1563 [===========================>..] - ETA: 2s - loss: 0.4472 - accuracy: 0.8415
1498/1563 [===========================>..] - ETA: 2s - loss: 0.4471 - accuracy: 0.8416
1500/1563 [===========================>..] - ETA: 1s - loss: 0.4472 - accuracy: 0.8416
1502/1563 [===========================>..] - ETA: 1s - loss: 0.4472 - accuracy: 0.8415
1504/1563 [===========================>..] - ETA: 1s - loss: 0.4473 - accuracy: 0.8416
1506/1563 [===========================>..] - ETA: 1s - loss: 0.4472 - accuracy: 0.8416
1508/1563 [===========================>..] - ETA: 1s - loss: 0.4473 - accuracy: 0.8416
1510/1563 [===========================>..] - ETA: 1s - loss: 0.4472 - accuracy: 0.8417
1513/1563 [============================>.] - ETA: 1s - loss: 0.4473 - accuracy: 0.8415
1515/1563 [============================>.] - ETA: 1s - loss: 0.4473 - accuracy: 0.8416
1518/1563 [============================>.] - ETA: 1s - loss: 0.4473 - accuracy: 0.8415
1521/1563 [============================>.] - ETA: 1s - loss: 0.4477 - accuracy: 0.8415
1523/1563 [============================>.] - ETA: 1s - loss: 0.4478 - accuracy: 0.8414
1525/1563 [============================>.] - ETA: 1s - loss: 0.4476 - accuracy: 0.8415
1527/1563 [============================>.] - ETA: 1s - loss: 0.4476 - accuracy: 0.8415
1529/1563 [============================>.] - ETA: 1s - loss: 0.4477 - accuracy: 0.8415
1532/1563 [============================>.] - ETA: 0s - loss: 0.4479 - accuracy: 0.8413
1535/1563 [============================>.] - ETA: 0s - loss: 0.4480 - accuracy: 0.8413
1537/1563 [============================>.] - ETA: 0s - loss: 0.4480 - accuracy: 0.8413
1539/1563 [============================>.] - ETA: 0s - loss: 0.4482 - accuracy: 0.8412
1541/1563 [============================>.] - ETA: 0s - loss: 0.4484 - accuracy: 0.8411
1544/1563 [============================>.] - ETA: 0s - loss: 0.4484 - accuracy: 0.8411
1547/1563 [============================>.] - ETA: 0s - loss: 0.4486 - accuracy: 0.8410
1549/1563 [============================>.] - ETA: 0s - loss: 0.4488 - accuracy: 0.8410
1551/1563 [============================>.] - ETA: 0s - loss: 0.4487 - accuracy: 0.8411
1553/1563 [============================>.] - ETA: 0s - loss: 0.4485 - accuracy: 0.8411
1555/1563 [============================>.] - ETA: 0s - loss: 0.4484 - accuracy: 0.8411
1557/1563 [============================>.] - ETA: 0s - loss: 0.4487 - accuracy: 0.8411
1560/1563 [============================>.] - ETA: 0s - loss: 0.4490 - accuracy: 0.8411
1563/1563 [==============================] - ETA: 0s - loss: 0.4489 - accuracy: 0.8412
1563/1563 [==============================] - 53s 34ms/step - loss: 0.4489 - accuracy: 0.8412 - val_loss: 0.8555 - val_accuracy: 0.7386
Epoch 8/100

   1/1563 [..............................] - ETA: 58s - loss: 0.3082 - accuracy: 0.8750
   4/1563 [..............................] - ETA: 32s - loss: 0.3717 - accuracy: 0.8594
   6/1563 [..............................] - ETA: 36s - loss: 0.3802 - accuracy: 0.8542
   9/1563 [..............................] - ETA: 35s - loss: 0.3883 - accuracy: 0.8576
  11/1563 [..............................] - ETA: 38s - loss: 0.3789 - accuracy: 0.8608
  13/1563 [..............................] - ETA: 40s - loss: 0.3973 - accuracy: 0.8582
  15/1563 [..............................] - ETA: 44s - loss: 0.3947 - accuracy: 0.8521
  17/1563 [..............................] - ETA: 44s - loss: 0.3865 - accuracy: 0.8566
  19/1563 [..............................] - ETA: 44s - loss: 0.3881 - accuracy: 0.8536
  22/1563 [..............................] - ETA: 44s - loss: 0.3792 - accuracy: 0.8523
  24/1563 [..............................] - ETA: 44s - loss: 0.3687 - accuracy: 0.8581
  27/1563 [..............................] - ETA: 43s - loss: 0.3654 - accuracy: 0.8623
  30/1563 [..............................] - ETA: 42s - loss: 0.3634 - accuracy: 0.8625
  32/1563 [..............................] - ETA: 43s - loss: 0.3658 - accuracy: 0.8594
  34/1563 [..............................] - ETA: 43s - loss: 0.3599 - accuracy: 0.8621
  36/1563 [..............................] - ETA: 44s - loss: 0.3624 - accuracy: 0.8628
  38/1563 [..............................] - ETA: 44s - loss: 0.3594 - accuracy: 0.8668
  40/1563 [..............................] - ETA: 44s - loss: 0.3571 - accuracy: 0.8680
  42/1563 [..............................] - ETA: 44s - loss: 0.3535 - accuracy: 0.8713
  45/1563 [..............................] - ETA: 44s - loss: 0.3502 - accuracy: 0.8722
  48/1563 [..............................] - ETA: 43s - loss: 0.3501 - accuracy: 0.8730
  50/1563 [..............................] - ETA: 43s - loss: 0.3557 - accuracy: 0.8712
  52/1563 [..............................] - ETA: 44s - loss: 0.3558 - accuracy: 0.8714
  54/1563 [>.............................] - ETA: 44s - loss: 0.3553 - accuracy: 0.8733
  56/1563 [>.............................] - ETA: 44s - loss: 0.3613 - accuracy: 0.8705
  58/1563 [>.............................] - ETA: 44s - loss: 0.3596 - accuracy: 0.8707
  60/1563 [>.............................] - ETA: 45s - loss: 0.3607 - accuracy: 0.8703
  62/1563 [>.............................] - ETA: 45s - loss: 0.3579 - accuracy: 0.8710
  65/1563 [>.............................] - ETA: 44s - loss: 0.3613 - accuracy: 0.8678
  67/1563 [>.............................] - ETA: 44s - loss: 0.3570 - accuracy: 0.8699
  69/1563 [>.............................] - ETA: 44s - loss: 0.3549 - accuracy: 0.8714
  71/1563 [>.............................] - ETA: 44s - loss: 0.3538 - accuracy: 0.8719
  73/1563 [>.............................] - ETA: 44s - loss: 0.3521 - accuracy: 0.8729
  75/1563 [>.............................] - ETA: 44s - loss: 0.3501 - accuracy: 0.8729
  77/1563 [>.............................] - ETA: 45s - loss: 0.3478 - accuracy: 0.8742
  79/1563 [>.............................] - ETA: 45s - loss: 0.3527 - accuracy: 0.8738
  81/1563 [>.............................] - ETA: 45s - loss: 0.3564 - accuracy: 0.8719
  83/1563 [>.............................] - ETA: 45s - loss: 0.3576 - accuracy: 0.8705
  85/1563 [>.............................] - ETA: 45s - loss: 0.3574 - accuracy: 0.8717
  87/1563 [>.............................] - ETA: 45s - loss: 0.3556 - accuracy: 0.8725
  89/1563 [>.............................] - ETA: 45s - loss: 0.3539 - accuracy: 0.8739
  91/1563 [>.............................] - ETA: 45s - loss: 0.3537 - accuracy: 0.8740
  94/1563 [>.............................] - ETA: 45s - loss: 0.3505 - accuracy: 0.8757
  97/1563 [>.............................] - ETA: 45s - loss: 0.3499 - accuracy: 0.8756
  99/1563 [>.............................] - ETA: 45s - loss: 0.3477 - accuracy: 0.8763
 101/1563 [>.............................] - ETA: 45s - loss: 0.3487 - accuracy: 0.8756
 103/1563 [>.............................] - ETA: 45s - loss: 0.3466 - accuracy: 0.8768
 105/1563 [=>............................] - ETA: 45s - loss: 0.3444 - accuracy: 0.8771
 107/1563 [=>............................] - ETA: 45s - loss: 0.3497 - accuracy: 0.8756
 109/1563 [=>............................] - ETA: 45s - loss: 0.3481 - accuracy: 0.8753
 111/1563 [=>............................] - ETA: 45s - loss: 0.3459 - accuracy: 0.8764
 112/1563 [=>............................] - ETA: 45s - loss: 0.3452 - accuracy: 0.8767
 114/1563 [=>............................] - ETA: 46s - loss: 0.3444 - accuracy: 0.8764
 117/1563 [=>............................] - ETA: 45s - loss: 0.3431 - accuracy: 0.8777
 120/1563 [=>............................] - ETA: 45s - loss: 0.3396 - accuracy: 0.8789
 122/1563 [=>............................] - ETA: 45s - loss: 0.3397 - accuracy: 0.8778
 125/1563 [=>............................] - ETA: 45s - loss: 0.3385 - accuracy: 0.8783
 128/1563 [=>............................] - ETA: 44s - loss: 0.3411 - accuracy: 0.8767
 130/1563 [=>............................] - ETA: 44s - loss: 0.3403 - accuracy: 0.8764
 132/1563 [=>............................] - ETA: 44s - loss: 0.3429 - accuracy: 0.8755
 134/1563 [=>............................] - ETA: 45s - loss: 0.3426 - accuracy: 0.8762
 136/1563 [=>............................] - ETA: 45s - loss: 0.3421 - accuracy: 0.8761
 138/1563 [=>............................] - ETA: 44s - loss: 0.3415 - accuracy: 0.8766
 140/1563 [=>............................] - ETA: 44s - loss: 0.3395 - accuracy: 0.8777
 142/1563 [=>............................] - ETA: 45s - loss: 0.3390 - accuracy: 0.8781
 144/1563 [=>............................] - ETA: 44s - loss: 0.3386 - accuracy: 0.8783
 147/1563 [=>............................] - ETA: 44s - loss: 0.3399 - accuracy: 0.8776
 149/1563 [=>............................] - ETA: 44s - loss: 0.3417 - accuracy: 0.8767
 151/1563 [=>............................] - ETA: 44s - loss: 0.3411 - accuracy: 0.8771
 153/1563 [=>............................] - ETA: 44s - loss: 0.3452 - accuracy: 0.8764
 155/1563 [=>............................] - ETA: 44s - loss: 0.3449 - accuracy: 0.8768
 157/1563 [==>...........................] - ETA: 44s - loss: 0.3439 - accuracy: 0.8774
 159/1563 [==>...........................] - ETA: 44s - loss: 0.3437 - accuracy: 0.8774
 161/1563 [==>...........................] - ETA: 44s - loss: 0.3442 - accuracy: 0.8773
 163/1563 [==>...........................] - ETA: 44s - loss: 0.3444 - accuracy: 0.8769
 165/1563 [==>...........................] - ETA: 44s - loss: 0.3450 - accuracy: 0.8763
 168/1563 [==>...........................] - ETA: 44s - loss: 0.3450 - accuracy: 0.8759
 170/1563 [==>...........................] - ETA: 44s - loss: 0.3446 - accuracy: 0.8763
 172/1563 [==>...........................] - ETA: 43s - loss: 0.3439 - accuracy: 0.8766
 174/1563 [==>...........................] - ETA: 44s - loss: 0.3438 - accuracy: 0.8763
 177/1563 [==>...........................] - ETA: 43s - loss: 0.3447 - accuracy: 0.8757
 179/1563 [==>...........................] - ETA: 43s - loss: 0.3453 - accuracy: 0.8755
 182/1563 [==>...........................] - ETA: 43s - loss: 0.3459 - accuracy: 0.8752
 185/1563 [==>...........................] - ETA: 43s - loss: 0.3447 - accuracy: 0.8758
 187/1563 [==>...........................] - ETA: 43s - loss: 0.3444 - accuracy: 0.8755
 189/1563 [==>...........................] - ETA: 43s - loss: 0.3444 - accuracy: 0.8757
 192/1563 [==>...........................] - ETA: 43s - loss: 0.3434 - accuracy: 0.8755
 195/1563 [==>...........................] - ETA: 42s - loss: 0.3456 - accuracy: 0.8748
 197/1563 [==>...........................] - ETA: 42s - loss: 0.3453 - accuracy: 0.8750
 200/1563 [==>...........................] - ETA: 42s - loss: 0.3455 - accuracy: 0.8747
 203/1563 [==>...........................] - ETA: 42s - loss: 0.3446 - accuracy: 0.8752
 205/1563 [==>...........................] - ETA: 42s - loss: 0.3444 - accuracy: 0.8753
 207/1563 [==>...........................] - ETA: 42s - loss: 0.3439 - accuracy: 0.8755
 209/1563 [===>..........................] - ETA: 42s - loss: 0.3436 - accuracy: 0.8754
 211/1563 [===>..........................] - ETA: 42s - loss: 0.3438 - accuracy: 0.8754
 213/1563 [===>..........................] - ETA: 42s - loss: 0.3456 - accuracy: 0.8749
 215/1563 [===>..........................] - ETA: 42s - loss: 0.3449 - accuracy: 0.8750
 217/1563 [===>..........................] - ETA: 41s - loss: 0.3441 - accuracy: 0.8753
 220/1563 [===>..........................] - ETA: 41s - loss: 0.3460 - accuracy: 0.8746
 223/1563 [===>..........................] - ETA: 41s - loss: 0.3458 - accuracy: 0.8744
 225/1563 [===>..........................] - ETA: 41s - loss: 0.3467 - accuracy: 0.8744
 228/1563 [===>..........................] - ETA: 41s - loss: 0.3471 - accuracy: 0.8739
 231/1563 [===>..........................] - ETA: 41s - loss: 0.3478 - accuracy: 0.8736
 234/1563 [===>..........................] - ETA: 40s - loss: 0.3463 - accuracy: 0.8742
 235/1563 [===>..........................] - ETA: 41s - loss: 0.3466 - accuracy: 0.8739
 238/1563 [===>..........................] - ETA: 40s - loss: 0.3480 - accuracy: 0.8739
 240/1563 [===>..........................] - ETA: 40s - loss: 0.3480 - accuracy: 0.8738
 242/1563 [===>..........................] - ETA: 40s - loss: 0.3487 - accuracy: 0.8736
 244/1563 [===>..........................] - ETA: 40s - loss: 0.3490 - accuracy: 0.8737
 246/1563 [===>..........................] - ETA: 40s - loss: 0.3511 - accuracy: 0.8730
 248/1563 [===>..........................] - ETA: 40s - loss: 0.3533 - accuracy: 0.8726
 250/1563 [===>..........................] - ETA: 40s - loss: 0.3526 - accuracy: 0.8729
 253/1563 [===>..........................] - ETA: 40s - loss: 0.3529 - accuracy: 0.8728
 255/1563 [===>..........................] - ETA: 40s - loss: 0.3527 - accuracy: 0.8728
 257/1563 [===>..........................] - ETA: 40s - loss: 0.3533 - accuracy: 0.8732
 259/1563 [===>..........................] - ETA: 40s - loss: 0.3526 - accuracy: 0.8732
 260/1563 [===>..........................] - ETA: 40s - loss: 0.3533 - accuracy: 0.8731
 262/1563 [====>.........................] - ETA: 40s - loss: 0.3539 - accuracy: 0.8726
 264/1563 [====>.........................] - ETA: 40s - loss: 0.3551 - accuracy: 0.8719
 266/1563 [====>.........................] - ETA: 40s - loss: 0.3544 - accuracy: 0.8722
 269/1563 [====>.........................] - ETA: 39s - loss: 0.3543 - accuracy: 0.8723
 271/1563 [====>.........................] - ETA: 39s - loss: 0.3546 - accuracy: 0.8723
 273/1563 [====>.........................] - ETA: 39s - loss: 0.3555 - accuracy: 0.8717
 275/1563 [====>.........................] - ETA: 39s - loss: 0.3561 - accuracy: 0.8715
 277/1563 [====>.........................] - ETA: 39s - loss: 0.3553 - accuracy: 0.8717
 280/1563 [====>.........................] - ETA: 39s - loss: 0.3556 - accuracy: 0.8722
 282/1563 [====>.........................] - ETA: 39s - loss: 0.3554 - accuracy: 0.8721
 284/1563 [====>.........................] - ETA: 39s - loss: 0.3560 - accuracy: 0.8722
 287/1563 [====>.........................] - ETA: 39s - loss: 0.3546 - accuracy: 0.8727
 290/1563 [====>.........................] - ETA: 39s - loss: 0.3551 - accuracy: 0.8727
 292/1563 [====>.........................] - ETA: 39s - loss: 0.3549 - accuracy: 0.8723
 295/1563 [====>.........................] - ETA: 39s - loss: 0.3547 - accuracy: 0.8721
 297/1563 [====>.........................] - ETA: 39s - loss: 0.3540 - accuracy: 0.8724
 299/1563 [====>.........................] - ETA: 39s - loss: 0.3538 - accuracy: 0.8724
 301/1563 [====>.........................] - ETA: 39s - loss: 0.3543 - accuracy: 0.8723
 304/1563 [====>.........................] - ETA: 38s - loss: 0.3548 - accuracy: 0.8725
 306/1563 [====>.........................] - ETA: 38s - loss: 0.3550 - accuracy: 0.8722
 309/1563 [====>.........................] - ETA: 38s - loss: 0.3559 - accuracy: 0.8720
 311/1563 [====>.........................] - ETA: 38s - loss: 0.3559 - accuracy: 0.8719
 313/1563 [=====>........................] - ETA: 38s - loss: 0.3574 - accuracy: 0.8710
 315/1563 [=====>........................] - ETA: 38s - loss: 0.3581 - accuracy: 0.8707
 317/1563 [=====>........................] - ETA: 38s - loss: 0.3576 - accuracy: 0.8710
 319/1563 [=====>........................] - ETA: 38s - loss: 0.3571 - accuracy: 0.8714
 321/1563 [=====>........................] - ETA: 38s - loss: 0.3568 - accuracy: 0.8713
 323/1563 [=====>........................] - ETA: 38s - loss: 0.3571 - accuracy: 0.8709
 325/1563 [=====>........................] - ETA: 38s - loss: 0.3571 - accuracy: 0.8710
 327/1563 [=====>........................] - ETA: 38s - loss: 0.3566 - accuracy: 0.8712
 329/1563 [=====>........................] - ETA: 38s - loss: 0.3562 - accuracy: 0.8714
 332/1563 [=====>........................] - ETA: 38s - loss: 0.3551 - accuracy: 0.8718
 334/1563 [=====>........................] - ETA: 38s - loss: 0.3554 - accuracy: 0.8716
 336/1563 [=====>........................] - ETA: 38s - loss: 0.3555 - accuracy: 0.8716
 338/1563 [=====>........................] - ETA: 37s - loss: 0.3559 - accuracy: 0.8716
 340/1563 [=====>........................] - ETA: 37s - loss: 0.3557 - accuracy: 0.8715
 342/1563 [=====>........................] - ETA: 37s - loss: 0.3557 - accuracy: 0.8713
 344/1563 [=====>........................] - ETA: 37s - loss: 0.3563 - accuracy: 0.8711
 346/1563 [=====>........................] - ETA: 37s - loss: 0.3563 - accuracy: 0.8712
 348/1563 [=====>........................] - ETA: 37s - loss: 0.3572 - accuracy: 0.8711
 350/1563 [=====>........................] - ETA: 37s - loss: 0.3574 - accuracy: 0.8712
 352/1563 [=====>........................] - ETA: 37s - loss: 0.3571 - accuracy: 0.8713
 354/1563 [=====>........................] - ETA: 37s - loss: 0.3573 - accuracy: 0.8714
 355/1563 [=====>........................] - ETA: 37s - loss: 0.3570 - accuracy: 0.8714
 357/1563 [=====>........................] - ETA: 37s - loss: 0.3566 - accuracy: 0.8715
 359/1563 [=====>........................] - ETA: 37s - loss: 0.3560 - accuracy: 0.8718
 361/1563 [=====>........................] - ETA: 37s - loss: 0.3562 - accuracy: 0.8720
 363/1563 [=====>........................] - ETA: 37s - loss: 0.3560 - accuracy: 0.8719
 365/1563 [======>.......................] - ETA: 37s - loss: 0.3558 - accuracy: 0.8722
 368/1563 [======>.......................] - ETA: 37s - loss: 0.3561 - accuracy: 0.8721
 370/1563 [======>.......................] - ETA: 37s - loss: 0.3562 - accuracy: 0.8721
 372/1563 [======>.......................] - ETA: 37s - loss: 0.3564 - accuracy: 0.8721
 374/1563 [======>.......................] - ETA: 37s - loss: 0.3564 - accuracy: 0.8718
 376/1563 [======>.......................] - ETA: 37s - loss: 0.3571 - accuracy: 0.8716
 379/1563 [======>.......................] - ETA: 37s - loss: 0.3559 - accuracy: 0.8722
 381/1563 [======>.......................] - ETA: 36s - loss: 0.3561 - accuracy: 0.8724
 383/1563 [======>.......................] - ETA: 36s - loss: 0.3558 - accuracy: 0.8726
 385/1563 [======>.......................] - ETA: 36s - loss: 0.3550 - accuracy: 0.8728
 388/1563 [======>.......................] - ETA: 36s - loss: 0.3551 - accuracy: 0.8727
 390/1563 [======>.......................] - ETA: 36s - loss: 0.3557 - accuracy: 0.8727
 392/1563 [======>.......................] - ETA: 36s - loss: 0.3561 - accuracy: 0.8725
 394/1563 [======>.......................] - ETA: 36s - loss: 0.3559 - accuracy: 0.8725
 395/1563 [======>.......................] - ETA: 36s - loss: 0.3557 - accuracy: 0.8725
 397/1563 [======>.......................] - ETA: 36s - loss: 0.3550 - accuracy: 0.8728
 399/1563 [======>.......................] - ETA: 36s - loss: 0.3561 - accuracy: 0.8726
 401/1563 [======>.......................] - ETA: 36s - loss: 0.3557 - accuracy: 0.8727
 404/1563 [======>.......................] - ETA: 36s - loss: 0.3567 - accuracy: 0.8724
 406/1563 [======>.......................] - ETA: 36s - loss: 0.3567 - accuracy: 0.8725
 409/1563 [======>.......................] - ETA: 35s - loss: 0.3570 - accuracy: 0.8723
 412/1563 [======>.......................] - ETA: 35s - loss: 0.3584 - accuracy: 0.8718
 415/1563 [======>.......................] - ETA: 35s - loss: 0.3585 - accuracy: 0.8718
 417/1563 [=======>......................] - ETA: 35s - loss: 0.3585 - accuracy: 0.8719
 420/1563 [=======>......................] - ETA: 35s - loss: 0.3580 - accuracy: 0.8720
 422/1563 [=======>......................] - ETA: 35s - loss: 0.3580 - accuracy: 0.8722
 425/1563 [=======>......................] - ETA: 35s - loss: 0.3585 - accuracy: 0.8723
 427/1563 [=======>......................] - ETA: 35s - loss: 0.3591 - accuracy: 0.8721
 429/1563 [=======>......................] - ETA: 35s - loss: 0.3588 - accuracy: 0.8722
 431/1563 [=======>......................] - ETA: 35s - loss: 0.3594 - accuracy: 0.8721
 434/1563 [=======>......................] - ETA: 35s - loss: 0.3589 - accuracy: 0.8720
 436/1563 [=======>......................] - ETA: 34s - loss: 0.3594 - accuracy: 0.8717
 438/1563 [=======>......................] - ETA: 34s - loss: 0.3598 - accuracy: 0.8714
 440/1563 [=======>......................] - ETA: 34s - loss: 0.3594 - accuracy: 0.8715
 442/1563 [=======>......................] - ETA: 34s - loss: 0.3593 - accuracy: 0.8715
 444/1563 [=======>......................] - ETA: 34s - loss: 0.3595 - accuracy: 0.8714
 446/1563 [=======>......................] - ETA: 34s - loss: 0.3594 - accuracy: 0.8715
 449/1563 [=======>......................] - ETA: 34s - loss: 0.3587 - accuracy: 0.8719
 451/1563 [=======>......................] - ETA: 34s - loss: 0.3594 - accuracy: 0.8719
 453/1563 [=======>......................] - ETA: 34s - loss: 0.3590 - accuracy: 0.8722
 455/1563 [=======>......................] - ETA: 34s - loss: 0.3593 - accuracy: 0.8721
 457/1563 [=======>......................] - ETA: 34s - loss: 0.3590 - accuracy: 0.8722
 460/1563 [=======>......................] - ETA: 34s - loss: 0.3600 - accuracy: 0.8719
 462/1563 [=======>......................] - ETA: 34s - loss: 0.3612 - accuracy: 0.8714
 464/1563 [=======>......................] - ETA: 34s - loss: 0.3611 - accuracy: 0.8714
 466/1563 [=======>......................] - ETA: 34s - loss: 0.3617 - accuracy: 0.8712
 468/1563 [=======>......................] - ETA: 33s - loss: 0.3617 - accuracy: 0.8711
 469/1563 [========>.....................] - ETA: 34s - loss: 0.3619 - accuracy: 0.8709
 471/1563 [========>.....................] - ETA: 33s - loss: 0.3623 - accuracy: 0.8709
 473/1563 [========>.....................] - ETA: 33s - loss: 0.3633 - accuracy: 0.8705
 475/1563 [========>.....................] - ETA: 33s - loss: 0.3641 - accuracy: 0.8701
 477/1563 [========>.....................] - ETA: 33s - loss: 0.3642 - accuracy: 0.8703
 480/1563 [========>.....................] - ETA: 33s - loss: 0.3650 - accuracy: 0.8702
 482/1563 [========>.....................] - ETA: 33s - loss: 0.3651 - accuracy: 0.8702
 484/1563 [========>.....................] - ETA: 33s - loss: 0.3653 - accuracy: 0.8702
 487/1563 [========>.....................] - ETA: 33s - loss: 0.3664 - accuracy: 0.8699
 489/1563 [========>.....................] - ETA: 33s - loss: 0.3663 - accuracy: 0.8701
 492/1563 [========>.....................] - ETA: 33s - loss: 0.3675 - accuracy: 0.8700
 494/1563 [========>.....................] - ETA: 33s - loss: 0.3669 - accuracy: 0.8701
 497/1563 [========>.....................] - ETA: 33s - loss: 0.3672 - accuracy: 0.8699
 499/1563 [========>.....................] - ETA: 33s - loss: 0.3678 - accuracy: 0.8694
 502/1563 [========>.....................] - ETA: 32s - loss: 0.3682 - accuracy: 0.8693
 505/1563 [========>.....................] - ETA: 32s - loss: 0.3680 - accuracy: 0.8695
 508/1563 [========>.....................] - ETA: 32s - loss: 0.3679 - accuracy: 0.8696
 511/1563 [========>.....................] - ETA: 32s - loss: 0.3688 - accuracy: 0.8694
 513/1563 [========>.....................] - ETA: 32s - loss: 0.3694 - accuracy: 0.8692
 516/1563 [========>.....................] - ETA: 32s - loss: 0.3699 - accuracy: 0.8692
 518/1563 [========>.....................] - ETA: 32s - loss: 0.3696 - accuracy: 0.8693
 521/1563 [=========>....................] - ETA: 32s - loss: 0.3692 - accuracy: 0.8694
 523/1563 [=========>....................] - ETA: 32s - loss: 0.3686 - accuracy: 0.8697
 525/1563 [=========>....................] - ETA: 31s - loss: 0.3695 - accuracy: 0.8692
 527/1563 [=========>....................] - ETA: 31s - loss: 0.3690 - accuracy: 0.8693
 529/1563 [=========>....................] - ETA: 31s - loss: 0.3692 - accuracy: 0.8692
 531/1563 [=========>....................] - ETA: 31s - loss: 0.3697 - accuracy: 0.8689
 533/1563 [=========>....................] - ETA: 31s - loss: 0.3697 - accuracy: 0.8688
 535/1563 [=========>....................] - ETA: 31s - loss: 0.3700 - accuracy: 0.8687
 538/1563 [=========>....................] - ETA: 31s - loss: 0.3700 - accuracy: 0.8686
 541/1563 [=========>....................] - ETA: 31s - loss: 0.3707 - accuracy: 0.8682
 543/1563 [=========>....................] - ETA: 31s - loss: 0.3710 - accuracy: 0.8682
 545/1563 [=========>....................] - ETA: 31s - loss: 0.3708 - accuracy: 0.8683
 548/1563 [=========>....................] - ETA: 31s - loss: 0.3710 - accuracy: 0.8682
 550/1563 [=========>....................] - ETA: 31s - loss: 0.3718 - accuracy: 0.8678
 553/1563 [=========>....................] - ETA: 30s - loss: 0.3718 - accuracy: 0.8679
 556/1563 [=========>....................] - ETA: 30s - loss: 0.3717 - accuracy: 0.8679
 558/1563 [=========>....................] - ETA: 30s - loss: 0.3727 - accuracy: 0.8676
 560/1563 [=========>....................] - ETA: 30s - loss: 0.3725 - accuracy: 0.8674
 562/1563 [=========>....................] - ETA: 30s - loss: 0.3725 - accuracy: 0.8673
 564/1563 [=========>....................] - ETA: 30s - loss: 0.3728 - accuracy: 0.8673
 566/1563 [=========>....................] - ETA: 30s - loss: 0.3733 - accuracy: 0.8673
 568/1563 [=========>....................] - ETA: 30s - loss: 0.3730 - accuracy: 0.8674
 571/1563 [=========>....................] - ETA: 30s - loss: 0.3729 - accuracy: 0.8676
 573/1563 [=========>....................] - ETA: 30s - loss: 0.3723 - accuracy: 0.8680
 576/1563 [==========>...................] - ETA: 30s - loss: 0.3723 - accuracy: 0.8677
 579/1563 [==========>...................] - ETA: 30s - loss: 0.3722 - accuracy: 0.8676
 581/1563 [==========>...................] - ETA: 30s - loss: 0.3721 - accuracy: 0.8676
 583/1563 [==========>...................] - ETA: 30s - loss: 0.3725 - accuracy: 0.8674
 585/1563 [==========>...................] - ETA: 30s - loss: 0.3722 - accuracy: 0.8675
 587/1563 [==========>...................] - ETA: 30s - loss: 0.3730 - accuracy: 0.8672
 589/1563 [==========>...................] - ETA: 29s - loss: 0.3732 - accuracy: 0.8670
 591/1563 [==========>...................] - ETA: 29s - loss: 0.3726 - accuracy: 0.8673
 594/1563 [==========>...................] - ETA: 29s - loss: 0.3728 - accuracy: 0.8671
 596/1563 [==========>...................] - ETA: 29s - loss: 0.3725 - accuracy: 0.8673
 598/1563 [==========>...................] - ETA: 29s - loss: 0.3722 - accuracy: 0.8673
 600/1563 [==========>...................] - ETA: 29s - loss: 0.3726 - accuracy: 0.8673
 602/1563 [==========>...................] - ETA: 29s - loss: 0.3726 - accuracy: 0.8673
 604/1563 [==========>...................] - ETA: 29s - loss: 0.3732 - accuracy: 0.8669
 606/1563 [==========>...................] - ETA: 29s - loss: 0.3736 - accuracy: 0.8668
 609/1563 [==========>...................] - ETA: 29s - loss: 0.3731 - accuracy: 0.8669
 611/1563 [==========>...................] - ETA: 29s - loss: 0.3728 - accuracy: 0.8671
 614/1563 [==========>...................] - ETA: 29s - loss: 0.3725 - accuracy: 0.8672
 617/1563 [==========>...................] - ETA: 29s - loss: 0.3730 - accuracy: 0.8672
 619/1563 [==========>...................] - ETA: 28s - loss: 0.3726 - accuracy: 0.8675
 622/1563 [==========>...................] - ETA: 28s - loss: 0.3724 - accuracy: 0.8677
 624/1563 [==========>...................] - ETA: 28s - loss: 0.3724 - accuracy: 0.8677
 626/1563 [===========>..................] - ETA: 28s - loss: 0.3722 - accuracy: 0.8679
 628/1563 [===========>..................] - ETA: 28s - loss: 0.3725 - accuracy: 0.8678
 630/1563 [===========>..................] - ETA: 28s - loss: 0.3726 - accuracy: 0.8677
 632/1563 [===========>..................] - ETA: 28s - loss: 0.3722 - accuracy: 0.8679
 634/1563 [===========>..................] - ETA: 28s - loss: 0.3722 - accuracy: 0.8680
 637/1563 [===========>..................] - ETA: 28s - loss: 0.3722 - accuracy: 0.8682
 639/1563 [===========>..................] - ETA: 28s - loss: 0.3721 - accuracy: 0.8683
 641/1563 [===========>..................] - ETA: 28s - loss: 0.3717 - accuracy: 0.8685
 643/1563 [===========>..................] - ETA: 28s - loss: 0.3717 - accuracy: 0.8684
 645/1563 [===========>..................] - ETA: 28s - loss: 0.3723 - accuracy: 0.8681
 647/1563 [===========>..................] - ETA: 28s - loss: 0.3723 - accuracy: 0.8681
 649/1563 [===========>..................] - ETA: 28s - loss: 0.3719 - accuracy: 0.8682
 652/1563 [===========>..................] - ETA: 27s - loss: 0.3720 - accuracy: 0.8682
 655/1563 [===========>..................] - ETA: 27s - loss: 0.3718 - accuracy: 0.8682
 657/1563 [===========>..................] - ETA: 27s - loss: 0.3714 - accuracy: 0.8684
 659/1563 [===========>..................] - ETA: 27s - loss: 0.3711 - accuracy: 0.8686
 661/1563 [===========>..................] - ETA: 27s - loss: 0.3719 - accuracy: 0.8684
 663/1563 [===========>..................] - ETA: 27s - loss: 0.3715 - accuracy: 0.8686
 665/1563 [===========>..................] - ETA: 27s - loss: 0.3715 - accuracy: 0.8684
 668/1563 [===========>..................] - ETA: 27s - loss: 0.3718 - accuracy: 0.8685
 670/1563 [===========>..................] - ETA: 27s - loss: 0.3717 - accuracy: 0.8685
 673/1563 [===========>..................] - ETA: 27s - loss: 0.3717 - accuracy: 0.8685
 675/1563 [===========>..................] - ETA: 27s - loss: 0.3717 - accuracy: 0.8684
 677/1563 [===========>..................] - ETA: 27s - loss: 0.3721 - accuracy: 0.8682
 679/1563 [============>.................] - ETA: 27s - loss: 0.3723 - accuracy: 0.8682
 681/1563 [============>.................] - ETA: 27s - loss: 0.3721 - accuracy: 0.8683
 683/1563 [============>.................] - ETA: 27s - loss: 0.3719 - accuracy: 0.8683
 686/1563 [============>.................] - ETA: 26s - loss: 0.3718 - accuracy: 0.8683
 688/1563 [============>.................] - ETA: 26s - loss: 0.3723 - accuracy: 0.8683
 691/1563 [============>.................] - ETA: 26s - loss: 0.3720 - accuracy: 0.8684
 693/1563 [============>.................] - ETA: 26s - loss: 0.3721 - accuracy: 0.8683
 695/1563 [============>.................] - ETA: 26s - loss: 0.3729 - accuracy: 0.8681
 697/1563 [============>.................] - ETA: 26s - loss: 0.3726 - accuracy: 0.8683
 699/1563 [============>.................] - ETA: 26s - loss: 0.3731 - accuracy: 0.8683
 701/1563 [============>.................] - ETA: 26s - loss: 0.3730 - accuracy: 0.8684
 703/1563 [============>.................] - ETA: 26s - loss: 0.3733 - accuracy: 0.8682
 706/1563 [============>.................] - ETA: 26s - loss: 0.3733 - accuracy: 0.8681
 708/1563 [============>.................] - ETA: 26s - loss: 0.3734 - accuracy: 0.8680
 710/1563 [============>.................] - ETA: 26s - loss: 0.3738 - accuracy: 0.8680
 712/1563 [============>.................] - ETA: 26s - loss: 0.3742 - accuracy: 0.8679
 714/1563 [============>.................] - ETA: 26s - loss: 0.3743 - accuracy: 0.8678
 717/1563 [============>.................] - ETA: 25s - loss: 0.3744 - accuracy: 0.8679
 720/1563 [============>.................] - ETA: 25s - loss: 0.3744 - accuracy: 0.8678
 723/1563 [============>.................] - ETA: 25s - loss: 0.3738 - accuracy: 0.8682
 726/1563 [============>.................] - ETA: 25s - loss: 0.3741 - accuracy: 0.8680
 729/1563 [============>.................] - ETA: 25s - loss: 0.3739 - accuracy: 0.8681
 731/1563 [=============>................] - ETA: 25s - loss: 0.3745 - accuracy: 0.8681
 733/1563 [=============>................] - ETA: 25s - loss: 0.3743 - accuracy: 0.8681
 736/1563 [=============>................] - ETA: 25s - loss: 0.3746 - accuracy: 0.8680
 738/1563 [=============>................] - ETA: 25s - loss: 0.3749 - accuracy: 0.8678
 740/1563 [=============>................] - ETA: 25s - loss: 0.3747 - accuracy: 0.8679
 742/1563 [=============>................] - ETA: 25s - loss: 0.3748 - accuracy: 0.8678
 744/1563 [=============>................] - ETA: 25s - loss: 0.3747 - accuracy: 0.8679
 747/1563 [=============>................] - ETA: 24s - loss: 0.3748 - accuracy: 0.8681
 750/1563 [=============>................] - ETA: 24s - loss: 0.3745 - accuracy: 0.8682
 753/1563 [=============>................] - ETA: 24s - loss: 0.3744 - accuracy: 0.8681
 755/1563 [=============>................] - ETA: 24s - loss: 0.3744 - accuracy: 0.8682
 757/1563 [=============>................] - ETA: 24s - loss: 0.3743 - accuracy: 0.8683
 759/1563 [=============>................] - ETA: 24s - loss: 0.3744 - accuracy: 0.8683
 761/1563 [=============>................] - ETA: 24s - loss: 0.3743 - accuracy: 0.8683
 764/1563 [=============>................] - ETA: 24s - loss: 0.3741 - accuracy: 0.8684
 766/1563 [=============>................] - ETA: 24s - loss: 0.3738 - accuracy: 0.8685
 768/1563 [=============>................] - ETA: 24s - loss: 0.3737 - accuracy: 0.8684
 770/1563 [=============>................] - ETA: 24s - loss: 0.3740 - accuracy: 0.8683
 772/1563 [=============>................] - ETA: 24s - loss: 0.3741 - accuracy: 0.8683
 774/1563 [=============>................] - ETA: 24s - loss: 0.3740 - accuracy: 0.8684
 777/1563 [=============>................] - ETA: 23s - loss: 0.3741 - accuracy: 0.8684
 780/1563 [=============>................] - ETA: 23s - loss: 0.3743 - accuracy: 0.8682
 783/1563 [==============>...............] - ETA: 23s - loss: 0.3746 - accuracy: 0.8681
 785/1563 [==============>...............] - ETA: 23s - loss: 0.3743 - accuracy: 0.8683
 788/1563 [==============>...............] - ETA: 23s - loss: 0.3751 - accuracy: 0.8679
 790/1563 [==============>...............] - ETA: 23s - loss: 0.3752 - accuracy: 0.8679
 792/1563 [==============>...............] - ETA: 23s - loss: 0.3756 - accuracy: 0.8676
 794/1563 [==============>...............] - ETA: 23s - loss: 0.3755 - accuracy: 0.8676
 796/1563 [==============>...............] - ETA: 23s - loss: 0.3758 - accuracy: 0.8674
 798/1563 [==============>...............] - ETA: 23s - loss: 0.3762 - accuracy: 0.8673
 800/1563 [==============>...............] - ETA: 23s - loss: 0.3760 - accuracy: 0.8673
 802/1563 [==============>...............] - ETA: 23s - loss: 0.3762 - accuracy: 0.8673
 804/1563 [==============>...............] - ETA: 23s - loss: 0.3757 - accuracy: 0.8675
 806/1563 [==============>...............] - ETA: 23s - loss: 0.3760 - accuracy: 0.8673
 808/1563 [==============>...............] - ETA: 22s - loss: 0.3761 - accuracy: 0.8673
 811/1563 [==============>...............] - ETA: 22s - loss: 0.3766 - accuracy: 0.8670
 814/1563 [==============>...............] - ETA: 22s - loss: 0.3768 - accuracy: 0.8669
 816/1563 [==============>...............] - ETA: 22s - loss: 0.3766 - accuracy: 0.8670
 818/1563 [==============>...............] - ETA: 22s - loss: 0.3767 - accuracy: 0.8670
 820/1563 [==============>...............] - ETA: 22s - loss: 0.3767 - accuracy: 0.8669
 822/1563 [==============>...............] - ETA: 22s - loss: 0.3768 - accuracy: 0.8669
 824/1563 [==============>...............] - ETA: 22s - loss: 0.3770 - accuracy: 0.8668
 827/1563 [==============>...............] - ETA: 22s - loss: 0.3770 - accuracy: 0.8668
 830/1563 [==============>...............] - ETA: 22s - loss: 0.3775 - accuracy: 0.8666
 833/1563 [==============>...............] - ETA: 22s - loss: 0.3778 - accuracy: 0.8664
 836/1563 [===============>..............] - ETA: 22s - loss: 0.3776 - accuracy: 0.8665
 838/1563 [===============>..............] - ETA: 22s - loss: 0.3774 - accuracy: 0.8665
 840/1563 [===============>..............] - ETA: 21s - loss: 0.3779 - accuracy: 0.8663
 842/1563 [===============>..............] - ETA: 21s - loss: 0.3784 - accuracy: 0.8661
 845/1563 [===============>..............] - ETA: 21s - loss: 0.3785 - accuracy: 0.8659
 847/1563 [===============>..............] - ETA: 21s - loss: 0.3785 - accuracy: 0.8659
 849/1563 [===============>..............] - ETA: 21s - loss: 0.3783 - accuracy: 0.8659
 851/1563 [===============>..............] - ETA: 21s - loss: 0.3783 - accuracy: 0.8658
 853/1563 [===============>..............] - ETA: 21s - loss: 0.3785 - accuracy: 0.8658
 855/1563 [===============>..............] - ETA: 21s - loss: 0.3784 - accuracy: 0.8659
 857/1563 [===============>..............] - ETA: 21s - loss: 0.3786 - accuracy: 0.8658
 858/1563 [===============>..............] - ETA: 21s - loss: 0.3789 - accuracy: 0.8657
 860/1563 [===============>..............] - ETA: 21s - loss: 0.3792 - accuracy: 0.8657
 863/1563 [===============>..............] - ETA: 21s - loss: 0.3788 - accuracy: 0.8659
 865/1563 [===============>..............] - ETA: 21s - loss: 0.3788 - accuracy: 0.8659
 867/1563 [===============>..............] - ETA: 21s - loss: 0.3791 - accuracy: 0.8658
 869/1563 [===============>..............] - ETA: 21s - loss: 0.3788 - accuracy: 0.8659
 872/1563 [===============>..............] - ETA: 21s - loss: 0.3785 - accuracy: 0.8660
 874/1563 [===============>..............] - ETA: 20s - loss: 0.3786 - accuracy: 0.8661
 876/1563 [===============>..............] - ETA: 20s - loss: 0.3786 - accuracy: 0.8660
 878/1563 [===============>..............] - ETA: 20s - loss: 0.3784 - accuracy: 0.8660
 880/1563 [===============>..............] - ETA: 20s - loss: 0.3790 - accuracy: 0.8659
 882/1563 [===============>..............] - ETA: 20s - loss: 0.3794 - accuracy: 0.8658
 883/1563 [===============>..............] - ETA: 20s - loss: 0.3795 - accuracy: 0.8657
 885/1563 [===============>..............] - ETA: 20s - loss: 0.3793 - accuracy: 0.8657
 887/1563 [================>.............] - ETA: 20s - loss: 0.3793 - accuracy: 0.8657
 889/1563 [================>.............] - ETA: 20s - loss: 0.3794 - accuracy: 0.8656
 891/1563 [================>.............] - ETA: 20s - loss: 0.3794 - accuracy: 0.8656
 893/1563 [================>.............] - ETA: 20s - loss: 0.3797 - accuracy: 0.8656
 895/1563 [================>.............] - ETA: 20s - loss: 0.3797 - accuracy: 0.8656
 897/1563 [================>.............] - ETA: 20s - loss: 0.3795 - accuracy: 0.8656
 899/1563 [================>.............] - ETA: 20s - loss: 0.3794 - accuracy: 0.8657
 901/1563 [================>.............] - ETA: 20s - loss: 0.3797 - accuracy: 0.8656
 904/1563 [================>.............] - ETA: 20s - loss: 0.3799 - accuracy: 0.8656
 906/1563 [================>.............] - ETA: 20s - loss: 0.3804 - accuracy: 0.8653
 908/1563 [================>.............] - ETA: 20s - loss: 0.3808 - accuracy: 0.8653
 910/1563 [================>.............] - ETA: 19s - loss: 0.3810 - accuracy: 0.8652
 912/1563 [================>.............] - ETA: 19s - loss: 0.3810 - accuracy: 0.8652
 914/1563 [================>.............] - ETA: 19s - loss: 0.3812 - accuracy: 0.8652
 916/1563 [================>.............] - ETA: 19s - loss: 0.3812 - accuracy: 0.8650
 918/1563 [================>.............] - ETA: 19s - loss: 0.3814 - accuracy: 0.8650
 920/1563 [================>.............] - ETA: 19s - loss: 0.3811 - accuracy: 0.8651
 922/1563 [================>.............] - ETA: 19s - loss: 0.3811 - accuracy: 0.8652
 924/1563 [================>.............] - ETA: 19s - loss: 0.3808 - accuracy: 0.8652
 927/1563 [================>.............] - ETA: 19s - loss: 0.3809 - accuracy: 0.8651
 929/1563 [================>.............] - ETA: 19s - loss: 0.3806 - accuracy: 0.8652
 931/1563 [================>.............] - ETA: 19s - loss: 0.3810 - accuracy: 0.8652
 934/1563 [================>.............] - ETA: 19s - loss: 0.3813 - accuracy: 0.8651
 936/1563 [================>.............] - ETA: 19s - loss: 0.3812 - accuracy: 0.8652
 938/1563 [=================>............] - ETA: 19s - loss: 0.3812 - accuracy: 0.8651
 940/1563 [=================>............] - ETA: 19s - loss: 0.3809 - accuracy: 0.8651
 942/1563 [=================>............] - ETA: 19s - loss: 0.3810 - accuracy: 0.8651
 944/1563 [=================>............] - ETA: 18s - loss: 0.3806 - accuracy: 0.8653
 946/1563 [=================>............] - ETA: 18s - loss: 0.3805 - accuracy: 0.8654
 948/1563 [=================>............] - ETA: 18s - loss: 0.3806 - accuracy: 0.8653
 950/1563 [=================>............] - ETA: 18s - loss: 0.3805 - accuracy: 0.8653
 952/1563 [=================>............] - ETA: 18s - loss: 0.3801 - accuracy: 0.8654
 954/1563 [=================>............] - ETA: 18s - loss: 0.3798 - accuracy: 0.8656
 956/1563 [=================>............] - ETA: 18s - loss: 0.3798 - accuracy: 0.8657
 958/1563 [=================>............] - ETA: 18s - loss: 0.3796 - accuracy: 0.8658
 961/1563 [=================>............] - ETA: 18s - loss: 0.3795 - accuracy: 0.8659
 963/1563 [=================>............] - ETA: 18s - loss: 0.3796 - accuracy: 0.8659
 965/1563 [=================>............] - ETA: 18s - loss: 0.3794 - accuracy: 0.8660
 968/1563 [=================>............] - ETA: 18s - loss: 0.3796 - accuracy: 0.8659
 970/1563 [=================>............] - ETA: 18s - loss: 0.3796 - accuracy: 0.8659
 972/1563 [=================>............] - ETA: 18s - loss: 0.3795 - accuracy: 0.8659
 975/1563 [=================>............] - ETA: 18s - loss: 0.3794 - accuracy: 0.8660
 976/1563 [=================>............] - ETA: 18s - loss: 0.3796 - accuracy: 0.8659
 978/1563 [=================>............] - ETA: 17s - loss: 0.3799 - accuracy: 0.8657
 981/1563 [=================>............] - ETA: 17s - loss: 0.3795 - accuracy: 0.8659
 983/1563 [=================>............] - ETA: 17s - loss: 0.3798 - accuracy: 0.8658
 985/1563 [=================>............] - ETA: 17s - loss: 0.3801 - accuracy: 0.8657
 987/1563 [=================>............] - ETA: 17s - loss: 0.3802 - accuracy: 0.8656
 989/1563 [=================>............] - ETA: 17s - loss: 0.3802 - accuracy: 0.8656
 991/1563 [==================>...........] - ETA: 17s - loss: 0.3804 - accuracy: 0.8654
 993/1563 [==================>...........] - ETA: 17s - loss: 0.3807 - accuracy: 0.8653
 995/1563 [==================>...........] - ETA: 17s - loss: 0.3807 - accuracy: 0.8653
 997/1563 [==================>...........] - ETA: 17s - loss: 0.3810 - accuracy: 0.8653
 999/1563 [==================>...........] - ETA: 17s - loss: 0.3812 - accuracy: 0.8653
1001/1563 [==================>...........] - ETA: 17s - loss: 0.3809 - accuracy: 0.8654
1003/1563 [==================>...........] - ETA: 17s - loss: 0.3811 - accuracy: 0.8654
1005/1563 [==================>...........] - ETA: 17s - loss: 0.3814 - accuracy: 0.8653
1007/1563 [==================>...........] - ETA: 17s - loss: 0.3814 - accuracy: 0.8653
1009/1563 [==================>...........] - ETA: 17s - loss: 0.3813 - accuracy: 0.8653
1011/1563 [==================>...........] - ETA: 17s - loss: 0.3813 - accuracy: 0.8654
1014/1563 [==================>...........] - ETA: 16s - loss: 0.3813 - accuracy: 0.8654
1016/1563 [==================>...........] - ETA: 16s - loss: 0.3809 - accuracy: 0.8656
1018/1563 [==================>...........] - ETA: 16s - loss: 0.3811 - accuracy: 0.8655
1020/1563 [==================>...........] - ETA: 16s - loss: 0.3810 - accuracy: 0.8656
1022/1563 [==================>...........] - ETA: 16s - loss: 0.3812 - accuracy: 0.8656
1024/1563 [==================>...........] - ETA: 16s - loss: 0.3810 - accuracy: 0.8656
1026/1563 [==================>...........] - ETA: 16s - loss: 0.3811 - accuracy: 0.8656
1029/1563 [==================>...........] - ETA: 16s - loss: 0.3812 - accuracy: 0.8656
1031/1563 [==================>...........] - ETA: 16s - loss: 0.3811 - accuracy: 0.8656
1034/1563 [==================>...........] - ETA: 16s - loss: 0.3814 - accuracy: 0.8656
1036/1563 [==================>...........] - ETA: 16s - loss: 0.3813 - accuracy: 0.8656
1039/1563 [==================>...........] - ETA: 16s - loss: 0.3811 - accuracy: 0.8657
1041/1563 [==================>...........] - ETA: 16s - loss: 0.3812 - accuracy: 0.8655
1043/1563 [===================>..........] - ETA: 16s - loss: 0.3812 - accuracy: 0.8656
1045/1563 [===================>..........] - ETA: 15s - loss: 0.3814 - accuracy: 0.8656
1047/1563 [===================>..........] - ETA: 15s - loss: 0.3816 - accuracy: 0.8655
1049/1563 [===================>..........] - ETA: 15s - loss: 0.3815 - accuracy: 0.8656
1051/1563 [===================>..........] - ETA: 15s - loss: 0.3814 - accuracy: 0.8655
1053/1563 [===================>..........] - ETA: 15s - loss: 0.3816 - accuracy: 0.8654
1055/1563 [===================>..........] - ETA: 15s - loss: 0.3817 - accuracy: 0.8653
1057/1563 [===================>..........] - ETA: 15s - loss: 0.3815 - accuracy: 0.8654
1059/1563 [===================>..........] - ETA: 15s - loss: 0.3815 - accuracy: 0.8653
1061/1563 [===================>..........] - ETA: 15s - loss: 0.3814 - accuracy: 0.8654
1063/1563 [===================>..........] - ETA: 15s - loss: 0.3813 - accuracy: 0.8655
1065/1563 [===================>..........] - ETA: 15s - loss: 0.3811 - accuracy: 0.8656
1067/1563 [===================>..........] - ETA: 15s - loss: 0.3812 - accuracy: 0.8655
1069/1563 [===================>..........] - ETA: 15s - loss: 0.3815 - accuracy: 0.8655
1072/1563 [===================>..........] - ETA: 15s - loss: 0.3810 - accuracy: 0.8656
1075/1563 [===================>..........] - ETA: 15s - loss: 0.3809 - accuracy: 0.8657
1077/1563 [===================>..........] - ETA: 14s - loss: 0.3814 - accuracy: 0.8656
1079/1563 [===================>..........] - ETA: 14s - loss: 0.3814 - accuracy: 0.8655
1081/1563 [===================>..........] - ETA: 14s - loss: 0.3814 - accuracy: 0.8655
1083/1563 [===================>..........] - ETA: 14s - loss: 0.3812 - accuracy: 0.8657
1086/1563 [===================>..........] - ETA: 14s - loss: 0.3810 - accuracy: 0.8658
1088/1563 [===================>..........] - ETA: 14s - loss: 0.3812 - accuracy: 0.8658
1090/1563 [===================>..........] - ETA: 14s - loss: 0.3814 - accuracy: 0.8656
1093/1563 [===================>..........] - ETA: 14s - loss: 0.3816 - accuracy: 0.8655
1095/1563 [====================>.........] - ETA: 14s - loss: 0.3814 - accuracy: 0.8656
1097/1563 [====================>.........] - ETA: 14s - loss: 0.3812 - accuracy: 0.8656
1099/1563 [====================>.........] - ETA: 14s - loss: 0.3810 - accuracy: 0.8656
1102/1563 [====================>.........] - ETA: 14s - loss: 0.3808 - accuracy: 0.8658
1104/1563 [====================>.........] - ETA: 14s - loss: 0.3808 - accuracy: 0.8657
1107/1563 [====================>.........] - ETA: 14s - loss: 0.3807 - accuracy: 0.8658
1109/1563 [====================>.........] - ETA: 14s - loss: 0.3805 - accuracy: 0.8659
1111/1563 [====================>.........] - ETA: 13s - loss: 0.3804 - accuracy: 0.8659
1113/1563 [====================>.........] - ETA: 13s - loss: 0.3803 - accuracy: 0.8660
1115/1563 [====================>.........] - ETA: 13s - loss: 0.3804 - accuracy: 0.8661
1117/1563 [====================>.........] - ETA: 13s - loss: 0.3807 - accuracy: 0.8660
1119/1563 [====================>.........] - ETA: 13s - loss: 0.3808 - accuracy: 0.8660
1121/1563 [====================>.........] - ETA: 13s - loss: 0.3809 - accuracy: 0.8660
1123/1563 [====================>.........] - ETA: 13s - loss: 0.3810 - accuracy: 0.8660
1125/1563 [====================>.........] - ETA: 13s - loss: 0.3809 - accuracy: 0.8660
1127/1563 [====================>.........] - ETA: 13s - loss: 0.3808 - accuracy: 0.8660
1130/1563 [====================>.........] - ETA: 13s - loss: 0.3809 - accuracy: 0.8660
1132/1563 [====================>.........] - ETA: 13s - loss: 0.3813 - accuracy: 0.8659
1134/1563 [====================>.........] - ETA: 13s - loss: 0.3810 - accuracy: 0.8660
1136/1563 [====================>.........] - ETA: 13s - loss: 0.3810 - accuracy: 0.8659
1138/1563 [====================>.........] - ETA: 13s - loss: 0.3808 - accuracy: 0.8659
1141/1563 [====================>.........] - ETA: 13s - loss: 0.3811 - accuracy: 0.8658
1143/1563 [====================>.........] - ETA: 12s - loss: 0.3814 - accuracy: 0.8656
1145/1563 [====================>.........] - ETA: 12s - loss: 0.3815 - accuracy: 0.8657
1147/1563 [=====================>........] - ETA: 12s - loss: 0.3815 - accuracy: 0.8657
1149/1563 [=====================>........] - ETA: 12s - loss: 0.3816 - accuracy: 0.8657
1152/1563 [=====================>........] - ETA: 12s - loss: 0.3814 - accuracy: 0.8657
1155/1563 [=====================>........] - ETA: 12s - loss: 0.3814 - accuracy: 0.8658
1157/1563 [=====================>........] - ETA: 12s - loss: 0.3813 - accuracy: 0.8658
1159/1563 [=====================>........] - ETA: 12s - loss: 0.3811 - accuracy: 0.8659
1161/1563 [=====================>........] - ETA: 12s - loss: 0.3808 - accuracy: 0.8661
1163/1563 [=====================>........] - ETA: 12s - loss: 0.3808 - accuracy: 0.8661
1166/1563 [=====================>........] - ETA: 12s - loss: 0.3814 - accuracy: 0.8659
1168/1563 [=====================>........] - ETA: 12s - loss: 0.3814 - accuracy: 0.8659
1171/1563 [=====================>........] - ETA: 12s - loss: 0.3817 - accuracy: 0.8659
1173/1563 [=====================>........] - ETA: 12s - loss: 0.3814 - accuracy: 0.8660
1175/1563 [=====================>........] - ETA: 11s - loss: 0.3813 - accuracy: 0.8660
1177/1563 [=====================>........] - ETA: 11s - loss: 0.3812 - accuracy: 0.8661
1179/1563 [=====================>........] - ETA: 11s - loss: 0.3813 - accuracy: 0.8661
1181/1563 [=====================>........] - ETA: 11s - loss: 0.3813 - accuracy: 0.8662
1183/1563 [=====================>........] - ETA: 11s - loss: 0.3812 - accuracy: 0.8663
1185/1563 [=====================>........] - ETA: 11s - loss: 0.3810 - accuracy: 0.8663
1187/1563 [=====================>........] - ETA: 11s - loss: 0.3811 - accuracy: 0.8663
1189/1563 [=====================>........] - ETA: 11s - loss: 0.3811 - accuracy: 0.8664
1191/1563 [=====================>........] - ETA: 11s - loss: 0.3811 - accuracy: 0.8663
1193/1563 [=====================>........] - ETA: 11s - loss: 0.3811 - accuracy: 0.8664
1195/1563 [=====================>........] - ETA: 11s - loss: 0.3809 - accuracy: 0.8664
1197/1563 [=====================>........] - ETA: 11s - loss: 0.3808 - accuracy: 0.8664
1199/1563 [======================>.......] - ETA: 11s - loss: 0.3809 - accuracy: 0.8665
1201/1563 [======================>.......] - ETA: 11s - loss: 0.3807 - accuracy: 0.8666
1203/1563 [======================>.......] - ETA: 11s - loss: 0.3808 - accuracy: 0.8666
1205/1563 [======================>.......] - ETA: 11s - loss: 0.3809 - accuracy: 0.8665
1207/1563 [======================>.......] - ETA: 11s - loss: 0.3808 - accuracy: 0.8666
1210/1563 [======================>.......] - ETA: 10s - loss: 0.3808 - accuracy: 0.8665
1212/1563 [======================>.......] - ETA: 10s - loss: 0.3809 - accuracy: 0.8664
1214/1563 [======================>.......] - ETA: 10s - loss: 0.3810 - accuracy: 0.8665
1216/1563 [======================>.......] - ETA: 10s - loss: 0.3808 - accuracy: 0.8665
1218/1563 [======================>.......] - ETA: 10s - loss: 0.3812 - accuracy: 0.8664
1221/1563 [======================>.......] - ETA: 10s - loss: 0.3812 - accuracy: 0.8665
1223/1563 [======================>.......] - ETA: 10s - loss: 0.3811 - accuracy: 0.8664
1226/1563 [======================>.......] - ETA: 10s - loss: 0.3811 - accuracy: 0.8665
1229/1563 [======================>.......] - ETA: 10s - loss: 0.3811 - accuracy: 0.8665
1232/1563 [======================>.......] - ETA: 10s - loss: 0.3815 - accuracy: 0.8664
1234/1563 [======================>.......] - ETA: 10s - loss: 0.3814 - accuracy: 0.8665
1237/1563 [======================>.......] - ETA: 10s - loss: 0.3812 - accuracy: 0.8665
1240/1563 [======================>.......] - ETA: 9s - loss: 0.3813 - accuracy: 0.8665 
1243/1563 [======================>.......] - ETA: 9s - loss: 0.3816 - accuracy: 0.8662
1246/1563 [======================>.......] - ETA: 9s - loss: 0.3815 - accuracy: 0.8662
1249/1563 [======================>.......] - ETA: 9s - loss: 0.3815 - accuracy: 0.8662
1252/1563 [=======================>......] - ETA: 9s - loss: 0.3814 - accuracy: 0.8663
1255/1563 [=======================>......] - ETA: 9s - loss: 0.3816 - accuracy: 0.8663
1257/1563 [=======================>......] - ETA: 9s - loss: 0.3818 - accuracy: 0.8663
1260/1563 [=======================>......] - ETA: 9s - loss: 0.3819 - accuracy: 0.8663
1262/1563 [=======================>......] - ETA: 9s - loss: 0.3820 - accuracy: 0.8662
1265/1563 [=======================>......] - ETA: 9s - loss: 0.3820 - accuracy: 0.8662
1267/1563 [=======================>......] - ETA: 9s - loss: 0.3823 - accuracy: 0.8660
1270/1563 [=======================>......] - ETA: 8s - loss: 0.3823 - accuracy: 0.8660
1273/1563 [=======================>......] - ETA: 8s - loss: 0.3829 - accuracy: 0.8659
1275/1563 [=======================>......] - ETA: 8s - loss: 0.3830 - accuracy: 0.8659
1277/1563 [=======================>......] - ETA: 8s - loss: 0.3829 - accuracy: 0.8659
1280/1563 [=======================>......] - ETA: 8s - loss: 0.3830 - accuracy: 0.8658
1283/1563 [=======================>......] - ETA: 8s - loss: 0.3828 - accuracy: 0.8659
1285/1563 [=======================>......] - ETA: 8s - loss: 0.3827 - accuracy: 0.8659
1288/1563 [=======================>......] - ETA: 8s - loss: 0.3826 - accuracy: 0.8660
1291/1563 [=======================>......] - ETA: 8s - loss: 0.3828 - accuracy: 0.8659
1293/1563 [=======================>......] - ETA: 8s - loss: 0.3827 - accuracy: 0.8659
1296/1563 [=======================>......] - ETA: 8s - loss: 0.3825 - accuracy: 0.8660
1298/1563 [=======================>......] - ETA: 8s - loss: 0.3829 - accuracy: 0.8659
1300/1563 [=======================>......] - ETA: 8s - loss: 0.3829 - accuracy: 0.8659
1303/1563 [========================>.....] - ETA: 7s - loss: 0.3829 - accuracy: 0.8660
1305/1563 [========================>.....] - ETA: 7s - loss: 0.3833 - accuracy: 0.8658
1308/1563 [========================>.....] - ETA: 7s - loss: 0.3833 - accuracy: 0.8657
1310/1563 [========================>.....] - ETA: 7s - loss: 0.3835 - accuracy: 0.8656
1313/1563 [========================>.....] - ETA: 7s - loss: 0.3835 - accuracy: 0.8657
1315/1563 [========================>.....] - ETA: 7s - loss: 0.3838 - accuracy: 0.8656
1318/1563 [========================>.....] - ETA: 7s - loss: 0.3839 - accuracy: 0.8656
1320/1563 [========================>.....] - ETA: 7s - loss: 0.3840 - accuracy: 0.8655
1323/1563 [========================>.....] - ETA: 7s - loss: 0.3843 - accuracy: 0.8654
1325/1563 [========================>.....] - ETA: 7s - loss: 0.3850 - accuracy: 0.8652
1328/1563 [========================>.....] - ETA: 7s - loss: 0.3850 - accuracy: 0.8652
1330/1563 [========================>.....] - ETA: 7s - loss: 0.3852 - accuracy: 0.8651
1332/1563 [========================>.....] - ETA: 7s - loss: 0.3851 - accuracy: 0.8651
1334/1563 [========================>.....] - ETA: 6s - loss: 0.3851 - accuracy: 0.8651
1336/1563 [========================>.....] - ETA: 6s - loss: 0.3851 - accuracy: 0.8651
1338/1563 [========================>.....] - ETA: 6s - loss: 0.3851 - accuracy: 0.8650
1340/1563 [========================>.....] - ETA: 6s - loss: 0.3852 - accuracy: 0.8650
1343/1563 [========================>.....] - ETA: 6s - loss: 0.3852 - accuracy: 0.8649
1345/1563 [========================>.....] - ETA: 6s - loss: 0.3855 - accuracy: 0.8648
1348/1563 [========================>.....] - ETA: 6s - loss: 0.3858 - accuracy: 0.8648
1351/1563 [========================>.....] - ETA: 6s - loss: 0.3860 - accuracy: 0.8647
1353/1563 [========================>.....] - ETA: 6s - loss: 0.3861 - accuracy: 0.8646
1355/1563 [=========================>....] - ETA: 6s - loss: 0.3864 - accuracy: 0.8646
1356/1563 [=========================>....] - ETA: 6s - loss: 0.3865 - accuracy: 0.8645
1358/1563 [=========================>....] - ETA: 6s - loss: 0.3866 - accuracy: 0.8645
1361/1563 [=========================>....] - ETA: 6s - loss: 0.3868 - accuracy: 0.8644
1363/1563 [=========================>....] - ETA: 6s - loss: 0.3870 - accuracy: 0.8643
1365/1563 [=========================>....] - ETA: 6s - loss: 0.3870 - accuracy: 0.8643
1367/1563 [=========================>....] - ETA: 5s - loss: 0.3873 - accuracy: 0.8642
1369/1563 [=========================>....] - ETA: 5s - loss: 0.3874 - accuracy: 0.8641
1371/1563 [=========================>....] - ETA: 5s - loss: 0.3874 - accuracy: 0.8641
1373/1563 [=========================>....] - ETA: 5s - loss: 0.3877 - accuracy: 0.8640
1375/1563 [=========================>....] - ETA: 5s - loss: 0.3878 - accuracy: 0.8640
1377/1563 [=========================>....] - ETA: 5s - loss: 0.3877 - accuracy: 0.8640
1379/1563 [=========================>....] - ETA: 5s - loss: 0.3878 - accuracy: 0.8640
1382/1563 [=========================>....] - ETA: 5s - loss: 0.3877 - accuracy: 0.8640
1385/1563 [=========================>....] - ETA: 5s - loss: 0.3877 - accuracy: 0.8641
1387/1563 [=========================>....] - ETA: 5s - loss: 0.3877 - accuracy: 0.8641
1389/1563 [=========================>....] - ETA: 5s - loss: 0.3878 - accuracy: 0.8641
1391/1563 [=========================>....] - ETA: 5s - loss: 0.3883 - accuracy: 0.8639
1393/1563 [=========================>....] - ETA: 5s - loss: 0.3885 - accuracy: 0.8639
1395/1563 [=========================>....] - ETA: 5s - loss: 0.3884 - accuracy: 0.8638
1397/1563 [=========================>....] - ETA: 5s - loss: 0.3885 - accuracy: 0.8638
1399/1563 [=========================>....] - ETA: 5s - loss: 0.3885 - accuracy: 0.8637
1402/1563 [=========================>....] - ETA: 4s - loss: 0.3886 - accuracy: 0.8636
1404/1563 [=========================>....] - ETA: 4s - loss: 0.3885 - accuracy: 0.8636
1406/1563 [=========================>....] - ETA: 4s - loss: 0.3887 - accuracy: 0.8636
1408/1563 [==========================>...] - ETA: 4s - loss: 0.3889 - accuracy: 0.8635
1410/1563 [==========================>...] - ETA: 4s - loss: 0.3891 - accuracy: 0.8635
1413/1563 [==========================>...] - ETA: 4s - loss: 0.3894 - accuracy: 0.8634
1415/1563 [==========================>...] - ETA: 4s - loss: 0.3892 - accuracy: 0.8635
1417/1563 [==========================>...] - ETA: 4s - loss: 0.3892 - accuracy: 0.8636
1419/1563 [==========================>...] - ETA: 4s - loss: 0.3892 - accuracy: 0.8636
1421/1563 [==========================>...] - ETA: 4s - loss: 0.3893 - accuracy: 0.8635
1423/1563 [==========================>...] - ETA: 4s - loss: 0.3891 - accuracy: 0.8636
1425/1563 [==========================>...] - ETA: 4s - loss: 0.3890 - accuracy: 0.8636
1427/1563 [==========================>...] - ETA: 4s - loss: 0.3891 - accuracy: 0.8635
1429/1563 [==========================>...] - ETA: 4s - loss: 0.3891 - accuracy: 0.8635
1431/1563 [==========================>...] - ETA: 4s - loss: 0.3892 - accuracy: 0.8634
1434/1563 [==========================>...] - ETA: 3s - loss: 0.3891 - accuracy: 0.8634
1436/1563 [==========================>...] - ETA: 3s - loss: 0.3892 - accuracy: 0.8634
1438/1563 [==========================>...] - ETA: 3s - loss: 0.3895 - accuracy: 0.8632
1440/1563 [==========================>...] - ETA: 3s - loss: 0.3892 - accuracy: 0.8634
1443/1563 [==========================>...] - ETA: 3s - loss: 0.3893 - accuracy: 0.8633
1445/1563 [==========================>...] - ETA: 3s - loss: 0.3892 - accuracy: 0.8633
1448/1563 [==========================>...] - ETA: 3s - loss: 0.3897 - accuracy: 0.8632
1451/1563 [==========================>...] - ETA: 3s - loss: 0.3896 - accuracy: 0.8632
1453/1563 [==========================>...] - ETA: 3s - loss: 0.3894 - accuracy: 0.8633
1456/1563 [==========================>...] - ETA: 3s - loss: 0.3894 - accuracy: 0.8633
1458/1563 [==========================>...] - ETA: 3s - loss: 0.3895 - accuracy: 0.8633
1460/1563 [===========================>..] - ETA: 3s - loss: 0.3895 - accuracy: 0.8633
1463/1563 [===========================>..] - ETA: 3s - loss: 0.3894 - accuracy: 0.8633
1466/1563 [===========================>..] - ETA: 2s - loss: 0.3895 - accuracy: 0.8634
1468/1563 [===========================>..] - ETA: 2s - loss: 0.3897 - accuracy: 0.8634
1471/1563 [===========================>..] - ETA: 2s - loss: 0.3899 - accuracy: 0.8633
1473/1563 [===========================>..] - ETA: 2s - loss: 0.3899 - accuracy: 0.8634
1475/1563 [===========================>..] - ETA: 2s - loss: 0.3904 - accuracy: 0.8632
1478/1563 [===========================>..] - ETA: 2s - loss: 0.3903 - accuracy: 0.8632
1480/1563 [===========================>..] - ETA: 2s - loss: 0.3901 - accuracy: 0.8633
1483/1563 [===========================>..] - ETA: 2s - loss: 0.3905 - accuracy: 0.8631
1485/1563 [===========================>..] - ETA: 2s - loss: 0.3903 - accuracy: 0.8633
1488/1563 [===========================>..] - ETA: 2s - loss: 0.3903 - accuracy: 0.8632
1490/1563 [===========================>..] - ETA: 2s - loss: 0.3902 - accuracy: 0.8632
1493/1563 [===========================>..] - ETA: 2s - loss: 0.3904 - accuracy: 0.8632
1495/1563 [===========================>..] - ETA: 2s - loss: 0.3902 - accuracy: 0.8632
1497/1563 [===========================>..] - ETA: 2s - loss: 0.3903 - accuracy: 0.8631
1499/1563 [===========================>..] - ETA: 1s - loss: 0.3904 - accuracy: 0.8631
1501/1563 [===========================>..] - ETA: 1s - loss: 0.3902 - accuracy: 0.8632
1504/1563 [===========================>..] - ETA: 1s - loss: 0.3904 - accuracy: 0.8631
1506/1563 [===========================>..] - ETA: 1s - loss: 0.3903 - accuracy: 0.8631
1508/1563 [===========================>..] - ETA: 1s - loss: 0.3903 - accuracy: 0.8631
1510/1563 [===========================>..] - ETA: 1s - loss: 0.3904 - accuracy: 0.8631
1512/1563 [============================>.] - ETA: 1s - loss: 0.3904 - accuracy: 0.8631
1514/1563 [============================>.] - ETA: 1s - loss: 0.3903 - accuracy: 0.8631
1516/1563 [============================>.] - ETA: 1s - loss: 0.3905 - accuracy: 0.8630
1518/1563 [============================>.] - ETA: 1s - loss: 0.3905 - accuracy: 0.8631
1520/1563 [============================>.] - ETA: 1s - loss: 0.3905 - accuracy: 0.8630
1522/1563 [============================>.] - ETA: 1s - loss: 0.3904 - accuracy: 0.8630
1524/1563 [============================>.] - ETA: 1s - loss: 0.3905 - accuracy: 0.8630
1526/1563 [============================>.] - ETA: 1s - loss: 0.3905 - accuracy: 0.8630
1529/1563 [============================>.] - ETA: 1s - loss: 0.3904 - accuracy: 0.8630
1531/1563 [============================>.] - ETA: 0s - loss: 0.3904 - accuracy: 0.8630
1533/1563 [============================>.] - ETA: 0s - loss: 0.3907 - accuracy: 0.8630
1535/1563 [============================>.] - ETA: 0s - loss: 0.3907 - accuracy: 0.8629
1537/1563 [============================>.] - ETA: 0s - loss: 0.3911 - accuracy: 0.8627
1539/1563 [============================>.] - ETA: 0s - loss: 0.3911 - accuracy: 0.8627
1541/1563 [============================>.] - ETA: 0s - loss: 0.3914 - accuracy: 0.8625
1544/1563 [============================>.] - ETA: 0s - loss: 0.3913 - accuracy: 0.8624
1546/1563 [============================>.] - ETA: 0s - loss: 0.3914 - accuracy: 0.8624
1548/1563 [============================>.] - ETA: 0s - loss: 0.3913 - accuracy: 0.8624
1550/1563 [============================>.] - ETA: 0s - loss: 0.3915 - accuracy: 0.8624
1552/1563 [============================>.] - ETA: 0s - loss: 0.3915 - accuracy: 0.8624
1554/1563 [============================>.] - ETA: 0s - loss: 0.3914 - accuracy: 0.8624
1557/1563 [============================>.] - ETA: 0s - loss: 0.3913 - accuracy: 0.8624
1560/1563 [============================>.] - ETA: 0s - loss: 0.3912 - accuracy: 0.8623
1562/1563 [============================>.] - ETA: 0s - loss: 0.3916 - accuracy: 0.8622
1563/1563 [==============================] - 52s 33ms/step - loss: 0.3916 - accuracy: 0.8621 - val_loss: 0.8901 - val_accuracy: 0.7467
Epoch 9/100

   1/1563 [..............................] - ETA: 1:13 - loss: 0.1614 - accuracy: 0.9375
   3/1563 [..............................] - ETA: 53s - loss: 0.1760 - accuracy: 0.9479 
   5/1563 [..............................] - ETA: 59s - loss: 0.2361 - accuracy: 0.9125
   7/1563 [..............................] - ETA: 57s - loss: 0.2802 - accuracy: 0.9018
   9/1563 [..............................] - ETA: 59s - loss: 0.2809 - accuracy: 0.8958
  11/1563 [..............................] - ETA: 59s - loss: 0.2819 - accuracy: 0.8977
  13/1563 [..............................] - ETA: 56s - loss: 0.2816 - accuracy: 0.9014
  16/1563 [..............................] - ETA: 52s - loss: 0.2834 - accuracy: 0.9004
  19/1563 [..............................] - ETA: 50s - loss: 0.2943 - accuracy: 0.8997
  21/1563 [..............................] - ETA: 49s - loss: 0.3070 - accuracy: 0.8973
  23/1563 [..............................] - ETA: 49s - loss: 0.3210 - accuracy: 0.8899
  25/1563 [..............................] - ETA: 48s - loss: 0.3141 - accuracy: 0.8925
  27/1563 [..............................] - ETA: 48s - loss: 0.3094 - accuracy: 0.8947
  29/1563 [..............................] - ETA: 48s - loss: 0.3163 - accuracy: 0.8901
  31/1563 [..............................] - ETA: 48s - loss: 0.3243 - accuracy: 0.8881
  33/1563 [..............................] - ETA: 49s - loss: 0.3237 - accuracy: 0.8854
  36/1563 [..............................] - ETA: 48s - loss: 0.3296 - accuracy: 0.8845
  39/1563 [..............................] - ETA: 46s - loss: 0.3272 - accuracy: 0.8830
  41/1563 [..............................] - ETA: 47s - loss: 0.3291 - accuracy: 0.8811
  43/1563 [..............................] - ETA: 47s - loss: 0.3286 - accuracy: 0.8815
  45/1563 [..............................] - ETA: 47s - loss: 0.3228 - accuracy: 0.8840
  47/1563 [..............................] - ETA: 47s - loss: 0.3218 - accuracy: 0.8843
  50/1563 [..............................] - ETA: 46s - loss: 0.3180 - accuracy: 0.8875
  53/1563 [>.............................] - ETA: 46s - loss: 0.3124 - accuracy: 0.8892
  55/1563 [>.............................] - ETA: 45s - loss: 0.3133 - accuracy: 0.8886
  57/1563 [>.............................] - ETA: 46s - loss: 0.3106 - accuracy: 0.8887
  59/1563 [>.............................] - ETA: 45s - loss: 0.3091 - accuracy: 0.8914
  61/1563 [>.............................] - ETA: 45s - loss: 0.3103 - accuracy: 0.8904
  63/1563 [>.............................] - ETA: 45s - loss: 0.3076 - accuracy: 0.8924
  65/1563 [>.............................] - ETA: 45s - loss: 0.3105 - accuracy: 0.8928
  67/1563 [>.............................] - ETA: 45s - loss: 0.3075 - accuracy: 0.8927
  70/1563 [>.............................] - ETA: 44s - loss: 0.3072 - accuracy: 0.8924
  72/1563 [>.............................] - ETA: 45s - loss: 0.3086 - accuracy: 0.8932
  74/1563 [>.............................] - ETA: 45s - loss: 0.3069 - accuracy: 0.8932
  76/1563 [>.............................] - ETA: 45s - loss: 0.3061 - accuracy: 0.8931
  78/1563 [>.............................] - ETA: 45s - loss: 0.3056 - accuracy: 0.8942
  80/1563 [>.............................] - ETA: 45s - loss: 0.3048 - accuracy: 0.8945
  83/1563 [>.............................] - ETA: 45s - loss: 0.3031 - accuracy: 0.8957
  85/1563 [>.............................] - ETA: 45s - loss: 0.3031 - accuracy: 0.8952
  87/1563 [>.............................] - ETA: 45s - loss: 0.3032 - accuracy: 0.8951
  89/1563 [>.............................] - ETA: 45s - loss: 0.3022 - accuracy: 0.8961
  91/1563 [>.............................] - ETA: 45s - loss: 0.3020 - accuracy: 0.8959
  93/1563 [>.............................] - ETA: 45s - loss: 0.3033 - accuracy: 0.8952
  95/1563 [>.............................] - ETA: 45s - loss: 0.3031 - accuracy: 0.8947
  97/1563 [>.............................] - ETA: 45s - loss: 0.3038 - accuracy: 0.8947
  99/1563 [>.............................] - ETA: 45s - loss: 0.3037 - accuracy: 0.8946
 101/1563 [>.............................] - ETA: 45s - loss: 0.3001 - accuracy: 0.8960
 103/1563 [>.............................] - ETA: 45s - loss: 0.2996 - accuracy: 0.8962
 106/1563 [=>............................] - ETA: 44s - loss: 0.3006 - accuracy: 0.8950
 108/1563 [=>............................] - ETA: 44s - loss: 0.2979 - accuracy: 0.8958
 110/1563 [=>............................] - ETA: 44s - loss: 0.3001 - accuracy: 0.8943
 112/1563 [=>............................] - ETA: 44s - loss: 0.2980 - accuracy: 0.8951
 115/1563 [=>............................] - ETA: 44s - loss: 0.3000 - accuracy: 0.8943
 117/1563 [=>............................] - ETA: 44s - loss: 0.3001 - accuracy: 0.8940
 119/1563 [=>............................] - ETA: 44s - loss: 0.2981 - accuracy: 0.8950
 121/1563 [=>............................] - ETA: 44s - loss: 0.2982 - accuracy: 0.8954
 123/1563 [=>............................] - ETA: 44s - loss: 0.2972 - accuracy: 0.8956
 125/1563 [=>............................] - ETA: 44s - loss: 0.2973 - accuracy: 0.8953
 127/1563 [=>............................] - ETA: 44s - loss: 0.2966 - accuracy: 0.8952
 129/1563 [=>............................] - ETA: 44s - loss: 0.2961 - accuracy: 0.8951
 131/1563 [=>............................] - ETA: 44s - loss: 0.2972 - accuracy: 0.8946
 133/1563 [=>............................] - ETA: 44s - loss: 0.2976 - accuracy: 0.8945
 135/1563 [=>............................] - ETA: 44s - loss: 0.2971 - accuracy: 0.8949
 138/1563 [=>............................] - ETA: 44s - loss: 0.2981 - accuracy: 0.8940
 140/1563 [=>............................] - ETA: 44s - loss: 0.2964 - accuracy: 0.8944
 141/1563 [=>............................] - ETA: 44s - loss: 0.2967 - accuracy: 0.8938
 143/1563 [=>............................] - ETA: 44s - loss: 0.2966 - accuracy: 0.8936
 145/1563 [=>............................] - ETA: 44s - loss: 0.2996 - accuracy: 0.8933
 148/1563 [=>............................] - ETA: 43s - loss: 0.3005 - accuracy: 0.8934
 151/1563 [=>............................] - ETA: 43s - loss: 0.3005 - accuracy: 0.8926
 154/1563 [=>............................] - ETA: 43s - loss: 0.3010 - accuracy: 0.8927
 157/1563 [==>...........................] - ETA: 43s - loss: 0.2999 - accuracy: 0.8929
 159/1563 [==>...........................] - ETA: 43s - loss: 0.3005 - accuracy: 0.8929
 161/1563 [==>...........................] - ETA: 43s - loss: 0.2998 - accuracy: 0.8932
 163/1563 [==>...........................] - ETA: 42s - loss: 0.2985 - accuracy: 0.8940
 165/1563 [==>...........................] - ETA: 42s - loss: 0.2980 - accuracy: 0.8945
 168/1563 [==>...........................] - ETA: 42s - loss: 0.2970 - accuracy: 0.8945
 171/1563 [==>...........................] - ETA: 42s - loss: 0.2972 - accuracy: 0.8942
 173/1563 [==>...........................] - ETA: 42s - loss: 0.2975 - accuracy: 0.8934
 175/1563 [==>...........................] - ETA: 42s - loss: 0.2960 - accuracy: 0.8941
 177/1563 [==>...........................] - ETA: 42s - loss: 0.2948 - accuracy: 0.8946
 179/1563 [==>...........................] - ETA: 42s - loss: 0.2959 - accuracy: 0.8942
 181/1563 [==>...........................] - ETA: 42s - loss: 0.2941 - accuracy: 0.8949
 183/1563 [==>...........................] - ETA: 41s - loss: 0.2947 - accuracy: 0.8945
 186/1563 [==>...........................] - ETA: 41s - loss: 0.2940 - accuracy: 0.8948
 188/1563 [==>...........................] - ETA: 41s - loss: 0.2934 - accuracy: 0.8951
 191/1563 [==>...........................] - ETA: 41s - loss: 0.2917 - accuracy: 0.8961
 193/1563 [==>...........................] - ETA: 41s - loss: 0.2922 - accuracy: 0.8957
 195/1563 [==>...........................] - ETA: 41s - loss: 0.2915 - accuracy: 0.8960
 197/1563 [==>...........................] - ETA: 41s - loss: 0.2920 - accuracy: 0.8959
 200/1563 [==>...........................] - ETA: 41s - loss: 0.2929 - accuracy: 0.8956
 203/1563 [==>...........................] - ETA: 40s - loss: 0.2920 - accuracy: 0.8956
 205/1563 [==>...........................] - ETA: 40s - loss: 0.2931 - accuracy: 0.8957
 208/1563 [==>...........................] - ETA: 40s - loss: 0.2922 - accuracy: 0.8963
 210/1563 [===>..........................] - ETA: 40s - loss: 0.2932 - accuracy: 0.8964
 212/1563 [===>..........................] - ETA: 40s - loss: 0.2924 - accuracy: 0.8965
 215/1563 [===>..........................] - ETA: 40s - loss: 0.2925 - accuracy: 0.8962
 217/1563 [===>..........................] - ETA: 40s - loss: 0.2930 - accuracy: 0.8959
 219/1563 [===>..........................] - ETA: 40s - loss: 0.2919 - accuracy: 0.8963
 221/1563 [===>..........................] - ETA: 40s - loss: 0.2911 - accuracy: 0.8965
 223/1563 [===>..........................] - ETA: 40s - loss: 0.2898 - accuracy: 0.8970
 226/1563 [===>..........................] - ETA: 40s - loss: 0.2912 - accuracy: 0.8963
 229/1563 [===>..........................] - ETA: 40s - loss: 0.2917 - accuracy: 0.8962
 231/1563 [===>..........................] - ETA: 40s - loss: 0.2915 - accuracy: 0.8958
 233/1563 [===>..........................] - ETA: 40s - loss: 0.2908 - accuracy: 0.8963
 235/1563 [===>..........................] - ETA: 40s - loss: 0.2901 - accuracy: 0.8964
 237/1563 [===>..........................] - ETA: 40s - loss: 0.2916 - accuracy: 0.8960
 240/1563 [===>..........................] - ETA: 39s - loss: 0.2902 - accuracy: 0.8966
 242/1563 [===>..........................] - ETA: 39s - loss: 0.2894 - accuracy: 0.8966
 244/1563 [===>..........................] - ETA: 39s - loss: 0.2886 - accuracy: 0.8968
 246/1563 [===>..........................] - ETA: 39s - loss: 0.2886 - accuracy: 0.8967
 249/1563 [===>..........................] - ETA: 39s - loss: 0.2882 - accuracy: 0.8970
 251/1563 [===>..........................] - ETA: 39s - loss: 0.2873 - accuracy: 0.8973
 253/1563 [===>..........................] - ETA: 39s - loss: 0.2876 - accuracy: 0.8970
 255/1563 [===>..........................] - ETA: 39s - loss: 0.2878 - accuracy: 0.8966
 257/1563 [===>..........................] - ETA: 39s - loss: 0.2873 - accuracy: 0.8965
 259/1563 [===>..........................] - ETA: 39s - loss: 0.2882 - accuracy: 0.8962
 262/1563 [====>.........................] - ETA: 38s - loss: 0.2871 - accuracy: 0.8967
 265/1563 [====>.........................] - ETA: 38s - loss: 0.2890 - accuracy: 0.8961
 267/1563 [====>.........................] - ETA: 38s - loss: 0.2885 - accuracy: 0.8962
 269/1563 [====>.........................] - ETA: 38s - loss: 0.2891 - accuracy: 0.8959
 271/1563 [====>.........................] - ETA: 38s - loss: 0.2891 - accuracy: 0.8960
 273/1563 [====>.........................] - ETA: 38s - loss: 0.2891 - accuracy: 0.8959
 275/1563 [====>.........................] - ETA: 38s - loss: 0.2894 - accuracy: 0.8957
 277/1563 [====>.........................] - ETA: 38s - loss: 0.2883 - accuracy: 0.8961
 279/1563 [====>.........................] - ETA: 38s - loss: 0.2881 - accuracy: 0.8962
 281/1563 [====>.........................] - ETA: 38s - loss: 0.2886 - accuracy: 0.8955
 283/1563 [====>.........................] - ETA: 38s - loss: 0.2893 - accuracy: 0.8950
 285/1563 [====>.........................] - ETA: 38s - loss: 0.2890 - accuracy: 0.8951
 287/1563 [====>.........................] - ETA: 38s - loss: 0.2892 - accuracy: 0.8948
 290/1563 [====>.........................] - ETA: 38s - loss: 0.2906 - accuracy: 0.8944
 293/1563 [====>.........................] - ETA: 38s - loss: 0.2905 - accuracy: 0.8944
 296/1563 [====>.........................] - ETA: 38s - loss: 0.2905 - accuracy: 0.8944
 298/1563 [====>.........................] - ETA: 38s - loss: 0.2909 - accuracy: 0.8943
 300/1563 [====>.........................] - ETA: 38s - loss: 0.2920 - accuracy: 0.8938
 302/1563 [====>.........................] - ETA: 38s - loss: 0.2913 - accuracy: 0.8941
 304/1563 [====>.........................] - ETA: 38s - loss: 0.2910 - accuracy: 0.8943
 306/1563 [====>.........................] - ETA: 38s - loss: 0.2908 - accuracy: 0.8945
 308/1563 [====>.........................] - ETA: 37s - loss: 0.2903 - accuracy: 0.8946
 310/1563 [====>.........................] - ETA: 37s - loss: 0.2914 - accuracy: 0.8941
 313/1563 [=====>........................] - ETA: 37s - loss: 0.2915 - accuracy: 0.8941
 315/1563 [=====>........................] - ETA: 37s - loss: 0.2916 - accuracy: 0.8940
 317/1563 [=====>........................] - ETA: 37s - loss: 0.2916 - accuracy: 0.8940
 319/1563 [=====>........................] - ETA: 37s - loss: 0.2910 - accuracy: 0.8942
 321/1563 [=====>........................] - ETA: 37s - loss: 0.2910 - accuracy: 0.8943
 323/1563 [=====>........................] - ETA: 37s - loss: 0.2908 - accuracy: 0.8943
 326/1563 [=====>........................] - ETA: 37s - loss: 0.2905 - accuracy: 0.8943
 328/1563 [=====>........................] - ETA: 37s - loss: 0.2898 - accuracy: 0.8945
 330/1563 [=====>........................] - ETA: 37s - loss: 0.2891 - accuracy: 0.8948
 332/1563 [=====>........................] - ETA: 37s - loss: 0.2901 - accuracy: 0.8943
 334/1563 [=====>........................] - ETA: 37s - loss: 0.2911 - accuracy: 0.8940
 336/1563 [=====>........................] - ETA: 37s - loss: 0.2914 - accuracy: 0.8941
 338/1563 [=====>........................] - ETA: 37s - loss: 0.2921 - accuracy: 0.8941
 341/1563 [=====>........................] - ETA: 37s - loss: 0.2930 - accuracy: 0.8942
 344/1563 [=====>........................] - ETA: 37s - loss: 0.2923 - accuracy: 0.8945
 346/1563 [=====>........................] - ETA: 36s - loss: 0.2917 - accuracy: 0.8948
 349/1563 [=====>........................] - ETA: 36s - loss: 0.2931 - accuracy: 0.8946
 351/1563 [=====>........................] - ETA: 36s - loss: 0.2934 - accuracy: 0.8947
 353/1563 [=====>........................] - ETA: 36s - loss: 0.2937 - accuracy: 0.8945
 355/1563 [=====>........................] - ETA: 36s - loss: 0.2933 - accuracy: 0.8945
 358/1563 [=====>........................] - ETA: 36s - loss: 0.2930 - accuracy: 0.8948
 360/1563 [=====>........................] - ETA: 36s - loss: 0.2926 - accuracy: 0.8950
 362/1563 [=====>........................] - ETA: 36s - loss: 0.2929 - accuracy: 0.8949
 364/1563 [=====>........................] - ETA: 36s - loss: 0.2937 - accuracy: 0.8946
 366/1563 [======>.......................] - ETA: 36s - loss: 0.2933 - accuracy: 0.8946
 369/1563 [======>.......................] - ETA: 36s - loss: 0.2938 - accuracy: 0.8946
 371/1563 [======>.......................] - ETA: 36s - loss: 0.2942 - accuracy: 0.8946
 374/1563 [======>.......................] - ETA: 36s - loss: 0.2940 - accuracy: 0.8946
 376/1563 [======>.......................] - ETA: 36s - loss: 0.2939 - accuracy: 0.8949
 377/1563 [======>.......................] - ETA: 36s - loss: 0.2937 - accuracy: 0.8950
 379/1563 [======>.......................] - ETA: 36s - loss: 0.2940 - accuracy: 0.8949
 382/1563 [======>.......................] - ETA: 35s - loss: 0.2937 - accuracy: 0.8950
 384/1563 [======>.......................] - ETA: 35s - loss: 0.2952 - accuracy: 0.8948
 386/1563 [======>.......................] - ETA: 35s - loss: 0.2952 - accuracy: 0.8944
 388/1563 [======>.......................] - ETA: 35s - loss: 0.2948 - accuracy: 0.8946
 391/1563 [======>.......................] - ETA: 35s - loss: 0.2950 - accuracy: 0.8946
 393/1563 [======>.......................] - ETA: 35s - loss: 0.2950 - accuracy: 0.8947
 395/1563 [======>.......................] - ETA: 35s - loss: 0.2964 - accuracy: 0.8944
 398/1563 [======>.......................] - ETA: 35s - loss: 0.2965 - accuracy: 0.8942
 401/1563 [======>.......................] - ETA: 35s - loss: 0.2965 - accuracy: 0.8943
 404/1563 [======>.......................] - ETA: 35s - loss: 0.2973 - accuracy: 0.8939
 406/1563 [======>.......................] - ETA: 35s - loss: 0.2969 - accuracy: 0.8941
 408/1563 [======>.......................] - ETA: 35s - loss: 0.2980 - accuracy: 0.8938
 411/1563 [======>.......................] - ETA: 34s - loss: 0.2984 - accuracy: 0.8937
 413/1563 [======>.......................] - ETA: 34s - loss: 0.2990 - accuracy: 0.8936
 416/1563 [======>.......................] - ETA: 34s - loss: 0.2993 - accuracy: 0.8936
 418/1563 [=======>......................] - ETA: 34s - loss: 0.2990 - accuracy: 0.8935
 421/1563 [=======>......................] - ETA: 34s - loss: 0.2990 - accuracy: 0.8935
 423/1563 [=======>......................] - ETA: 34s - loss: 0.2994 - accuracy: 0.8934
 425/1563 [=======>......................] - ETA: 34s - loss: 0.2990 - accuracy: 0.8935
 427/1563 [=======>......................] - ETA: 34s - loss: 0.2987 - accuracy: 0.8937
 429/1563 [=======>......................] - ETA: 34s - loss: 0.2985 - accuracy: 0.8937
 432/1563 [=======>......................] - ETA: 34s - loss: 0.2991 - accuracy: 0.8937
 435/1563 [=======>......................] - ETA: 34s - loss: 0.2990 - accuracy: 0.8939
 437/1563 [=======>......................] - ETA: 34s - loss: 0.2987 - accuracy: 0.8940
 439/1563 [=======>......................] - ETA: 34s - loss: 0.2983 - accuracy: 0.8943
 442/1563 [=======>......................] - ETA: 33s - loss: 0.2982 - accuracy: 0.8942
 445/1563 [=======>......................] - ETA: 33s - loss: 0.2986 - accuracy: 0.8940
 447/1563 [=======>......................] - ETA: 33s - loss: 0.2983 - accuracy: 0.8942
 450/1563 [=======>......................] - ETA: 33s - loss: 0.2980 - accuracy: 0.8942
 452/1563 [=======>......................] - ETA: 33s - loss: 0.2975 - accuracy: 0.8942
 454/1563 [=======>......................] - ETA: 33s - loss: 0.2984 - accuracy: 0.8939
 457/1563 [=======>......................] - ETA: 33s - loss: 0.2986 - accuracy: 0.8937
 459/1563 [=======>......................] - ETA: 33s - loss: 0.2983 - accuracy: 0.8937
 461/1563 [=======>......................] - ETA: 33s - loss: 0.2989 - accuracy: 0.8934
 463/1563 [=======>......................] - ETA: 33s - loss: 0.2997 - accuracy: 0.8932
 465/1563 [=======>......................] - ETA: 33s - loss: 0.2999 - accuracy: 0.8931
 468/1563 [=======>......................] - ETA: 33s - loss: 0.3001 - accuracy: 0.8930
 470/1563 [========>.....................] - ETA: 33s - loss: 0.3003 - accuracy: 0.8930
 473/1563 [========>.....................] - ETA: 32s - loss: 0.3003 - accuracy: 0.8932
 475/1563 [========>.....................] - ETA: 32s - loss: 0.3000 - accuracy: 0.8934
 477/1563 [========>.....................] - ETA: 32s - loss: 0.3003 - accuracy: 0.8933
 479/1563 [========>.....................] - ETA: 32s - loss: 0.3002 - accuracy: 0.8933
 481/1563 [========>.....................] - ETA: 32s - loss: 0.3001 - accuracy: 0.8932
 482/1563 [========>.....................] - ETA: 32s - loss: 0.2998 - accuracy: 0.8933
 485/1563 [========>.....................] - ETA: 32s - loss: 0.3000 - accuracy: 0.8932
 487/1563 [========>.....................] - ETA: 32s - loss: 0.3000 - accuracy: 0.8932
 489/1563 [========>.....................] - ETA: 32s - loss: 0.3001 - accuracy: 0.8931
 491/1563 [========>.....................] - ETA: 32s - loss: 0.3004 - accuracy: 0.8930
 494/1563 [========>.....................] - ETA: 32s - loss: 0.3004 - accuracy: 0.8930
 497/1563 [========>.....................] - ETA: 32s - loss: 0.3007 - accuracy: 0.8930
 499/1563 [========>.....................] - ETA: 32s - loss: 0.3009 - accuracy: 0.8929
 501/1563 [========>.....................] - ETA: 32s - loss: 0.3009 - accuracy: 0.8928
 504/1563 [========>.....................] - ETA: 31s - loss: 0.3003 - accuracy: 0.8930
 506/1563 [========>.....................] - ETA: 31s - loss: 0.2998 - accuracy: 0.8932
 508/1563 [========>.....................] - ETA: 31s - loss: 0.3002 - accuracy: 0.8928
 510/1563 [========>.....................] - ETA: 31s - loss: 0.3007 - accuracy: 0.8926
 512/1563 [========>.....................] - ETA: 31s - loss: 0.3009 - accuracy: 0.8927
 514/1563 [========>.....................] - ETA: 31s - loss: 0.3011 - accuracy: 0.8926
 516/1563 [========>.....................] - ETA: 31s - loss: 0.3017 - accuracy: 0.8924
 519/1563 [========>.....................] - ETA: 31s - loss: 0.3022 - accuracy: 0.8922
 521/1563 [=========>....................] - ETA: 31s - loss: 0.3027 - accuracy: 0.8920
 523/1563 [=========>....................] - ETA: 31s - loss: 0.3030 - accuracy: 0.8918
 525/1563 [=========>....................] - ETA: 31s - loss: 0.3033 - accuracy: 0.8918
 528/1563 [=========>....................] - ETA: 31s - loss: 0.3034 - accuracy: 0.8919
 530/1563 [=========>....................] - ETA: 31s - loss: 0.3034 - accuracy: 0.8919
 532/1563 [=========>....................] - ETA: 31s - loss: 0.3032 - accuracy: 0.8921
 534/1563 [=========>....................] - ETA: 31s - loss: 0.3032 - accuracy: 0.8921
 537/1563 [=========>....................] - ETA: 30s - loss: 0.3036 - accuracy: 0.8922
 539/1563 [=========>....................] - ETA: 30s - loss: 0.3039 - accuracy: 0.8918
 541/1563 [=========>....................] - ETA: 30s - loss: 0.3040 - accuracy: 0.8917
 544/1563 [=========>....................] - ETA: 30s - loss: 0.3037 - accuracy: 0.8918
 546/1563 [=========>....................] - ETA: 30s - loss: 0.3039 - accuracy: 0.8918
 549/1563 [=========>....................] - ETA: 30s - loss: 0.3037 - accuracy: 0.8918
 551/1563 [=========>....................] - ETA: 30s - loss: 0.3038 - accuracy: 0.8918
 554/1563 [=========>....................] - ETA: 30s - loss: 0.3037 - accuracy: 0.8919
 557/1563 [=========>....................] - ETA: 30s - loss: 0.3043 - accuracy: 0.8918
 560/1563 [=========>....................] - ETA: 29s - loss: 0.3043 - accuracy: 0.8917
 562/1563 [=========>....................] - ETA: 29s - loss: 0.3044 - accuracy: 0.8916
 565/1563 [=========>....................] - ETA: 29s - loss: 0.3044 - accuracy: 0.8917
 567/1563 [=========>....................] - ETA: 29s - loss: 0.3045 - accuracy: 0.8918
 569/1563 [=========>....................] - ETA: 29s - loss: 0.3047 - accuracy: 0.8917
 572/1563 [=========>....................] - ETA: 29s - loss: 0.3043 - accuracy: 0.8920
 574/1563 [==========>...................] - ETA: 29s - loss: 0.3042 - accuracy: 0.8921
 577/1563 [==========>...................] - ETA: 29s - loss: 0.3041 - accuracy: 0.8922
 579/1563 [==========>...................] - ETA: 29s - loss: 0.3048 - accuracy: 0.8921
 581/1563 [==========>...................] - ETA: 29s - loss: 0.3053 - accuracy: 0.8921
 583/1563 [==========>...................] - ETA: 29s - loss: 0.3054 - accuracy: 0.8920
 585/1563 [==========>...................] - ETA: 29s - loss: 0.3058 - accuracy: 0.8920
 588/1563 [==========>...................] - ETA: 29s - loss: 0.3063 - accuracy: 0.8918
 590/1563 [==========>...................] - ETA: 29s - loss: 0.3064 - accuracy: 0.8917
 592/1563 [==========>...................] - ETA: 29s - loss: 0.3062 - accuracy: 0.8916
 594/1563 [==========>...................] - ETA: 28s - loss: 0.3063 - accuracy: 0.8917
 596/1563 [==========>...................] - ETA: 28s - loss: 0.3060 - accuracy: 0.8918
 598/1563 [==========>...................] - ETA: 28s - loss: 0.3073 - accuracy: 0.8914
 601/1563 [==========>...................] - ETA: 28s - loss: 0.3081 - accuracy: 0.8909
 604/1563 [==========>...................] - ETA: 28s - loss: 0.3078 - accuracy: 0.8909
 607/1563 [==========>...................] - ETA: 28s - loss: 0.3082 - accuracy: 0.8908
 610/1563 [==========>...................] - ETA: 28s - loss: 0.3083 - accuracy: 0.8908
 613/1563 [==========>...................] - ETA: 28s - loss: 0.3080 - accuracy: 0.8909
 616/1563 [==========>...................] - ETA: 28s - loss: 0.3092 - accuracy: 0.8905
 619/1563 [==========>...................] - ETA: 28s - loss: 0.3101 - accuracy: 0.8903
 621/1563 [==========>...................] - ETA: 28s - loss: 0.3099 - accuracy: 0.8902
 623/1563 [==========>...................] - ETA: 28s - loss: 0.3101 - accuracy: 0.8901
 626/1563 [===========>..................] - ETA: 27s - loss: 0.3104 - accuracy: 0.8900
 628/1563 [===========>..................] - ETA: 27s - loss: 0.3108 - accuracy: 0.8899
 630/1563 [===========>..................] - ETA: 27s - loss: 0.3112 - accuracy: 0.8899
 632/1563 [===========>..................] - ETA: 27s - loss: 0.3116 - accuracy: 0.8897
 635/1563 [===========>..................] - ETA: 27s - loss: 0.3112 - accuracy: 0.8899
 637/1563 [===========>..................] - ETA: 27s - loss: 0.3111 - accuracy: 0.8900
 639/1563 [===========>..................] - ETA: 27s - loss: 0.3113 - accuracy: 0.8899
 642/1563 [===========>..................] - ETA: 27s - loss: 0.3110 - accuracy: 0.8899
 644/1563 [===========>..................] - ETA: 27s - loss: 0.3106 - accuracy: 0.8900
 646/1563 [===========>..................] - ETA: 27s - loss: 0.3111 - accuracy: 0.8899
 649/1563 [===========>..................] - ETA: 27s - loss: 0.3112 - accuracy: 0.8898
 651/1563 [===========>..................] - ETA: 27s - loss: 0.3109 - accuracy: 0.8898
 653/1563 [===========>..................] - ETA: 27s - loss: 0.3111 - accuracy: 0.8897
 656/1563 [===========>..................] - ETA: 26s - loss: 0.3106 - accuracy: 0.8898
 659/1563 [===========>..................] - ETA: 26s - loss: 0.3106 - accuracy: 0.8897
 661/1563 [===========>..................] - ETA: 26s - loss: 0.3103 - accuracy: 0.8899
 664/1563 [===========>..................] - ETA: 26s - loss: 0.3103 - accuracy: 0.8898
 666/1563 [===========>..................] - ETA: 26s - loss: 0.3103 - accuracy: 0.8899
 668/1563 [===========>..................] - ETA: 26s - loss: 0.3103 - accuracy: 0.8898
 670/1563 [===========>..................] - ETA: 26s - loss: 0.3106 - accuracy: 0.8897
 673/1563 [===========>..................] - ETA: 26s - loss: 0.3105 - accuracy: 0.8899
 675/1563 [===========>..................] - ETA: 26s - loss: 0.3102 - accuracy: 0.8900
 678/1563 [============>.................] - ETA: 26s - loss: 0.3102 - accuracy: 0.8901
 681/1563 [============>.................] - ETA: 26s - loss: 0.3097 - accuracy: 0.8903
 684/1563 [============>.................] - ETA: 25s - loss: 0.3096 - accuracy: 0.8902
 687/1563 [============>.................] - ETA: 25s - loss: 0.3098 - accuracy: 0.8901
 690/1563 [============>.................] - ETA: 25s - loss: 0.3102 - accuracy: 0.8900
 692/1563 [============>.................] - ETA: 25s - loss: 0.3105 - accuracy: 0.8899
 695/1563 [============>.................] - ETA: 25s - loss: 0.3105 - accuracy: 0.8898
 698/1563 [============>.................] - ETA: 25s - loss: 0.3113 - accuracy: 0.8896
 700/1563 [============>.................] - ETA: 25s - loss: 0.3112 - accuracy: 0.8896
 703/1563 [============>.................] - ETA: 25s - loss: 0.3108 - accuracy: 0.8898
 706/1563 [============>.................] - ETA: 25s - loss: 0.3116 - accuracy: 0.8896
 708/1563 [============>.................] - ETA: 25s - loss: 0.3118 - accuracy: 0.8895
 709/1563 [============>.................] - ETA: 25s - loss: 0.3121 - accuracy: 0.8894
 711/1563 [============>.................] - ETA: 25s - loss: 0.3117 - accuracy: 0.8895
 713/1563 [============>.................] - ETA: 25s - loss: 0.3118 - accuracy: 0.8894
 715/1563 [============>.................] - ETA: 25s - loss: 0.3120 - accuracy: 0.8892
 717/1563 [============>.................] - ETA: 24s - loss: 0.3123 - accuracy: 0.8891
 720/1563 [============>.................] - ETA: 24s - loss: 0.3122 - accuracy: 0.8890
 723/1563 [============>.................] - ETA: 24s - loss: 0.3120 - accuracy: 0.8890
 725/1563 [============>.................] - ETA: 24s - loss: 0.3125 - accuracy: 0.8888
 727/1563 [============>.................] - ETA: 24s - loss: 0.3126 - accuracy: 0.8888
 729/1563 [============>.................] - ETA: 24s - loss: 0.3126 - accuracy: 0.8888
 732/1563 [=============>................] - ETA: 24s - loss: 0.3120 - accuracy: 0.8890
 734/1563 [=============>................] - ETA: 24s - loss: 0.3122 - accuracy: 0.8889
 736/1563 [=============>................] - ETA: 24s - loss: 0.3124 - accuracy: 0.8888
 739/1563 [=============>................] - ETA: 24s - loss: 0.3120 - accuracy: 0.8889
 742/1563 [=============>................] - ETA: 24s - loss: 0.3119 - accuracy: 0.8889
 744/1563 [=============>................] - ETA: 24s - loss: 0.3123 - accuracy: 0.8887
 746/1563 [=============>................] - ETA: 24s - loss: 0.3122 - accuracy: 0.8888
 748/1563 [=============>................] - ETA: 24s - loss: 0.3124 - accuracy: 0.8886
 750/1563 [=============>................] - ETA: 23s - loss: 0.3128 - accuracy: 0.8885
 752/1563 [=============>................] - ETA: 23s - loss: 0.3127 - accuracy: 0.8885
 755/1563 [=============>................] - ETA: 23s - loss: 0.3130 - accuracy: 0.8884
 757/1563 [=============>................] - ETA: 23s - loss: 0.3131 - accuracy: 0.8884
 760/1563 [=============>................] - ETA: 23s - loss: 0.3134 - accuracy: 0.8883
 763/1563 [=============>................] - ETA: 23s - loss: 0.3131 - accuracy: 0.8885
 765/1563 [=============>................] - ETA: 23s - loss: 0.3131 - accuracy: 0.8885
 767/1563 [=============>................] - ETA: 23s - loss: 0.3136 - accuracy: 0.8883
 770/1563 [=============>................] - ETA: 23s - loss: 0.3144 - accuracy: 0.8879
 772/1563 [=============>................] - ETA: 23s - loss: 0.3143 - accuracy: 0.8879
 775/1563 [=============>................] - ETA: 23s - loss: 0.3150 - accuracy: 0.8876
 777/1563 [=============>................] - ETA: 23s - loss: 0.3151 - accuracy: 0.8876
 779/1563 [=============>................] - ETA: 23s - loss: 0.3148 - accuracy: 0.8877
 782/1563 [==============>...............] - ETA: 22s - loss: 0.3151 - accuracy: 0.8877
 784/1563 [==============>...............] - ETA: 22s - loss: 0.3150 - accuracy: 0.8878
 787/1563 [==============>...............] - ETA: 22s - loss: 0.3150 - accuracy: 0.8878
 790/1563 [==============>...............] - ETA: 22s - loss: 0.3155 - accuracy: 0.8877
 792/1563 [==============>...............] - ETA: 22s - loss: 0.3152 - accuracy: 0.8878
 794/1563 [==============>...............] - ETA: 22s - loss: 0.3153 - accuracy: 0.8878
 797/1563 [==============>...............] - ETA: 22s - loss: 0.3158 - accuracy: 0.8877
 800/1563 [==============>...............] - ETA: 22s - loss: 0.3162 - accuracy: 0.8875
 802/1563 [==============>...............] - ETA: 22s - loss: 0.3166 - accuracy: 0.8873
 805/1563 [==============>...............] - ETA: 22s - loss: 0.3165 - accuracy: 0.8873
 807/1563 [==============>...............] - ETA: 22s - loss: 0.3167 - accuracy: 0.8873
 809/1563 [==============>...............] - ETA: 22s - loss: 0.3170 - accuracy: 0.8871
 811/1563 [==============>...............] - ETA: 22s - loss: 0.3168 - accuracy: 0.8871
 813/1563 [==============>...............] - ETA: 22s - loss: 0.3170 - accuracy: 0.8869
 815/1563 [==============>...............] - ETA: 22s - loss: 0.3172 - accuracy: 0.8869
 817/1563 [==============>...............] - ETA: 21s - loss: 0.3173 - accuracy: 0.8869
 819/1563 [==============>...............] - ETA: 21s - loss: 0.3176 - accuracy: 0.8869
 821/1563 [==============>...............] - ETA: 21s - loss: 0.3175 - accuracy: 0.8870
 823/1563 [==============>...............] - ETA: 21s - loss: 0.3177 - accuracy: 0.8868
 826/1563 [==============>...............] - ETA: 21s - loss: 0.3187 - accuracy: 0.8865
 828/1563 [==============>...............] - ETA: 21s - loss: 0.3190 - accuracy: 0.8863
 829/1563 [==============>...............] - ETA: 21s - loss: 0.3188 - accuracy: 0.8864
 831/1563 [==============>...............] - ETA: 21s - loss: 0.3190 - accuracy: 0.8864
 833/1563 [==============>...............] - ETA: 21s - loss: 0.3192 - accuracy: 0.8864
 835/1563 [===============>..............] - ETA: 21s - loss: 0.3191 - accuracy: 0.8863
 837/1563 [===============>..............] - ETA: 21s - loss: 0.3190 - accuracy: 0.8864
 839/1563 [===============>..............] - ETA: 21s - loss: 0.3194 - accuracy: 0.8863
 840/1563 [===============>..............] - ETA: 21s - loss: 0.3194 - accuracy: 0.8863
 842/1563 [===============>..............] - ETA: 21s - loss: 0.3196 - accuracy: 0.8862
 844/1563 [===============>..............] - ETA: 21s - loss: 0.3198 - accuracy: 0.8862
 847/1563 [===============>..............] - ETA: 21s - loss: 0.3198 - accuracy: 0.8861
 849/1563 [===============>..............] - ETA: 21s - loss: 0.3197 - accuracy: 0.8861
 851/1563 [===============>..............] - ETA: 21s - loss: 0.3197 - accuracy: 0.8861
 853/1563 [===============>..............] - ETA: 20s - loss: 0.3200 - accuracy: 0.8860
 856/1563 [===============>..............] - ETA: 20s - loss: 0.3198 - accuracy: 0.8861
 859/1563 [===============>..............] - ETA: 20s - loss: 0.3198 - accuracy: 0.8861
 862/1563 [===============>..............] - ETA: 20s - loss: 0.3198 - accuracy: 0.8861
 864/1563 [===============>..............] - ETA: 20s - loss: 0.3200 - accuracy: 0.8860
 866/1563 [===============>..............] - ETA: 20s - loss: 0.3200 - accuracy: 0.8860
 868/1563 [===============>..............] - ETA: 20s - loss: 0.3202 - accuracy: 0.8860
 871/1563 [===============>..............] - ETA: 20s - loss: 0.3200 - accuracy: 0.8861
 873/1563 [===============>..............] - ETA: 20s - loss: 0.3200 - accuracy: 0.8862
 875/1563 [===============>..............] - ETA: 20s - loss: 0.3200 - accuracy: 0.8862
 877/1563 [===============>..............] - ETA: 20s - loss: 0.3202 - accuracy: 0.8860
 879/1563 [===============>..............] - ETA: 20s - loss: 0.3202 - accuracy: 0.8860
 881/1563 [===============>..............] - ETA: 20s - loss: 0.3203 - accuracy: 0.8860
 884/1563 [===============>..............] - ETA: 20s - loss: 0.3203 - accuracy: 0.8859
 886/1563 [================>.............] - ETA: 19s - loss: 0.3206 - accuracy: 0.8858
 888/1563 [================>.............] - ETA: 19s - loss: 0.3206 - accuracy: 0.8858
 890/1563 [================>.............] - ETA: 19s - loss: 0.3205 - accuracy: 0.8858
 892/1563 [================>.............] - ETA: 19s - loss: 0.3203 - accuracy: 0.8858
 894/1563 [================>.............] - ETA: 19s - loss: 0.3204 - accuracy: 0.8858
 897/1563 [================>.............] - ETA: 19s - loss: 0.3201 - accuracy: 0.8860
 899/1563 [================>.............] - ETA: 19s - loss: 0.3201 - accuracy: 0.8860
 901/1563 [================>.............] - ETA: 19s - loss: 0.3202 - accuracy: 0.8858
 903/1563 [================>.............] - ETA: 19s - loss: 0.3203 - accuracy: 0.8858
 905/1563 [================>.............] - ETA: 19s - loss: 0.3205 - accuracy: 0.8857
 907/1563 [================>.............] - ETA: 19s - loss: 0.3207 - accuracy: 0.8857
 909/1563 [================>.............] - ETA: 19s - loss: 0.3208 - accuracy: 0.8856
 911/1563 [================>.............] - ETA: 19s - loss: 0.3211 - accuracy: 0.8854
 913/1563 [================>.............] - ETA: 19s - loss: 0.3209 - accuracy: 0.8855
 915/1563 [================>.............] - ETA: 19s - loss: 0.3207 - accuracy: 0.8856
 917/1563 [================>.............] - ETA: 19s - loss: 0.3213 - accuracy: 0.8854
 919/1563 [================>.............] - ETA: 19s - loss: 0.3213 - accuracy: 0.8855
 922/1563 [================>.............] - ETA: 19s - loss: 0.3216 - accuracy: 0.8854
 924/1563 [================>.............] - ETA: 18s - loss: 0.3218 - accuracy: 0.8853
 926/1563 [================>.............] - ETA: 18s - loss: 0.3216 - accuracy: 0.8854
 928/1563 [================>.............] - ETA: 18s - loss: 0.3218 - accuracy: 0.8853
 930/1563 [================>.............] - ETA: 18s - loss: 0.3222 - accuracy: 0.8851
 932/1563 [================>.............] - ETA: 18s - loss: 0.3224 - accuracy: 0.8850
 935/1563 [================>.............] - ETA: 18s - loss: 0.3224 - accuracy: 0.8850
 938/1563 [=================>............] - ETA: 18s - loss: 0.3222 - accuracy: 0.8851
 940/1563 [=================>............] - ETA: 18s - loss: 0.3225 - accuracy: 0.8849
 942/1563 [=================>............] - ETA: 18s - loss: 0.3223 - accuracy: 0.8849
 945/1563 [=================>............] - ETA: 18s - loss: 0.3220 - accuracy: 0.8851
 947/1563 [=================>............] - ETA: 18s - loss: 0.3221 - accuracy: 0.8850
 949/1563 [=================>............] - ETA: 18s - loss: 0.3221 - accuracy: 0.8850
 951/1563 [=================>............] - ETA: 18s - loss: 0.3218 - accuracy: 0.8851
 954/1563 [=================>............] - ETA: 18s - loss: 0.3216 - accuracy: 0.8852
 957/1563 [=================>............] - ETA: 17s - loss: 0.3212 - accuracy: 0.8853
 959/1563 [=================>............] - ETA: 17s - loss: 0.3211 - accuracy: 0.8853
 961/1563 [=================>............] - ETA: 17s - loss: 0.3213 - accuracy: 0.8853
 963/1563 [=================>............] - ETA: 17s - loss: 0.3213 - accuracy: 0.8852
 965/1563 [=================>............] - ETA: 17s - loss: 0.3218 - accuracy: 0.8851
 968/1563 [=================>............] - ETA: 17s - loss: 0.3222 - accuracy: 0.8850
 971/1563 [=================>............] - ETA: 17s - loss: 0.3224 - accuracy: 0.8848
 973/1563 [=================>............] - ETA: 17s - loss: 0.3225 - accuracy: 0.8848
 975/1563 [=================>............] - ETA: 17s - loss: 0.3225 - accuracy: 0.8848
 978/1563 [=================>............] - ETA: 17s - loss: 0.3226 - accuracy: 0.8846
 980/1563 [=================>............] - ETA: 17s - loss: 0.3232 - accuracy: 0.8845
 982/1563 [=================>............] - ETA: 17s - loss: 0.3234 - accuracy: 0.8844
 984/1563 [=================>............] - ETA: 17s - loss: 0.3235 - accuracy: 0.8843
 986/1563 [=================>............] - ETA: 17s - loss: 0.3239 - accuracy: 0.8843
 988/1563 [=================>............] - ETA: 17s - loss: 0.3236 - accuracy: 0.8844
 990/1563 [==================>...........] - ETA: 17s - loss: 0.3240 - accuracy: 0.8843
 992/1563 [==================>...........] - ETA: 16s - loss: 0.3240 - accuracy: 0.8843
 994/1563 [==================>...........] - ETA: 16s - loss: 0.3241 - accuracy: 0.8843
 996/1563 [==================>...........] - ETA: 16s - loss: 0.3243 - accuracy: 0.8842
 998/1563 [==================>...........] - ETA: 16s - loss: 0.3246 - accuracy: 0.8840
1000/1563 [==================>...........] - ETA: 16s - loss: 0.3248 - accuracy: 0.8839
1003/1563 [==================>...........] - ETA: 16s - loss: 0.3257 - accuracy: 0.8837
1005/1563 [==================>...........] - ETA: 16s - loss: 0.3258 - accuracy: 0.8837
1007/1563 [==================>...........] - ETA: 16s - loss: 0.3259 - accuracy: 0.8837
1010/1563 [==================>...........] - ETA: 16s - loss: 0.3262 - accuracy: 0.8836
1012/1563 [==================>...........] - ETA: 16s - loss: 0.3261 - accuracy: 0.8836
1014/1563 [==================>...........] - ETA: 16s - loss: 0.3265 - accuracy: 0.8835
1016/1563 [==================>...........] - ETA: 16s - loss: 0.3267 - accuracy: 0.8834
1018/1563 [==================>...........] - ETA: 16s - loss: 0.3268 - accuracy: 0.8834
1021/1563 [==================>...........] - ETA: 16s - loss: 0.3269 - accuracy: 0.8834
1023/1563 [==================>...........] - ETA: 16s - loss: 0.3269 - accuracy: 0.8834
1025/1563 [==================>...........] - ETA: 15s - loss: 0.3275 - accuracy: 0.8833
1027/1563 [==================>...........] - ETA: 15s - loss: 0.3275 - accuracy: 0.8832
1029/1563 [==================>...........] - ETA: 15s - loss: 0.3276 - accuracy: 0.8834
1031/1563 [==================>...........] - ETA: 15s - loss: 0.3273 - accuracy: 0.8835
1033/1563 [==================>...........] - ETA: 15s - loss: 0.3276 - accuracy: 0.8834
1035/1563 [==================>...........] - ETA: 15s - loss: 0.3277 - accuracy: 0.8834
1037/1563 [==================>...........] - ETA: 15s - loss: 0.3278 - accuracy: 0.8833
1039/1563 [==================>...........] - ETA: 15s - loss: 0.3280 - accuracy: 0.8833
1041/1563 [==================>...........] - ETA: 15s - loss: 0.3281 - accuracy: 0.8832
1044/1563 [===================>..........] - ETA: 15s - loss: 0.3280 - accuracy: 0.8833
1046/1563 [===================>..........] - ETA: 15s - loss: 0.3280 - accuracy: 0.8833
1049/1563 [===================>..........] - ETA: 15s - loss: 0.3281 - accuracy: 0.8834
1051/1563 [===================>..........] - ETA: 15s - loss: 0.3281 - accuracy: 0.8834
1053/1563 [===================>..........] - ETA: 15s - loss: 0.3282 - accuracy: 0.8833
1056/1563 [===================>..........] - ETA: 15s - loss: 0.3283 - accuracy: 0.8833
1059/1563 [===================>..........] - ETA: 15s - loss: 0.3283 - accuracy: 0.8833
1061/1563 [===================>..........] - ETA: 14s - loss: 0.3281 - accuracy: 0.8834
1064/1563 [===================>..........] - ETA: 14s - loss: 0.3284 - accuracy: 0.8833
1066/1563 [===================>..........] - ETA: 14s - loss: 0.3282 - accuracy: 0.8833
1068/1563 [===================>..........] - ETA: 14s - loss: 0.3286 - accuracy: 0.8832
1070/1563 [===================>..........] - ETA: 14s - loss: 0.3286 - accuracy: 0.8831
1072/1563 [===================>..........] - ETA: 14s - loss: 0.3293 - accuracy: 0.8829
1074/1563 [===================>..........] - ETA: 14s - loss: 0.3291 - accuracy: 0.8829
1076/1563 [===================>..........] - ETA: 14s - loss: 0.3291 - accuracy: 0.8829
1078/1563 [===================>..........] - ETA: 14s - loss: 0.3294 - accuracy: 0.8828
1080/1563 [===================>..........] - ETA: 14s - loss: 0.3293 - accuracy: 0.8829
1082/1563 [===================>..........] - ETA: 14s - loss: 0.3291 - accuracy: 0.8829
1084/1563 [===================>..........] - ETA: 14s - loss: 0.3293 - accuracy: 0.8828
1086/1563 [===================>..........] - ETA: 14s - loss: 0.3290 - accuracy: 0.8829
1089/1563 [===================>..........] - ETA: 14s - loss: 0.3296 - accuracy: 0.8826
1091/1563 [===================>..........] - ETA: 14s - loss: 0.3298 - accuracy: 0.8825
1092/1563 [===================>..........] - ETA: 14s - loss: 0.3296 - accuracy: 0.8826
1095/1563 [====================>.........] - ETA: 14s - loss: 0.3297 - accuracy: 0.8825
1097/1563 [====================>.........] - ETA: 13s - loss: 0.3300 - accuracy: 0.8824
1099/1563 [====================>.........] - ETA: 13s - loss: 0.3300 - accuracy: 0.8824
1101/1563 [====================>.........] - ETA: 13s - loss: 0.3303 - accuracy: 0.8822
1103/1563 [====================>.........] - ETA: 13s - loss: 0.3307 - accuracy: 0.8820
1105/1563 [====================>.........] - ETA: 13s - loss: 0.3309 - accuracy: 0.8819
1107/1563 [====================>.........] - ETA: 13s - loss: 0.3310 - accuracy: 0.8819
1110/1563 [====================>.........] - ETA: 13s - loss: 0.3312 - accuracy: 0.8818
1112/1563 [====================>.........] - ETA: 13s - loss: 0.3309 - accuracy: 0.8820
1114/1563 [====================>.........] - ETA: 13s - loss: 0.3308 - accuracy: 0.8820
1117/1563 [====================>.........] - ETA: 13s - loss: 0.3309 - accuracy: 0.8820
1119/1563 [====================>.........] - ETA: 13s - loss: 0.3309 - accuracy: 0.8820
1121/1563 [====================>.........] - ETA: 13s - loss: 0.3310 - accuracy: 0.8820
1123/1563 [====================>.........] - ETA: 13s - loss: 0.3310 - accuracy: 0.8820
1125/1563 [====================>.........] - ETA: 13s - loss: 0.3309 - accuracy: 0.8821
1127/1563 [====================>.........] - ETA: 13s - loss: 0.3308 - accuracy: 0.8820
1129/1563 [====================>.........] - ETA: 13s - loss: 0.3308 - accuracy: 0.8821
1131/1563 [====================>.........] - ETA: 12s - loss: 0.3308 - accuracy: 0.8821
1133/1563 [====================>.........] - ETA: 12s - loss: 0.3309 - accuracy: 0.8821
1135/1563 [====================>.........] - ETA: 12s - loss: 0.3312 - accuracy: 0.8819
1138/1563 [====================>.........] - ETA: 12s - loss: 0.3311 - accuracy: 0.8818
1141/1563 [====================>.........] - ETA: 12s - loss: 0.3316 - accuracy: 0.8817
1143/1563 [====================>.........] - ETA: 12s - loss: 0.3313 - accuracy: 0.8818
1145/1563 [====================>.........] - ETA: 12s - loss: 0.3312 - accuracy: 0.8818
1147/1563 [=====================>........] - ETA: 12s - loss: 0.3315 - accuracy: 0.8817
1149/1563 [=====================>........] - ETA: 12s - loss: 0.3317 - accuracy: 0.8816
1151/1563 [=====================>........] - ETA: 12s - loss: 0.3317 - accuracy: 0.8816
1153/1563 [=====================>........] - ETA: 12s - loss: 0.3317 - accuracy: 0.8815
1155/1563 [=====================>........] - ETA: 12s - loss: 0.3317 - accuracy: 0.8815
1157/1563 [=====================>........] - ETA: 12s - loss: 0.3320 - accuracy: 0.8814
1159/1563 [=====================>........] - ETA: 12s - loss: 0.3319 - accuracy: 0.8814
1161/1563 [=====================>........] - ETA: 12s - loss: 0.3320 - accuracy: 0.8815
1163/1563 [=====================>........] - ETA: 12s - loss: 0.3322 - accuracy: 0.8814
1165/1563 [=====================>........] - ETA: 12s - loss: 0.3326 - accuracy: 0.8813
1167/1563 [=====================>........] - ETA: 11s - loss: 0.3325 - accuracy: 0.8814
1169/1563 [=====================>........] - ETA: 11s - loss: 0.3326 - accuracy: 0.8814
1171/1563 [=====================>........] - ETA: 11s - loss: 0.3324 - accuracy: 0.8815
1174/1563 [=====================>........] - ETA: 11s - loss: 0.3324 - accuracy: 0.8815
1176/1563 [=====================>........] - ETA: 11s - loss: 0.3325 - accuracy: 0.8815
1178/1563 [=====================>........] - ETA: 11s - loss: 0.3326 - accuracy: 0.8814
1180/1563 [=====================>........] - ETA: 11s - loss: 0.3325 - accuracy: 0.8815
1182/1563 [=====================>........] - ETA: 11s - loss: 0.3326 - accuracy: 0.8815
1185/1563 [=====================>........] - ETA: 11s - loss: 0.3324 - accuracy: 0.8816
1188/1563 [=====================>........] - ETA: 11s - loss: 0.3323 - accuracy: 0.8816
1191/1563 [=====================>........] - ETA: 11s - loss: 0.3326 - accuracy: 0.8816
1193/1563 [=====================>........] - ETA: 11s - loss: 0.3324 - accuracy: 0.8816
1195/1563 [=====================>........] - ETA: 11s - loss: 0.3321 - accuracy: 0.8818
1197/1563 [=====================>........] - ETA: 11s - loss: 0.3320 - accuracy: 0.8819
1199/1563 [======================>.......] - ETA: 10s - loss: 0.3321 - accuracy: 0.8819
1201/1563 [======================>.......] - ETA: 10s - loss: 0.3320 - accuracy: 0.8819
1204/1563 [======================>.......] - ETA: 10s - loss: 0.3319 - accuracy: 0.8819
1206/1563 [======================>.......] - ETA: 10s - loss: 0.3319 - accuracy: 0.8819
1208/1563 [======================>.......] - ETA: 10s - loss: 0.3322 - accuracy: 0.8819
1210/1563 [======================>.......] - ETA: 10s - loss: 0.3320 - accuracy: 0.8819
1212/1563 [======================>.......] - ETA: 10s - loss: 0.3323 - accuracy: 0.8818
1214/1563 [======================>.......] - ETA: 10s - loss: 0.3323 - accuracy: 0.8818
1216/1563 [======================>.......] - ETA: 10s - loss: 0.3324 - accuracy: 0.8818
1218/1563 [======================>.......] - ETA: 10s - loss: 0.3325 - accuracy: 0.8819
1220/1563 [======================>.......] - ETA: 10s - loss: 0.3326 - accuracy: 0.8818
1222/1563 [======================>.......] - ETA: 10s - loss: 0.3326 - accuracy: 0.8818
1225/1563 [======================>.......] - ETA: 10s - loss: 0.3326 - accuracy: 0.8818
1227/1563 [======================>.......] - ETA: 10s - loss: 0.3327 - accuracy: 0.8817
1229/1563 [======================>.......] - ETA: 10s - loss: 0.3325 - accuracy: 0.8818
1231/1563 [======================>.......] - ETA: 10s - loss: 0.3325 - accuracy: 0.8818
1233/1563 [======================>.......] - ETA: 9s - loss: 0.3327 - accuracy: 0.8817 
1235/1563 [======================>.......] - ETA: 9s - loss: 0.3326 - accuracy: 0.8817
1237/1563 [======================>.......] - ETA: 9s - loss: 0.3324 - accuracy: 0.8817
1240/1563 [======================>.......] - ETA: 9s - loss: 0.3328 - accuracy: 0.8817
1242/1563 [======================>.......] - ETA: 9s - loss: 0.3326 - accuracy: 0.8817
1245/1563 [======================>.......] - ETA: 9s - loss: 0.3328 - accuracy: 0.8817
1247/1563 [======================>.......] - ETA: 9s - loss: 0.3327 - accuracy: 0.8816
1249/1563 [======================>.......] - ETA: 9s - loss: 0.3326 - accuracy: 0.8817
1251/1563 [=======================>......] - ETA: 9s - loss: 0.3327 - accuracy: 0.8816
1254/1563 [=======================>......] - ETA: 9s - loss: 0.3327 - accuracy: 0.8816
1256/1563 [=======================>......] - ETA: 9s - loss: 0.3325 - accuracy: 0.8817
1258/1563 [=======================>......] - ETA: 9s - loss: 0.3324 - accuracy: 0.8816
1260/1563 [=======================>......] - ETA: 9s - loss: 0.3325 - accuracy: 0.8816
1262/1563 [=======================>......] - ETA: 9s - loss: 0.3323 - accuracy: 0.8817
1265/1563 [=======================>......] - ETA: 9s - loss: 0.3329 - accuracy: 0.8815
1268/1563 [=======================>......] - ETA: 8s - loss: 0.3330 - accuracy: 0.8814
1270/1563 [=======================>......] - ETA: 8s - loss: 0.3329 - accuracy: 0.8814
1271/1563 [=======================>......] - ETA: 8s - loss: 0.3331 - accuracy: 0.8813
1274/1563 [=======================>......] - ETA: 8s - loss: 0.3331 - accuracy: 0.8813
1276/1563 [=======================>......] - ETA: 8s - loss: 0.3331 - accuracy: 0.8813
1278/1563 [=======================>......] - ETA: 8s - loss: 0.3333 - accuracy: 0.8813
1280/1563 [=======================>......] - ETA: 8s - loss: 0.3332 - accuracy: 0.8813
1282/1563 [=======================>......] - ETA: 8s - loss: 0.3334 - accuracy: 0.8813
1284/1563 [=======================>......] - ETA: 8s - loss: 0.3334 - accuracy: 0.8813
1286/1563 [=======================>......] - ETA: 8s - loss: 0.3338 - accuracy: 0.8811
1288/1563 [=======================>......] - ETA: 8s - loss: 0.3340 - accuracy: 0.8810
1290/1563 [=======================>......] - ETA: 8s - loss: 0.3340 - accuracy: 0.8811
1293/1563 [=======================>......] - ETA: 8s - loss: 0.3339 - accuracy: 0.8811
1295/1563 [=======================>......] - ETA: 8s - loss: 0.3339 - accuracy: 0.8811
1297/1563 [=======================>......] - ETA: 8s - loss: 0.3340 - accuracy: 0.8810
1299/1563 [=======================>......] - ETA: 7s - loss: 0.3340 - accuracy: 0.8809
1301/1563 [=======================>......] - ETA: 7s - loss: 0.3341 - accuracy: 0.8810
1303/1563 [========================>.....] - ETA: 7s - loss: 0.3343 - accuracy: 0.8809
1305/1563 [========================>.....] - ETA: 7s - loss: 0.3342 - accuracy: 0.8809
1307/1563 [========================>.....] - ETA: 7s - loss: 0.3343 - accuracy: 0.8809
1309/1563 [========================>.....] - ETA: 7s - loss: 0.3342 - accuracy: 0.8808
1312/1563 [========================>.....] - ETA: 7s - loss: 0.3341 - accuracy: 0.8809
1315/1563 [========================>.....] - ETA: 7s - loss: 0.3342 - accuracy: 0.8809
1318/1563 [========================>.....] - ETA: 7s - loss: 0.3342 - accuracy: 0.8810
1320/1563 [========================>.....] - ETA: 7s - loss: 0.3342 - accuracy: 0.8809
1323/1563 [========================>.....] - ETA: 7s - loss: 0.3341 - accuracy: 0.8810
1326/1563 [========================>.....] - ETA: 7s - loss: 0.3342 - accuracy: 0.8810
1328/1563 [========================>.....] - ETA: 7s - loss: 0.3344 - accuracy: 0.8810
1330/1563 [========================>.....] - ETA: 7s - loss: 0.3346 - accuracy: 0.8809
1333/1563 [========================>.....] - ETA: 6s - loss: 0.3346 - accuracy: 0.8809
1336/1563 [========================>.....] - ETA: 6s - loss: 0.3351 - accuracy: 0.8806
1339/1563 [========================>.....] - ETA: 6s - loss: 0.3356 - accuracy: 0.8806
1342/1563 [========================>.....] - ETA: 6s - loss: 0.3358 - accuracy: 0.8805
1344/1563 [========================>.....] - ETA: 6s - loss: 0.3357 - accuracy: 0.8805
1346/1563 [========================>.....] - ETA: 6s - loss: 0.3360 - accuracy: 0.8805
1349/1563 [========================>.....] - ETA: 6s - loss: 0.3359 - accuracy: 0.8804
1351/1563 [========================>.....] - ETA: 6s - loss: 0.3362 - accuracy: 0.8804
1353/1563 [========================>.....] - ETA: 6s - loss: 0.3360 - accuracy: 0.8805
1356/1563 [=========================>....] - ETA: 6s - loss: 0.3362 - accuracy: 0.8804
1358/1563 [=========================>....] - ETA: 6s - loss: 0.3362 - accuracy: 0.8804
1360/1563 [=========================>....] - ETA: 6s - loss: 0.3362 - accuracy: 0.8803
1362/1563 [=========================>....] - ETA: 6s - loss: 0.3364 - accuracy: 0.8803
1365/1563 [=========================>....] - ETA: 5s - loss: 0.3364 - accuracy: 0.8803
1368/1563 [=========================>....] - ETA: 5s - loss: 0.3362 - accuracy: 0.8804
1370/1563 [=========================>....] - ETA: 5s - loss: 0.3364 - accuracy: 0.8803
1372/1563 [=========================>....] - ETA: 5s - loss: 0.3363 - accuracy: 0.8803
1374/1563 [=========================>....] - ETA: 5s - loss: 0.3363 - accuracy: 0.8803
1376/1563 [=========================>....] - ETA: 5s - loss: 0.3363 - accuracy: 0.8803
1378/1563 [=========================>....] - ETA: 5s - loss: 0.3362 - accuracy: 0.8803
1380/1563 [=========================>....] - ETA: 5s - loss: 0.3365 - accuracy: 0.8802
1382/1563 [=========================>....] - ETA: 5s - loss: 0.3367 - accuracy: 0.8801
1384/1563 [=========================>....] - ETA: 5s - loss: 0.3366 - accuracy: 0.8801
1386/1563 [=========================>....] - ETA: 5s - loss: 0.3369 - accuracy: 0.8800
1389/1563 [=========================>....] - ETA: 5s - loss: 0.3370 - accuracy: 0.8799
1392/1563 [=========================>....] - ETA: 5s - loss: 0.3368 - accuracy: 0.8800
1395/1563 [=========================>....] - ETA: 5s - loss: 0.3372 - accuracy: 0.8800
1397/1563 [=========================>....] - ETA: 5s - loss: 0.3370 - accuracy: 0.8801
1399/1563 [=========================>....] - ETA: 4s - loss: 0.3372 - accuracy: 0.8800
1402/1563 [=========================>....] - ETA: 4s - loss: 0.3376 - accuracy: 0.8799
1404/1563 [=========================>....] - ETA: 4s - loss: 0.3377 - accuracy: 0.8799
1406/1563 [=========================>....] - ETA: 4s - loss: 0.3376 - accuracy: 0.8800
1409/1563 [==========================>...] - ETA: 4s - loss: 0.3377 - accuracy: 0.8799
1411/1563 [==========================>...] - ETA: 4s - loss: 0.3376 - accuracy: 0.8799
1413/1563 [==========================>...] - ETA: 4s - loss: 0.3373 - accuracy: 0.8801
1415/1563 [==========================>...] - ETA: 4s - loss: 0.3372 - accuracy: 0.8801
1417/1563 [==========================>...] - ETA: 4s - loss: 0.3374 - accuracy: 0.8801
1420/1563 [==========================>...] - ETA: 4s - loss: 0.3374 - accuracy: 0.8801
1422/1563 [==========================>...] - ETA: 4s - loss: 0.3373 - accuracy: 0.8801
1424/1563 [==========================>...] - ETA: 4s - loss: 0.3372 - accuracy: 0.8801
1426/1563 [==========================>...] - ETA: 4s - loss: 0.3374 - accuracy: 0.8800
1428/1563 [==========================>...] - ETA: 4s - loss: 0.3373 - accuracy: 0.8801
1430/1563 [==========================>...] - ETA: 4s - loss: 0.3373 - accuracy: 0.8801
1433/1563 [==========================>...] - ETA: 3s - loss: 0.3372 - accuracy: 0.8801
1436/1563 [==========================>...] - ETA: 3s - loss: 0.3370 - accuracy: 0.8802
1438/1563 [==========================>...] - ETA: 3s - loss: 0.3369 - accuracy: 0.8802
1440/1563 [==========================>...] - ETA: 3s - loss: 0.3369 - accuracy: 0.8802
1443/1563 [==========================>...] - ETA: 3s - loss: 0.3369 - accuracy: 0.8802
1445/1563 [==========================>...] - ETA: 3s - loss: 0.3371 - accuracy: 0.8802
1447/1563 [==========================>...] - ETA: 3s - loss: 0.3375 - accuracy: 0.8801
1449/1563 [==========================>...] - ETA: 3s - loss: 0.3377 - accuracy: 0.8801
1451/1563 [==========================>...] - ETA: 3s - loss: 0.3376 - accuracy: 0.8801
1453/1563 [==========================>...] - ETA: 3s - loss: 0.3375 - accuracy: 0.8801
1455/1563 [==========================>...] - ETA: 3s - loss: 0.3377 - accuracy: 0.8801
1457/1563 [==========================>...] - ETA: 3s - loss: 0.3380 - accuracy: 0.8800
1459/1563 [===========================>..] - ETA: 3s - loss: 0.3379 - accuracy: 0.8801
1461/1563 [===========================>..] - ETA: 3s - loss: 0.3378 - accuracy: 0.8800
1463/1563 [===========================>..] - ETA: 3s - loss: 0.3378 - accuracy: 0.8800
1465/1563 [===========================>..] - ETA: 2s - loss: 0.3379 - accuracy: 0.8799
1467/1563 [===========================>..] - ETA: 2s - loss: 0.3381 - accuracy: 0.8799
1469/1563 [===========================>..] - ETA: 2s - loss: 0.3383 - accuracy: 0.8798
1472/1563 [===========================>..] - ETA: 2s - loss: 0.3383 - accuracy: 0.8798
1475/1563 [===========================>..] - ETA: 2s - loss: 0.3384 - accuracy: 0.8797
1477/1563 [===========================>..] - ETA: 2s - loss: 0.3385 - accuracy: 0.8797
1479/1563 [===========================>..] - ETA: 2s - loss: 0.3384 - accuracy: 0.8798
1481/1563 [===========================>..] - ETA: 2s - loss: 0.3383 - accuracy: 0.8799
1483/1563 [===========================>..] - ETA: 2s - loss: 0.3384 - accuracy: 0.8798
1485/1563 [===========================>..] - ETA: 2s - loss: 0.3385 - accuracy: 0.8797
1487/1563 [===========================>..] - ETA: 2s - loss: 0.3387 - accuracy: 0.8796
1489/1563 [===========================>..] - ETA: 2s - loss: 0.3387 - accuracy: 0.8796
1491/1563 [===========================>..] - ETA: 2s - loss: 0.3386 - accuracy: 0.8797
1493/1563 [===========================>..] - ETA: 2s - loss: 0.3387 - accuracy: 0.8797
1495/1563 [===========================>..] - ETA: 2s - loss: 0.3386 - accuracy: 0.8797
1497/1563 [===========================>..] - ETA: 1s - loss: 0.3387 - accuracy: 0.8797
1500/1563 [===========================>..] - ETA: 1s - loss: 0.3387 - accuracy: 0.8796
1502/1563 [===========================>..] - ETA: 1s - loss: 0.3387 - accuracy: 0.8796
1504/1563 [===========================>..] - ETA: 1s - loss: 0.3389 - accuracy: 0.8796
1507/1563 [===========================>..] - ETA: 1s - loss: 0.3389 - accuracy: 0.8796
1510/1563 [===========================>..] - ETA: 1s - loss: 0.3390 - accuracy: 0.8796
1512/1563 [============================>.] - ETA: 1s - loss: 0.3390 - accuracy: 0.8796
1514/1563 [============================>.] - ETA: 1s - loss: 0.3390 - accuracy: 0.8795
1516/1563 [============================>.] - ETA: 1s - loss: 0.3389 - accuracy: 0.8796
1519/1563 [============================>.] - ETA: 1s - loss: 0.3392 - accuracy: 0.8795
1521/1563 [============================>.] - ETA: 1s - loss: 0.3394 - accuracy: 0.8794
1524/1563 [============================>.] - ETA: 1s - loss: 0.3395 - accuracy: 0.8793
1526/1563 [============================>.] - ETA: 1s - loss: 0.3396 - accuracy: 0.8793
1528/1563 [============================>.] - ETA: 1s - loss: 0.3397 - accuracy: 0.8793
1531/1563 [============================>.] - ETA: 0s - loss: 0.3395 - accuracy: 0.8793
1533/1563 [============================>.] - ETA: 0s - loss: 0.3397 - accuracy: 0.8793
1535/1563 [============================>.] - ETA: 0s - loss: 0.3395 - accuracy: 0.8794
1538/1563 [============================>.] - ETA: 0s - loss: 0.3395 - accuracy: 0.8793
1540/1563 [============================>.] - ETA: 0s - loss: 0.3396 - accuracy: 0.8793
1542/1563 [============================>.] - ETA: 0s - loss: 0.3396 - accuracy: 0.8793
1545/1563 [============================>.] - ETA: 0s - loss: 0.3397 - accuracy: 0.8793
1548/1563 [============================>.] - ETA: 0s - loss: 0.3396 - accuracy: 0.8792
1550/1563 [============================>.] - ETA: 0s - loss: 0.3398 - accuracy: 0.8792
1552/1563 [============================>.] - ETA: 0s - loss: 0.3397 - accuracy: 0.8792
1554/1563 [============================>.] - ETA: 0s - loss: 0.3399 - accuracy: 0.8791
1556/1563 [============================>.] - ETA: 0s - loss: 0.3400 - accuracy: 0.8790
1558/1563 [============================>.] - ETA: 0s - loss: 0.3400 - accuracy: 0.8790
1560/1563 [============================>.] - ETA: 0s - loss: 0.3400 - accuracy: 0.8790
1562/1563 [============================>.] - ETA: 0s - loss: 0.3401 - accuracy: 0.8789
1563/1563 [==============================] - 52s 33ms/step - loss: 0.3401 - accuracy: 0.8789 - val_loss: 0.9310 - val_accuracy: 0.7398
Epoch 10/100

   1/1563 [..............................] - ETA: 48s - loss: 0.1672 - accuracy: 0.9688
   3/1563 [..............................] - ETA: 1:06 - loss: 0.1549 - accuracy: 0.9583
   5/1563 [..............................] - ETA: 57s - loss: 0.1911 - accuracy: 0.9563 
   8/1563 [..............................] - ETA: 48s - loss: 0.2102 - accuracy: 0.9414
  11/1563 [..............................] - ETA: 46s - loss: 0.2283 - accuracy: 0.9318
  13/1563 [..............................] - ETA: 47s - loss: 0.2190 - accuracy: 0.9327
  15/1563 [..............................] - ETA: 50s - loss: 0.2226 - accuracy: 0.9312
  17/1563 [..............................] - ETA: 51s - loss: 0.2407 - accuracy: 0.9265
  19/1563 [..............................] - ETA: 50s - loss: 0.2487 - accuracy: 0.9194
  22/1563 [..............................] - ETA: 49s - loss: 0.2510 - accuracy: 0.9190
  24/1563 [..............................] - ETA: 49s - loss: 0.2606 - accuracy: 0.9167
  27/1563 [..............................] - ETA: 47s - loss: 0.2717 - accuracy: 0.9120
  29/1563 [..............................] - ETA: 47s - loss: 0.2688 - accuracy: 0.9127
  31/1563 [..............................] - ETA: 47s - loss: 0.2753 - accuracy: 0.9123
  33/1563 [..............................] - ETA: 48s - loss: 0.2744 - accuracy: 0.9119
  35/1563 [..............................] - ETA: 48s - loss: 0.2766 - accuracy: 0.9116
  37/1563 [..............................] - ETA: 49s - loss: 0.2715 - accuracy: 0.9139
  39/1563 [..............................] - ETA: 49s - loss: 0.2708 - accuracy: 0.9135
  42/1563 [..............................] - ETA: 48s - loss: 0.2679 - accuracy: 0.9144
  45/1563 [..............................] - ETA: 47s - loss: 0.2606 - accuracy: 0.9174
  47/1563 [..............................] - ETA: 47s - loss: 0.2600 - accuracy: 0.9176
  49/1563 [..............................] - ETA: 47s - loss: 0.2566 - accuracy: 0.9171
  51/1563 [..............................] - ETA: 47s - loss: 0.2557 - accuracy: 0.9191
  53/1563 [>.............................] - ETA: 47s - loss: 0.2524 - accuracy: 0.9198
  55/1563 [>.............................] - ETA: 47s - loss: 0.2500 - accuracy: 0.9205
  57/1563 [>.............................] - ETA: 47s - loss: 0.2532 - accuracy: 0.9178
  59/1563 [>.............................] - ETA: 47s - loss: 0.2527 - accuracy: 0.9184
  61/1563 [>.............................] - ETA: 48s - loss: 0.2524 - accuracy: 0.9175
  63/1563 [>.............................] - ETA: 47s - loss: 0.2502 - accuracy: 0.9182
  65/1563 [>.............................] - ETA: 48s - loss: 0.2495 - accuracy: 0.9178
  67/1563 [>.............................] - ETA: 48s - loss: 0.2459 - accuracy: 0.9193
  69/1563 [>.............................] - ETA: 47s - loss: 0.2424 - accuracy: 0.9203
  72/1563 [>.............................] - ETA: 46s - loss: 0.2420 - accuracy: 0.9184
  74/1563 [>.............................] - ETA: 46s - loss: 0.2407 - accuracy: 0.9193
  77/1563 [>.............................] - ETA: 46s - loss: 0.2399 - accuracy: 0.9188
  79/1563 [>.............................] - ETA: 46s - loss: 0.2382 - accuracy: 0.9201
  81/1563 [>.............................] - ETA: 46s - loss: 0.2444 - accuracy: 0.9186
  83/1563 [>.............................] - ETA: 47s - loss: 0.2434 - accuracy: 0.9183
  85/1563 [>.............................] - ETA: 46s - loss: 0.2432 - accuracy: 0.9180
  88/1563 [>.............................] - ETA: 46s - loss: 0.2438 - accuracy: 0.9183
  90/1563 [>.............................] - ETA: 46s - loss: 0.2424 - accuracy: 0.9187
  92/1563 [>.............................] - ETA: 46s - loss: 0.2422 - accuracy: 0.9195
  95/1563 [>.............................] - ETA: 45s - loss: 0.2439 - accuracy: 0.9184
  97/1563 [>.............................] - ETA: 45s - loss: 0.2430 - accuracy: 0.9188
  99/1563 [>.............................] - ETA: 45s - loss: 0.2410 - accuracy: 0.9195
 101/1563 [>.............................] - ETA: 45s - loss: 0.2425 - accuracy: 0.9189
 103/1563 [>.............................] - ETA: 45s - loss: 0.2435 - accuracy: 0.9178
 105/1563 [=>............................] - ETA: 45s - loss: 0.2438 - accuracy: 0.9170
 107/1563 [=>............................] - ETA: 45s - loss: 0.2427 - accuracy: 0.9171
 110/1563 [=>............................] - ETA: 44s - loss: 0.2407 - accuracy: 0.9176
 113/1563 [=>............................] - ETA: 44s - loss: 0.2390 - accuracy: 0.9184
 116/1563 [=>............................] - ETA: 44s - loss: 0.2357 - accuracy: 0.9197
 118/1563 [=>............................] - ETA: 44s - loss: 0.2363 - accuracy: 0.9195
 120/1563 [=>............................] - ETA: 44s - loss: 0.2377 - accuracy: 0.9193
 122/1563 [=>............................] - ETA: 44s - loss: 0.2361 - accuracy: 0.9198
 124/1563 [=>............................] - ETA: 44s - loss: 0.2357 - accuracy: 0.9196
 126/1563 [=>............................] - ETA: 44s - loss: 0.2369 - accuracy: 0.9194
 128/1563 [=>............................] - ETA: 44s - loss: 0.2363 - accuracy: 0.9192
 130/1563 [=>............................] - ETA: 44s - loss: 0.2372 - accuracy: 0.9187
 132/1563 [=>............................] - ETA: 44s - loss: 0.2362 - accuracy: 0.9195
 134/1563 [=>............................] - ETA: 44s - loss: 0.2366 - accuracy: 0.9195
 136/1563 [=>............................] - ETA: 44s - loss: 0.2364 - accuracy: 0.9193
 138/1563 [=>............................] - ETA: 44s - loss: 0.2357 - accuracy: 0.9192
 141/1563 [=>............................] - ETA: 44s - loss: 0.2368 - accuracy: 0.9182
 143/1563 [=>............................] - ETA: 44s - loss: 0.2378 - accuracy: 0.9183
 145/1563 [=>............................] - ETA: 44s - loss: 0.2396 - accuracy: 0.9179
 148/1563 [=>............................] - ETA: 44s - loss: 0.2409 - accuracy: 0.9170
 151/1563 [=>............................] - ETA: 43s - loss: 0.2412 - accuracy: 0.9168
 153/1563 [=>............................] - ETA: 43s - loss: 0.2412 - accuracy: 0.9169
 156/1563 [=>............................] - ETA: 43s - loss: 0.2398 - accuracy: 0.9175
 159/1563 [==>...........................] - ETA: 43s - loss: 0.2382 - accuracy: 0.9180
 162/1563 [==>...........................] - ETA: 43s - loss: 0.2368 - accuracy: 0.9182
 164/1563 [==>...........................] - ETA: 42s - loss: 0.2355 - accuracy: 0.9188
 167/1563 [==>...........................] - ETA: 42s - loss: 0.2353 - accuracy: 0.9193
 170/1563 [==>...........................] - ETA: 42s - loss: 0.2357 - accuracy: 0.9195
 172/1563 [==>...........................] - ETA: 42s - loss: 0.2361 - accuracy: 0.9193
 175/1563 [==>...........................] - ETA: 41s - loss: 0.2353 - accuracy: 0.9196
 177/1563 [==>...........................] - ETA: 41s - loss: 0.2342 - accuracy: 0.9200
 179/1563 [==>...........................] - ETA: 41s - loss: 0.2353 - accuracy: 0.9199
 181/1563 [==>...........................] - ETA: 41s - loss: 0.2363 - accuracy: 0.9195
 183/1563 [==>...........................] - ETA: 41s - loss: 0.2360 - accuracy: 0.9196
 185/1563 [==>...........................] - ETA: 41s - loss: 0.2355 - accuracy: 0.9196
 188/1563 [==>...........................] - ETA: 41s - loss: 0.2364 - accuracy: 0.9194
 190/1563 [==>...........................] - ETA: 41s - loss: 0.2358 - accuracy: 0.9199
 193/1563 [==>...........................] - ETA: 41s - loss: 0.2359 - accuracy: 0.9199
 195/1563 [==>...........................] - ETA: 41s - loss: 0.2363 - accuracy: 0.9199
 198/1563 [==>...........................] - ETA: 41s - loss: 0.2359 - accuracy: 0.9198
 200/1563 [==>...........................] - ETA: 41s - loss: 0.2345 - accuracy: 0.9202
 202/1563 [==>...........................] - ETA: 41s - loss: 0.2346 - accuracy: 0.9197
 205/1563 [==>...........................] - ETA: 41s - loss: 0.2377 - accuracy: 0.9187
 207/1563 [==>...........................] - ETA: 41s - loss: 0.2382 - accuracy: 0.9186
 209/1563 [===>..........................] - ETA: 41s - loss: 0.2378 - accuracy: 0.9185
 211/1563 [===>..........................] - ETA: 41s - loss: 0.2391 - accuracy: 0.9178
 214/1563 [===>..........................] - ETA: 40s - loss: 0.2397 - accuracy: 0.9179
 216/1563 [===>..........................] - ETA: 40s - loss: 0.2409 - accuracy: 0.9180
 218/1563 [===>..........................] - ETA: 40s - loss: 0.2407 - accuracy: 0.9180
 220/1563 [===>..........................] - ETA: 40s - loss: 0.2402 - accuracy: 0.9183
 222/1563 [===>..........................] - ETA: 40s - loss: 0.2421 - accuracy: 0.9177
 224/1563 [===>..........................] - ETA: 40s - loss: 0.2412 - accuracy: 0.9180
 227/1563 [===>..........................] - ETA: 40s - loss: 0.2422 - accuracy: 0.9177
 229/1563 [===>..........................] - ETA: 40s - loss: 0.2420 - accuracy: 0.9177
 232/1563 [===>..........................] - ETA: 40s - loss: 0.2436 - accuracy: 0.9174
 234/1563 [===>..........................] - ETA: 40s - loss: 0.2445 - accuracy: 0.9171
 236/1563 [===>..........................] - ETA: 40s - loss: 0.2456 - accuracy: 0.9167
 238/1563 [===>..........................] - ETA: 40s - loss: 0.2456 - accuracy: 0.9166
 241/1563 [===>..........................] - ETA: 40s - loss: 0.2451 - accuracy: 0.9169
 243/1563 [===>..........................] - ETA: 40s - loss: 0.2454 - accuracy: 0.9165
 245/1563 [===>..........................] - ETA: 40s - loss: 0.2448 - accuracy: 0.9166
 247/1563 [===>..........................] - ETA: 40s - loss: 0.2439 - accuracy: 0.9170
 250/1563 [===>..........................] - ETA: 39s - loss: 0.2431 - accuracy: 0.9172
 252/1563 [===>..........................] - ETA: 39s - loss: 0.2430 - accuracy: 0.9170
 254/1563 [===>..........................] - ETA: 39s - loss: 0.2418 - accuracy: 0.9174
 256/1563 [===>..........................] - ETA: 39s - loss: 0.2418 - accuracy: 0.9174
 259/1563 [===>..........................] - ETA: 39s - loss: 0.2417 - accuracy: 0.9171
 261/1563 [====>.........................] - ETA: 39s - loss: 0.2414 - accuracy: 0.9173
 264/1563 [====>.........................] - ETA: 39s - loss: 0.2417 - accuracy: 0.9168
 267/1563 [====>.........................] - ETA: 39s - loss: 0.2406 - accuracy: 0.9173
 269/1563 [====>.........................] - ETA: 39s - loss: 0.2408 - accuracy: 0.9173
 272/1563 [====>.........................] - ETA: 38s - loss: 0.2407 - accuracy: 0.9173
 275/1563 [====>.........................] - ETA: 38s - loss: 0.2406 - accuracy: 0.9173
 277/1563 [====>.........................] - ETA: 38s - loss: 0.2422 - accuracy: 0.9165
 280/1563 [====>.........................] - ETA: 38s - loss: 0.2425 - accuracy: 0.9164
 282/1563 [====>.........................] - ETA: 38s - loss: 0.2420 - accuracy: 0.9167
 284/1563 [====>.........................] - ETA: 38s - loss: 0.2427 - accuracy: 0.9160
 286/1563 [====>.........................] - ETA: 38s - loss: 0.2451 - accuracy: 0.9154
 288/1563 [====>.........................] - ETA: 38s - loss: 0.2441 - accuracy: 0.9157
 290/1563 [====>.........................] - ETA: 38s - loss: 0.2434 - accuracy: 0.9159
 292/1563 [====>.........................] - ETA: 38s - loss: 0.2435 - accuracy: 0.9160
 294/1563 [====>.........................] - ETA: 38s - loss: 0.2433 - accuracy: 0.9161
 296/1563 [====>.........................] - ETA: 38s - loss: 0.2440 - accuracy: 0.9159
 298/1563 [====>.........................] - ETA: 38s - loss: 0.2447 - accuracy: 0.9160
 300/1563 [====>.........................] - ETA: 38s - loss: 0.2447 - accuracy: 0.9159
 302/1563 [====>.........................] - ETA: 38s - loss: 0.2443 - accuracy: 0.9161
 304/1563 [====>.........................] - ETA: 38s - loss: 0.2448 - accuracy: 0.9157
 307/1563 [====>.........................] - ETA: 37s - loss: 0.2460 - accuracy: 0.9151
 309/1563 [====>.........................] - ETA: 37s - loss: 0.2467 - accuracy: 0.9151
 311/1563 [====>.........................] - ETA: 37s - loss: 0.2468 - accuracy: 0.9151
 314/1563 [=====>........................] - ETA: 37s - loss: 0.2465 - accuracy: 0.9154
 316/1563 [=====>........................] - ETA: 37s - loss: 0.2473 - accuracy: 0.9151
 318/1563 [=====>........................] - ETA: 37s - loss: 0.2476 - accuracy: 0.9149
 320/1563 [=====>........................] - ETA: 37s - loss: 0.2476 - accuracy: 0.9149
 323/1563 [=====>........................] - ETA: 37s - loss: 0.2476 - accuracy: 0.9149
 325/1563 [=====>........................] - ETA: 37s - loss: 0.2481 - accuracy: 0.9147
 327/1563 [=====>........................] - ETA: 37s - loss: 0.2478 - accuracy: 0.9148
 329/1563 [=====>........................] - ETA: 37s - loss: 0.2472 - accuracy: 0.9150
 332/1563 [=====>........................] - ETA: 37s - loss: 0.2479 - accuracy: 0.9148
 334/1563 [=====>........................] - ETA: 37s - loss: 0.2479 - accuracy: 0.9150
 336/1563 [=====>........................] - ETA: 37s - loss: 0.2481 - accuracy: 0.9147
 338/1563 [=====>........................] - ETA: 37s - loss: 0.2484 - accuracy: 0.9147
 340/1563 [=====>........................] - ETA: 37s - loss: 0.2486 - accuracy: 0.9145
 343/1563 [=====>........................] - ETA: 36s - loss: 0.2486 - accuracy: 0.9143
 345/1563 [=====>........................] - ETA: 36s - loss: 0.2490 - accuracy: 0.9141
 347/1563 [=====>........................] - ETA: 36s - loss: 0.2491 - accuracy: 0.9139
 350/1563 [=====>........................] - ETA: 36s - loss: 0.2498 - accuracy: 0.9137
 352/1563 [=====>........................] - ETA: 36s - loss: 0.2500 - accuracy: 0.9135
 355/1563 [=====>........................] - ETA: 36s - loss: 0.2503 - accuracy: 0.9136
 358/1563 [=====>........................] - ETA: 36s - loss: 0.2505 - accuracy: 0.9131
 360/1563 [=====>........................] - ETA: 36s - loss: 0.2512 - accuracy: 0.9129
 362/1563 [=====>........................] - ETA: 36s - loss: 0.2512 - accuracy: 0.9127
 364/1563 [=====>........................] - ETA: 36s - loss: 0.2517 - accuracy: 0.9126
 366/1563 [======>.......................] - ETA: 36s - loss: 0.2524 - accuracy: 0.9123
 368/1563 [======>.......................] - ETA: 36s - loss: 0.2534 - accuracy: 0.9120
 370/1563 [======>.......................] - ETA: 36s - loss: 0.2532 - accuracy: 0.9122
 372/1563 [======>.......................] - ETA: 36s - loss: 0.2533 - accuracy: 0.9121
 374/1563 [======>.......................] - ETA: 36s - loss: 0.2530 - accuracy: 0.9124
 377/1563 [======>.......................] - ETA: 35s - loss: 0.2524 - accuracy: 0.9125
 379/1563 [======>.......................] - ETA: 35s - loss: 0.2528 - accuracy: 0.9123
 381/1563 [======>.......................] - ETA: 35s - loss: 0.2523 - accuracy: 0.9125
 383/1563 [======>.......................] - ETA: 35s - loss: 0.2528 - accuracy: 0.9122
 385/1563 [======>.......................] - ETA: 35s - loss: 0.2523 - accuracy: 0.9124
 388/1563 [======>.......................] - ETA: 35s - loss: 0.2520 - accuracy: 0.9126
 390/1563 [======>.......................] - ETA: 35s - loss: 0.2521 - accuracy: 0.9127
 393/1563 [======>.......................] - ETA: 35s - loss: 0.2520 - accuracy: 0.9127
 396/1563 [======>.......................] - ETA: 35s - loss: 0.2522 - accuracy: 0.9123
 398/1563 [======>.......................] - ETA: 35s - loss: 0.2519 - accuracy: 0.9125
 400/1563 [======>.......................] - ETA: 35s - loss: 0.2519 - accuracy: 0.9125
 402/1563 [======>.......................] - ETA: 34s - loss: 0.2525 - accuracy: 0.9122
 404/1563 [======>.......................] - ETA: 34s - loss: 0.2528 - accuracy: 0.9120
 406/1563 [======>.......................] - ETA: 34s - loss: 0.2527 - accuracy: 0.9120
 408/1563 [======>.......................] - ETA: 34s - loss: 0.2522 - accuracy: 0.9122
 410/1563 [======>.......................] - ETA: 34s - loss: 0.2526 - accuracy: 0.9121
 412/1563 [======>.......................] - ETA: 34s - loss: 0.2526 - accuracy: 0.9121
 414/1563 [======>.......................] - ETA: 34s - loss: 0.2522 - accuracy: 0.9123
 416/1563 [======>.......................] - ETA: 34s - loss: 0.2517 - accuracy: 0.9124
 418/1563 [=======>......................] - ETA: 34s - loss: 0.2515 - accuracy: 0.9126
 420/1563 [=======>......................] - ETA: 34s - loss: 0.2516 - accuracy: 0.9126
 422/1563 [=======>......................] - ETA: 34s - loss: 0.2519 - accuracy: 0.9123
 424/1563 [=======>......................] - ETA: 34s - loss: 0.2521 - accuracy: 0.9123
 427/1563 [=======>......................] - ETA: 34s - loss: 0.2518 - accuracy: 0.9122
 429/1563 [=======>......................] - ETA: 34s - loss: 0.2523 - accuracy: 0.9120
 431/1563 [=======>......................] - ETA: 34s - loss: 0.2520 - accuracy: 0.9121
 433/1563 [=======>......................] - ETA: 34s - loss: 0.2523 - accuracy: 0.9118
 435/1563 [=======>......................] - ETA: 34s - loss: 0.2523 - accuracy: 0.9116
 438/1563 [=======>......................] - ETA: 34s - loss: 0.2525 - accuracy: 0.9112
 441/1563 [=======>......................] - ETA: 34s - loss: 0.2526 - accuracy: 0.9111
 443/1563 [=======>......................] - ETA: 34s - loss: 0.2523 - accuracy: 0.9110
 446/1563 [=======>......................] - ETA: 33s - loss: 0.2527 - accuracy: 0.9110
 448/1563 [=======>......................] - ETA: 33s - loss: 0.2526 - accuracy: 0.9111
 450/1563 [=======>......................] - ETA: 33s - loss: 0.2522 - accuracy: 0.9110
 453/1563 [=======>......................] - ETA: 33s - loss: 0.2522 - accuracy: 0.9111
 456/1563 [=======>......................] - ETA: 33s - loss: 0.2529 - accuracy: 0.9108
 458/1563 [=======>......................] - ETA: 33s - loss: 0.2528 - accuracy: 0.9108
 460/1563 [=======>......................] - ETA: 33s - loss: 0.2530 - accuracy: 0.9106
 462/1563 [=======>......................] - ETA: 33s - loss: 0.2524 - accuracy: 0.9108
 464/1563 [=======>......................] - ETA: 33s - loss: 0.2528 - accuracy: 0.9108
 467/1563 [=======>......................] - ETA: 33s - loss: 0.2526 - accuracy: 0.9109
 469/1563 [========>.....................] - ETA: 33s - loss: 0.2527 - accuracy: 0.9108
 471/1563 [========>.....................] - ETA: 33s - loss: 0.2531 - accuracy: 0.9109
 473/1563 [========>.....................] - ETA: 33s - loss: 0.2530 - accuracy: 0.9109
 475/1563 [========>.....................] - ETA: 33s - loss: 0.2526 - accuracy: 0.9111
 477/1563 [========>.....................] - ETA: 33s - loss: 0.2531 - accuracy: 0.9108
 479/1563 [========>.....................] - ETA: 33s - loss: 0.2540 - accuracy: 0.9106
 481/1563 [========>.....................] - ETA: 32s - loss: 0.2542 - accuracy: 0.9106
 484/1563 [========>.....................] - ETA: 32s - loss: 0.2542 - accuracy: 0.9106
 486/1563 [========>.....................] - ETA: 32s - loss: 0.2554 - accuracy: 0.9103
 488/1563 [========>.....................] - ETA: 32s - loss: 0.2550 - accuracy: 0.9104
 491/1563 [========>.....................] - ETA: 32s - loss: 0.2551 - accuracy: 0.9105
 494/1563 [========>.....................] - ETA: 32s - loss: 0.2555 - accuracy: 0.9102
 496/1563 [========>.....................] - ETA: 32s - loss: 0.2555 - accuracy: 0.9102
 499/1563 [========>.....................] - ETA: 32s - loss: 0.2561 - accuracy: 0.9098
 502/1563 [========>.....................] - ETA: 32s - loss: 0.2567 - accuracy: 0.9095
 504/1563 [========>.....................] - ETA: 32s - loss: 0.2569 - accuracy: 0.9096
 506/1563 [========>.....................] - ETA: 32s - loss: 0.2576 - accuracy: 0.9095
 508/1563 [========>.....................] - ETA: 32s - loss: 0.2584 - accuracy: 0.9093
 511/1563 [========>.....................] - ETA: 31s - loss: 0.2584 - accuracy: 0.9092
 514/1563 [========>.....................] - ETA: 31s - loss: 0.2582 - accuracy: 0.9090
 516/1563 [========>.....................] - ETA: 31s - loss: 0.2579 - accuracy: 0.9092
 518/1563 [========>.....................] - ETA: 31s - loss: 0.2578 - accuracy: 0.9091
 520/1563 [========>.....................] - ETA: 31s - loss: 0.2582 - accuracy: 0.9088
 522/1563 [=========>....................] - ETA: 31s - loss: 0.2579 - accuracy: 0.9089
 525/1563 [=========>....................] - ETA: 31s - loss: 0.2577 - accuracy: 0.9090
 527/1563 [=========>....................] - ETA: 31s - loss: 0.2576 - accuracy: 0.9090
 530/1563 [=========>....................] - ETA: 31s - loss: 0.2580 - accuracy: 0.9088
 533/1563 [=========>....................] - ETA: 31s - loss: 0.2577 - accuracy: 0.9089
 535/1563 [=========>....................] - ETA: 31s - loss: 0.2582 - accuracy: 0.9087
 537/1563 [=========>....................] - ETA: 31s - loss: 0.2584 - accuracy: 0.9086
 539/1563 [=========>....................] - ETA: 31s - loss: 0.2594 - accuracy: 0.9082
 542/1563 [=========>....................] - ETA: 31s - loss: 0.2592 - accuracy: 0.9083
 545/1563 [=========>....................] - ETA: 30s - loss: 0.2597 - accuracy: 0.9083
 548/1563 [=========>....................] - ETA: 30s - loss: 0.2603 - accuracy: 0.9080
 550/1563 [=========>....................] - ETA: 30s - loss: 0.2607 - accuracy: 0.9080
 552/1563 [=========>....................] - ETA: 30s - loss: 0.2612 - accuracy: 0.9077
 554/1563 [=========>....................] - ETA: 30s - loss: 0.2611 - accuracy: 0.9078
 556/1563 [=========>....................] - ETA: 30s - loss: 0.2612 - accuracy: 0.9077
 558/1563 [=========>....................] - ETA: 30s - loss: 0.2613 - accuracy: 0.9078
 560/1563 [=========>....................] - ETA: 30s - loss: 0.2611 - accuracy: 0.9078
 562/1563 [=========>....................] - ETA: 30s - loss: 0.2612 - accuracy: 0.9078
 565/1563 [=========>....................] - ETA: 30s - loss: 0.2609 - accuracy: 0.9077
 567/1563 [=========>....................] - ETA: 30s - loss: 0.2611 - accuracy: 0.9075
 569/1563 [=========>....................] - ETA: 30s - loss: 0.2609 - accuracy: 0.9076
 571/1563 [=========>....................] - ETA: 30s - loss: 0.2612 - accuracy: 0.9076
 574/1563 [==========>...................] - ETA: 29s - loss: 0.2612 - accuracy: 0.9078
 576/1563 [==========>...................] - ETA: 29s - loss: 0.2615 - accuracy: 0.9077
 578/1563 [==========>...................] - ETA: 29s - loss: 0.2615 - accuracy: 0.9077
 581/1563 [==========>...................] - ETA: 29s - loss: 0.2613 - accuracy: 0.9078
 584/1563 [==========>...................] - ETA: 29s - loss: 0.2620 - accuracy: 0.9075
 587/1563 [==========>...................] - ETA: 29s - loss: 0.2626 - accuracy: 0.9074
 589/1563 [==========>...................] - ETA: 29s - loss: 0.2634 - accuracy: 0.9072
 591/1563 [==========>...................] - ETA: 29s - loss: 0.2635 - accuracy: 0.9072
 593/1563 [==========>...................] - ETA: 29s - loss: 0.2636 - accuracy: 0.9071
 595/1563 [==========>...................] - ETA: 29s - loss: 0.2636 - accuracy: 0.9071
 597/1563 [==========>...................] - ETA: 29s - loss: 0.2635 - accuracy: 0.9072
 600/1563 [==========>...................] - ETA: 29s - loss: 0.2637 - accuracy: 0.9071
 602/1563 [==========>...................] - ETA: 29s - loss: 0.2639 - accuracy: 0.9071
 604/1563 [==========>...................] - ETA: 28s - loss: 0.2635 - accuracy: 0.9073
 606/1563 [==========>...................] - ETA: 28s - loss: 0.2634 - accuracy: 0.9073
 609/1563 [==========>...................] - ETA: 28s - loss: 0.2631 - accuracy: 0.9073
 611/1563 [==========>...................] - ETA: 28s - loss: 0.2629 - accuracy: 0.9074
 613/1563 [==========>...................] - ETA: 28s - loss: 0.2630 - accuracy: 0.9072
 615/1563 [==========>...................] - ETA: 28s - loss: 0.2631 - accuracy: 0.9072
 617/1563 [==========>...................] - ETA: 28s - loss: 0.2629 - accuracy: 0.9073
 619/1563 [==========>...................] - ETA: 28s - loss: 0.2631 - accuracy: 0.9071
 621/1563 [==========>...................] - ETA: 28s - loss: 0.2629 - accuracy: 0.9072
 623/1563 [==========>...................] - ETA: 28s - loss: 0.2634 - accuracy: 0.9072
 625/1563 [==========>...................] - ETA: 28s - loss: 0.2633 - accuracy: 0.9072
 627/1563 [===========>..................] - ETA: 28s - loss: 0.2629 - accuracy: 0.9074
 629/1563 [===========>..................] - ETA: 28s - loss: 0.2626 - accuracy: 0.9075
 631/1563 [===========>..................] - ETA: 28s - loss: 0.2624 - accuracy: 0.9075
 633/1563 [===========>..................] - ETA: 28s - loss: 0.2626 - accuracy: 0.9074
 635/1563 [===========>..................] - ETA: 28s - loss: 0.2626 - accuracy: 0.9075
 637/1563 [===========>..................] - ETA: 28s - loss: 0.2628 - accuracy: 0.9074
 639/1563 [===========>..................] - ETA: 28s - loss: 0.2630 - accuracy: 0.9074
 642/1563 [===========>..................] - ETA: 28s - loss: 0.2638 - accuracy: 0.9072
 645/1563 [===========>..................] - ETA: 27s - loss: 0.2640 - accuracy: 0.9072
 648/1563 [===========>..................] - ETA: 27s - loss: 0.2643 - accuracy: 0.9072
 650/1563 [===========>..................] - ETA: 27s - loss: 0.2644 - accuracy: 0.9072
 652/1563 [===========>..................] - ETA: 27s - loss: 0.2646 - accuracy: 0.9071
 654/1563 [===========>..................] - ETA: 27s - loss: 0.2647 - accuracy: 0.9070
 657/1563 [===========>..................] - ETA: 27s - loss: 0.2648 - accuracy: 0.9068
 659/1563 [===========>..................] - ETA: 27s - loss: 0.2648 - accuracy: 0.9068
 661/1563 [===========>..................] - ETA: 27s - loss: 0.2647 - accuracy: 0.9068
 663/1563 [===========>..................] - ETA: 27s - loss: 0.2649 - accuracy: 0.9067
 665/1563 [===========>..................] - ETA: 27s - loss: 0.2655 - accuracy: 0.9065
 667/1563 [===========>..................] - ETA: 27s - loss: 0.2657 - accuracy: 0.9064
 669/1563 [===========>..................] - ETA: 27s - loss: 0.2658 - accuracy: 0.9065
 671/1563 [===========>..................] - ETA: 27s - loss: 0.2657 - accuracy: 0.9066
 673/1563 [===========>..................] - ETA: 27s - loss: 0.2658 - accuracy: 0.9067
 675/1563 [===========>..................] - ETA: 27s - loss: 0.2656 - accuracy: 0.9069
 677/1563 [===========>..................] - ETA: 26s - loss: 0.2654 - accuracy: 0.9068
 679/1563 [============>.................] - ETA: 26s - loss: 0.2661 - accuracy: 0.9066
 682/1563 [============>.................] - ETA: 26s - loss: 0.2659 - accuracy: 0.9068
 684/1563 [============>.................] - ETA: 26s - loss: 0.2658 - accuracy: 0.9067
 686/1563 [============>.................] - ETA: 26s - loss: 0.2661 - accuracy: 0.9065
 688/1563 [============>.................] - ETA: 26s - loss: 0.2664 - accuracy: 0.9065
 691/1563 [============>.................] - ETA: 26s - loss: 0.2667 - accuracy: 0.9062
 693/1563 [============>.................] - ETA: 26s - loss: 0.2667 - accuracy: 0.9062
 695/1563 [============>.................] - ETA: 26s - loss: 0.2668 - accuracy: 0.9062
 697/1563 [============>.................] - ETA: 26s - loss: 0.2670 - accuracy: 0.9062
 699/1563 [============>.................] - ETA: 26s - loss: 0.2667 - accuracy: 0.9062
 701/1563 [============>.................] - ETA: 26s - loss: 0.2666 - accuracy: 0.9063
 703/1563 [============>.................] - ETA: 26s - loss: 0.2665 - accuracy: 0.9064
 705/1563 [============>.................] - ETA: 26s - loss: 0.2665 - accuracy: 0.9063
 707/1563 [============>.................] - ETA: 26s - loss: 0.2664 - accuracy: 0.9062
 709/1563 [============>.................] - ETA: 26s - loss: 0.2673 - accuracy: 0.9060
 711/1563 [============>.................] - ETA: 26s - loss: 0.2671 - accuracy: 0.9062
 713/1563 [============>.................] - ETA: 25s - loss: 0.2674 - accuracy: 0.9060
 715/1563 [============>.................] - ETA: 25s - loss: 0.2674 - accuracy: 0.9059
 718/1563 [============>.................] - ETA: 25s - loss: 0.2679 - accuracy: 0.9056
 720/1563 [============>.................] - ETA: 25s - loss: 0.2680 - accuracy: 0.9055
 723/1563 [============>.................] - ETA: 25s - loss: 0.2681 - accuracy: 0.9055
 725/1563 [============>.................] - ETA: 25s - loss: 0.2689 - accuracy: 0.9053
 727/1563 [============>.................] - ETA: 25s - loss: 0.2693 - accuracy: 0.9051
 730/1563 [=============>................] - ETA: 25s - loss: 0.2707 - accuracy: 0.9048
 733/1563 [=============>................] - ETA: 25s - loss: 0.2711 - accuracy: 0.9047
 735/1563 [=============>................] - ETA: 25s - loss: 0.2712 - accuracy: 0.9047
 737/1563 [=============>................] - ETA: 25s - loss: 0.2711 - accuracy: 0.9047
 739/1563 [=============>................] - ETA: 25s - loss: 0.2712 - accuracy: 0.9046
 742/1563 [=============>................] - ETA: 24s - loss: 0.2709 - accuracy: 0.9047
 745/1563 [=============>................] - ETA: 24s - loss: 0.2711 - accuracy: 0.9046
 748/1563 [=============>................] - ETA: 24s - loss: 0.2711 - accuracy: 0.9045
 750/1563 [=============>................] - ETA: 24s - loss: 0.2715 - accuracy: 0.9044
 752/1563 [=============>................] - ETA: 24s - loss: 0.2717 - accuracy: 0.9043
 754/1563 [=============>................] - ETA: 24s - loss: 0.2719 - accuracy: 0.9042
 757/1563 [=============>................] - ETA: 24s - loss: 0.2720 - accuracy: 0.9041
 759/1563 [=============>................] - ETA: 24s - loss: 0.2719 - accuracy: 0.9041
 761/1563 [=============>................] - ETA: 24s - loss: 0.2721 - accuracy: 0.9040
 763/1563 [=============>................] - ETA: 24s - loss: 0.2720 - accuracy: 0.9041
 765/1563 [=============>................] - ETA: 24s - loss: 0.2718 - accuracy: 0.9042
 767/1563 [=============>................] - ETA: 24s - loss: 0.2717 - accuracy: 0.9043
 769/1563 [=============>................] - ETA: 24s - loss: 0.2715 - accuracy: 0.9043
 771/1563 [=============>................] - ETA: 24s - loss: 0.2714 - accuracy: 0.9043
 773/1563 [=============>................] - ETA: 24s - loss: 0.2711 - accuracy: 0.9044
 776/1563 [=============>................] - ETA: 23s - loss: 0.2713 - accuracy: 0.9043
 778/1563 [=============>................] - ETA: 23s - loss: 0.2710 - accuracy: 0.9044
 781/1563 [=============>................] - ETA: 23s - loss: 0.2713 - accuracy: 0.9044
 784/1563 [==============>...............] - ETA: 23s - loss: 0.2712 - accuracy: 0.9045
 787/1563 [==============>...............] - ETA: 23s - loss: 0.2714 - accuracy: 0.9044
 789/1563 [==============>...............] - ETA: 23s - loss: 0.2714 - accuracy: 0.9043
 791/1563 [==============>...............] - ETA: 23s - loss: 0.2717 - accuracy: 0.9041
 794/1563 [==============>...............] - ETA: 23s - loss: 0.2713 - accuracy: 0.9043
 796/1563 [==============>...............] - ETA: 23s - loss: 0.2719 - accuracy: 0.9040
 799/1563 [==============>...............] - ETA: 23s - loss: 0.2720 - accuracy: 0.9041
 801/1563 [==============>...............] - ETA: 23s - loss: 0.2719 - accuracy: 0.9041
 803/1563 [==============>...............] - ETA: 23s - loss: 0.2720 - accuracy: 0.9040
 805/1563 [==============>...............] - ETA: 23s - loss: 0.2718 - accuracy: 0.9040
 807/1563 [==============>...............] - ETA: 22s - loss: 0.2717 - accuracy: 0.9042
 809/1563 [==============>...............] - ETA: 22s - loss: 0.2718 - accuracy: 0.9041
 811/1563 [==============>...............] - ETA: 22s - loss: 0.2716 - accuracy: 0.9041
 813/1563 [==============>...............] - ETA: 22s - loss: 0.2715 - accuracy: 0.9042
 815/1563 [==============>...............] - ETA: 22s - loss: 0.2716 - accuracy: 0.9041
 817/1563 [==============>...............] - ETA: 22s - loss: 0.2717 - accuracy: 0.9041
 819/1563 [==============>...............] - ETA: 22s - loss: 0.2715 - accuracy: 0.9041
 821/1563 [==============>...............] - ETA: 22s - loss: 0.2715 - accuracy: 0.9041
 823/1563 [==============>...............] - ETA: 22s - loss: 0.2711 - accuracy: 0.9043
 825/1563 [==============>...............] - ETA: 22s - loss: 0.2709 - accuracy: 0.9044
 827/1563 [==============>...............] - ETA: 22s - loss: 0.2706 - accuracy: 0.9046
 829/1563 [==============>...............] - ETA: 22s - loss: 0.2707 - accuracy: 0.9046
 832/1563 [==============>...............] - ETA: 22s - loss: 0.2706 - accuracy: 0.9046
 834/1563 [===============>..............] - ETA: 22s - loss: 0.2710 - accuracy: 0.9044
 836/1563 [===============>..............] - ETA: 22s - loss: 0.2709 - accuracy: 0.9045
 838/1563 [===============>..............] - ETA: 22s - loss: 0.2708 - accuracy: 0.9045
 841/1563 [===============>..............] - ETA: 22s - loss: 0.2704 - accuracy: 0.9048
 843/1563 [===============>..............] - ETA: 21s - loss: 0.2703 - accuracy: 0.9048
 845/1563 [===============>..............] - ETA: 21s - loss: 0.2704 - accuracy: 0.9048
 847/1563 [===============>..............] - ETA: 21s - loss: 0.2707 - accuracy: 0.9047
 849/1563 [===============>..............] - ETA: 21s - loss: 0.2712 - accuracy: 0.9045
 851/1563 [===============>..............] - ETA: 21s - loss: 0.2714 - accuracy: 0.9045
 853/1563 [===============>..............] - ETA: 21s - loss: 0.2712 - accuracy: 0.9045
 855/1563 [===============>..............] - ETA: 21s - loss: 0.2711 - accuracy: 0.9045
 857/1563 [===============>..............] - ETA: 21s - loss: 0.2718 - accuracy: 0.9043
 859/1563 [===============>..............] - ETA: 21s - loss: 0.2719 - accuracy: 0.9044
 861/1563 [===============>..............] - ETA: 21s - loss: 0.2718 - accuracy: 0.9044
 863/1563 [===============>..............] - ETA: 21s - loss: 0.2719 - accuracy: 0.9044
 865/1563 [===============>..............] - ETA: 21s - loss: 0.2719 - accuracy: 0.9044
 868/1563 [===============>..............] - ETA: 21s - loss: 0.2721 - accuracy: 0.9042
 870/1563 [===============>..............] - ETA: 21s - loss: 0.2719 - accuracy: 0.9043
 872/1563 [===============>..............] - ETA: 21s - loss: 0.2721 - accuracy: 0.9042
 874/1563 [===============>..............] - ETA: 21s - loss: 0.2719 - accuracy: 0.9042
 876/1563 [===============>..............] - ETA: 21s - loss: 0.2720 - accuracy: 0.9042
 878/1563 [===============>..............] - ETA: 20s - loss: 0.2722 - accuracy: 0.9042
 881/1563 [===============>..............] - ETA: 20s - loss: 0.2723 - accuracy: 0.9042
 884/1563 [===============>..............] - ETA: 20s - loss: 0.2725 - accuracy: 0.9041
 886/1563 [================>.............] - ETA: 20s - loss: 0.2725 - accuracy: 0.9040
 889/1563 [================>.............] - ETA: 20s - loss: 0.2723 - accuracy: 0.9041
 891/1563 [================>.............] - ETA: 20s - loss: 0.2726 - accuracy: 0.9039
 893/1563 [================>.............] - ETA: 20s - loss: 0.2725 - accuracy: 0.9039
 895/1563 [================>.............] - ETA: 20s - loss: 0.2725 - accuracy: 0.9040
 897/1563 [================>.............] - ETA: 20s - loss: 0.2726 - accuracy: 0.9039
 899/1563 [================>.............] - ETA: 20s - loss: 0.2723 - accuracy: 0.9040
 901/1563 [================>.............] - ETA: 20s - loss: 0.2724 - accuracy: 0.9040
 903/1563 [================>.............] - ETA: 20s - loss: 0.2725 - accuracy: 0.9040
 905/1563 [================>.............] - ETA: 20s - loss: 0.2725 - accuracy: 0.9040
 907/1563 [================>.............] - ETA: 20s - loss: 0.2724 - accuracy: 0.9040
 909/1563 [================>.............] - ETA: 20s - loss: 0.2723 - accuracy: 0.9040
 912/1563 [================>.............] - ETA: 19s - loss: 0.2724 - accuracy: 0.9039
 915/1563 [================>.............] - ETA: 19s - loss: 0.2724 - accuracy: 0.9039
 917/1563 [================>.............] - ETA: 19s - loss: 0.2725 - accuracy: 0.9038
 919/1563 [================>.............] - ETA: 19s - loss: 0.2727 - accuracy: 0.9038
 922/1563 [================>.............] - ETA: 19s - loss: 0.2728 - accuracy: 0.9038
 924/1563 [================>.............] - ETA: 19s - loss: 0.2729 - accuracy: 0.9037
 927/1563 [================>.............] - ETA: 19s - loss: 0.2729 - accuracy: 0.9037
 929/1563 [================>.............] - ETA: 19s - loss: 0.2731 - accuracy: 0.9036
 931/1563 [================>.............] - ETA: 19s - loss: 0.2734 - accuracy: 0.9035
 933/1563 [================>.............] - ETA: 19s - loss: 0.2740 - accuracy: 0.9033
 935/1563 [================>.............] - ETA: 19s - loss: 0.2739 - accuracy: 0.9033
 937/1563 [================>.............] - ETA: 19s - loss: 0.2744 - accuracy: 0.9032
 939/1563 [=================>............] - ETA: 19s - loss: 0.2745 - accuracy: 0.9032
 941/1563 [=================>............] - ETA: 19s - loss: 0.2749 - accuracy: 0.9031
 943/1563 [=================>............] - ETA: 18s - loss: 0.2751 - accuracy: 0.9030
 946/1563 [=================>............] - ETA: 18s - loss: 0.2754 - accuracy: 0.9029
 948/1563 [=================>............] - ETA: 18s - loss: 0.2752 - accuracy: 0.9030
 951/1563 [=================>............] - ETA: 18s - loss: 0.2756 - accuracy: 0.9029
 954/1563 [=================>............] - ETA: 18s - loss: 0.2759 - accuracy: 0.9028
 957/1563 [=================>............] - ETA: 18s - loss: 0.2758 - accuracy: 0.9029
 960/1563 [=================>............] - ETA: 18s - loss: 0.2757 - accuracy: 0.9029
 962/1563 [=================>............] - ETA: 18s - loss: 0.2756 - accuracy: 0.9029
 964/1563 [=================>............] - ETA: 18s - loss: 0.2762 - accuracy: 0.9028
 966/1563 [=================>............] - ETA: 18s - loss: 0.2762 - accuracy: 0.9028
 968/1563 [=================>............] - ETA: 18s - loss: 0.2763 - accuracy: 0.9027
 970/1563 [=================>............] - ETA: 18s - loss: 0.2764 - accuracy: 0.9026
 972/1563 [=================>............] - ETA: 18s - loss: 0.2767 - accuracy: 0.9026
 975/1563 [=================>............] - ETA: 17s - loss: 0.2766 - accuracy: 0.9026
 978/1563 [=================>............] - ETA: 17s - loss: 0.2775 - accuracy: 0.9024
 980/1563 [=================>............] - ETA: 17s - loss: 0.2774 - accuracy: 0.9024
 983/1563 [=================>............] - ETA: 17s - loss: 0.2774 - accuracy: 0.9024
 985/1563 [=================>............] - ETA: 17s - loss: 0.2778 - accuracy: 0.9023
 988/1563 [=================>............] - ETA: 17s - loss: 0.2780 - accuracy: 0.9022
 990/1563 [==================>...........] - ETA: 17s - loss: 0.2777 - accuracy: 0.9023
 993/1563 [==================>...........] - ETA: 17s - loss: 0.2777 - accuracy: 0.9023
 995/1563 [==================>...........] - ETA: 17s - loss: 0.2777 - accuracy: 0.9023
 997/1563 [==================>...........] - ETA: 17s - loss: 0.2779 - accuracy: 0.9023
 999/1563 [==================>...........] - ETA: 17s - loss: 0.2781 - accuracy: 0.9022
1001/1563 [==================>...........] - ETA: 17s - loss: 0.2781 - accuracy: 0.9022
1003/1563 [==================>...........] - ETA: 17s - loss: 0.2782 - accuracy: 0.9021
1005/1563 [==================>...........] - ETA: 17s - loss: 0.2782 - accuracy: 0.9021
1007/1563 [==================>...........] - ETA: 16s - loss: 0.2782 - accuracy: 0.9020
1009/1563 [==================>...........] - ETA: 16s - loss: 0.2783 - accuracy: 0.9019
1012/1563 [==================>...........] - ETA: 16s - loss: 0.2786 - accuracy: 0.9018
1014/1563 [==================>...........] - ETA: 16s - loss: 0.2787 - accuracy: 0.9017
1017/1563 [==================>...........] - ETA: 16s - loss: 0.2786 - accuracy: 0.9018
1019/1563 [==================>...........] - ETA: 16s - loss: 0.2786 - accuracy: 0.9017
1021/1563 [==================>...........] - ETA: 16s - loss: 0.2790 - accuracy: 0.9017
1023/1563 [==================>...........] - ETA: 16s - loss: 0.2787 - accuracy: 0.9018
1025/1563 [==================>...........] - ETA: 16s - loss: 0.2791 - accuracy: 0.9017
1027/1563 [==================>...........] - ETA: 16s - loss: 0.2790 - accuracy: 0.9017
1029/1563 [==================>...........] - ETA: 16s - loss: 0.2788 - accuracy: 0.9017
1031/1563 [==================>...........] - ETA: 16s - loss: 0.2789 - accuracy: 0.9017
1033/1563 [==================>...........] - ETA: 16s - loss: 0.2789 - accuracy: 0.9017
1035/1563 [==================>...........] - ETA: 16s - loss: 0.2791 - accuracy: 0.9016
1037/1563 [==================>...........] - ETA: 16s - loss: 0.2790 - accuracy: 0.9016
1039/1563 [==================>...........] - ETA: 16s - loss: 0.2791 - accuracy: 0.9016
1041/1563 [==================>...........] - ETA: 15s - loss: 0.2790 - accuracy: 0.9016
1043/1563 [===================>..........] - ETA: 15s - loss: 0.2787 - accuracy: 0.9016
1045/1563 [===================>..........] - ETA: 15s - loss: 0.2787 - accuracy: 0.9016
1048/1563 [===================>..........] - ETA: 15s - loss: 0.2791 - accuracy: 0.9015
1051/1563 [===================>..........] - ETA: 15s - loss: 0.2791 - accuracy: 0.9015
1054/1563 [===================>..........] - ETA: 15s - loss: 0.2794 - accuracy: 0.9014
1056/1563 [===================>..........] - ETA: 15s - loss: 0.2795 - accuracy: 0.9014
1058/1563 [===================>..........] - ETA: 15s - loss: 0.2796 - accuracy: 0.9013
1060/1563 [===================>..........] - ETA: 15s - loss: 0.2799 - accuracy: 0.9012
1062/1563 [===================>..........] - ETA: 15s - loss: 0.2801 - accuracy: 0.9012
1064/1563 [===================>..........] - ETA: 15s - loss: 0.2803 - accuracy: 0.9011
1066/1563 [===================>..........] - ETA: 15s - loss: 0.2803 - accuracy: 0.9011
1068/1563 [===================>..........] - ETA: 15s - loss: 0.2804 - accuracy: 0.9011
1070/1563 [===================>..........] - ETA: 15s - loss: 0.2804 - accuracy: 0.9011
1072/1563 [===================>..........] - ETA: 15s - loss: 0.2803 - accuracy: 0.9012
1074/1563 [===================>..........] - ETA: 15s - loss: 0.2805 - accuracy: 0.9011
1076/1563 [===================>..........] - ETA: 14s - loss: 0.2806 - accuracy: 0.9011
1078/1563 [===================>..........] - ETA: 14s - loss: 0.2805 - accuracy: 0.9012
1080/1563 [===================>..........] - ETA: 14s - loss: 0.2804 - accuracy: 0.9012
1082/1563 [===================>..........] - ETA: 14s - loss: 0.2805 - accuracy: 0.9012
1084/1563 [===================>..........] - ETA: 14s - loss: 0.2806 - accuracy: 0.9012
1086/1563 [===================>..........] - ETA: 14s - loss: 0.2807 - accuracy: 0.9012
1088/1563 [===================>..........] - ETA: 14s - loss: 0.2807 - accuracy: 0.9012
1090/1563 [===================>..........] - ETA: 14s - loss: 0.2806 - accuracy: 0.9012
1092/1563 [===================>..........] - ETA: 14s - loss: 0.2806 - accuracy: 0.9012
1095/1563 [====================>.........] - ETA: 14s - loss: 0.2809 - accuracy: 0.9011
1098/1563 [====================>.........] - ETA: 14s - loss: 0.2811 - accuracy: 0.9010
1100/1563 [====================>.........] - ETA: 14s - loss: 0.2813 - accuracy: 0.9009
1102/1563 [====================>.........] - ETA: 14s - loss: 0.2814 - accuracy: 0.9009
1105/1563 [====================>.........] - ETA: 14s - loss: 0.2812 - accuracy: 0.9009
1107/1563 [====================>.........] - ETA: 13s - loss: 0.2812 - accuracy: 0.9010
1109/1563 [====================>.........] - ETA: 13s - loss: 0.2812 - accuracy: 0.9010
1112/1563 [====================>.........] - ETA: 13s - loss: 0.2815 - accuracy: 0.9009
1115/1563 [====================>.........] - ETA: 13s - loss: 0.2815 - accuracy: 0.9010
1118/1563 [====================>.........] - ETA: 13s - loss: 0.2815 - accuracy: 0.9009
1121/1563 [====================>.........] - ETA: 13s - loss: 0.2812 - accuracy: 0.9011
1123/1563 [====================>.........] - ETA: 13s - loss: 0.2815 - accuracy: 0.9010
1125/1563 [====================>.........] - ETA: 13s - loss: 0.2814 - accuracy: 0.9011
1128/1563 [====================>.........] - ETA: 13s - loss: 0.2813 - accuracy: 0.9012
1131/1563 [====================>.........] - ETA: 13s - loss: 0.2820 - accuracy: 0.9010
1133/1563 [====================>.........] - ETA: 13s - loss: 0.2821 - accuracy: 0.9010
1135/1563 [====================>.........] - ETA: 13s - loss: 0.2820 - accuracy: 0.9010
1137/1563 [====================>.........] - ETA: 13s - loss: 0.2818 - accuracy: 0.9011
1139/1563 [====================>.........] - ETA: 12s - loss: 0.2818 - accuracy: 0.9011
1141/1563 [====================>.........] - ETA: 12s - loss: 0.2819 - accuracy: 0.9011
1144/1563 [====================>.........] - ETA: 12s - loss: 0.2817 - accuracy: 0.9011
1146/1563 [====================>.........] - ETA: 12s - loss: 0.2820 - accuracy: 0.9010
1148/1563 [=====================>........] - ETA: 12s - loss: 0.2821 - accuracy: 0.9011
1150/1563 [=====================>........] - ETA: 12s - loss: 0.2822 - accuracy: 0.9010
1151/1563 [=====================>........] - ETA: 12s - loss: 0.2822 - accuracy: 0.9010
1154/1563 [=====================>........] - ETA: 12s - loss: 0.2820 - accuracy: 0.9012
1156/1563 [=====================>........] - ETA: 12s - loss: 0.2821 - accuracy: 0.9011
1159/1563 [=====================>........] - ETA: 12s - loss: 0.2824 - accuracy: 0.9011
1162/1563 [=====================>........] - ETA: 12s - loss: 0.2824 - accuracy: 0.9011
1164/1563 [=====================>........] - ETA: 12s - loss: 0.2825 - accuracy: 0.9011
1167/1563 [=====================>........] - ETA: 12s - loss: 0.2823 - accuracy: 0.9012
1169/1563 [=====================>........] - ETA: 12s - loss: 0.2824 - accuracy: 0.9011
1171/1563 [=====================>........] - ETA: 11s - loss: 0.2823 - accuracy: 0.9012
1173/1563 [=====================>........] - ETA: 11s - loss: 0.2823 - accuracy: 0.9011
1175/1563 [=====================>........] - ETA: 11s - loss: 0.2822 - accuracy: 0.9011
1177/1563 [=====================>........] - ETA: 11s - loss: 0.2822 - accuracy: 0.9012
1179/1563 [=====================>........] - ETA: 11s - loss: 0.2823 - accuracy: 0.9010
1181/1563 [=====================>........] - ETA: 11s - loss: 0.2820 - accuracy: 0.9011
1183/1563 [=====================>........] - ETA: 11s - loss: 0.2822 - accuracy: 0.9011
1185/1563 [=====================>........] - ETA: 11s - loss: 0.2823 - accuracy: 0.9010
1187/1563 [=====================>........] - ETA: 11s - loss: 0.2823 - accuracy: 0.9010
1190/1563 [=====================>........] - ETA: 11s - loss: 0.2823 - accuracy: 0.9009
1192/1563 [=====================>........] - ETA: 11s - loss: 0.2825 - accuracy: 0.9009
1194/1563 [=====================>........] - ETA: 11s - loss: 0.2824 - accuracy: 0.9009
1196/1563 [=====================>........] - ETA: 11s - loss: 0.2825 - accuracy: 0.9008
1198/1563 [=====================>........] - ETA: 11s - loss: 0.2823 - accuracy: 0.9009
1201/1563 [======================>.......] - ETA: 11s - loss: 0.2824 - accuracy: 0.9008
1203/1563 [======================>.......] - ETA: 11s - loss: 0.2831 - accuracy: 0.9006
1205/1563 [======================>.......] - ETA: 10s - loss: 0.2833 - accuracy: 0.9005
1207/1563 [======================>.......] - ETA: 10s - loss: 0.2835 - accuracy: 0.9004
1209/1563 [======================>.......] - ETA: 10s - loss: 0.2834 - accuracy: 0.9005
1211/1563 [======================>.......] - ETA: 10s - loss: 0.2833 - accuracy: 0.9005
1214/1563 [======================>.......] - ETA: 10s - loss: 0.2831 - accuracy: 0.9005
1217/1563 [======================>.......] - ETA: 10s - loss: 0.2833 - accuracy: 0.9005
1220/1563 [======================>.......] - ETA: 10s - loss: 0.2835 - accuracy: 0.9005
1222/1563 [======================>.......] - ETA: 10s - loss: 0.2838 - accuracy: 0.9004
1225/1563 [======================>.......] - ETA: 10s - loss: 0.2840 - accuracy: 0.9004
1227/1563 [======================>.......] - ETA: 10s - loss: 0.2842 - accuracy: 0.9003
1230/1563 [======================>.......] - ETA: 10s - loss: 0.2845 - accuracy: 0.9001
1232/1563 [======================>.......] - ETA: 10s - loss: 0.2845 - accuracy: 0.9001
1235/1563 [======================>.......] - ETA: 9s - loss: 0.2845 - accuracy: 0.9000 
1237/1563 [======================>.......] - ETA: 9s - loss: 0.2844 - accuracy: 0.9001
1240/1563 [======================>.......] - ETA: 9s - loss: 0.2846 - accuracy: 0.9001
1242/1563 [======================>.......] - ETA: 9s - loss: 0.2844 - accuracy: 0.9001
1244/1563 [======================>.......] - ETA: 9s - loss: 0.2842 - accuracy: 0.9002
1247/1563 [======================>.......] - ETA: 9s - loss: 0.2842 - accuracy: 0.9001
1249/1563 [======================>.......] - ETA: 9s - loss: 0.2843 - accuracy: 0.9001
1251/1563 [=======================>......] - ETA: 9s - loss: 0.2843 - accuracy: 0.9001
1253/1563 [=======================>......] - ETA: 9s - loss: 0.2841 - accuracy: 0.9001
1256/1563 [=======================>......] - ETA: 9s - loss: 0.2845 - accuracy: 0.9000
1258/1563 [=======================>......] - ETA: 9s - loss: 0.2847 - accuracy: 0.8999
1260/1563 [=======================>......] - ETA: 9s - loss: 0.2848 - accuracy: 0.8999
1262/1563 [=======================>......] - ETA: 9s - loss: 0.2848 - accuracy: 0.8998
1264/1563 [=======================>......] - ETA: 9s - loss: 0.2845 - accuracy: 0.8999
1266/1563 [=======================>......] - ETA: 9s - loss: 0.2847 - accuracy: 0.8998
1269/1563 [=======================>......] - ETA: 8s - loss: 0.2850 - accuracy: 0.8998
1271/1563 [=======================>......] - ETA: 8s - loss: 0.2848 - accuracy: 0.8999
1274/1563 [=======================>......] - ETA: 8s - loss: 0.2850 - accuracy: 0.8998
1276/1563 [=======================>......] - ETA: 8s - loss: 0.2851 - accuracy: 0.8997
1279/1563 [=======================>......] - ETA: 8s - loss: 0.2851 - accuracy: 0.8997
1281/1563 [=======================>......] - ETA: 8s - loss: 0.2850 - accuracy: 0.8998
1284/1563 [=======================>......] - ETA: 8s - loss: 0.2849 - accuracy: 0.8998
1287/1563 [=======================>......] - ETA: 8s - loss: 0.2849 - accuracy: 0.8999
1290/1563 [=======================>......] - ETA: 8s - loss: 0.2850 - accuracy: 0.8999
1292/1563 [=======================>......] - ETA: 8s - loss: 0.2852 - accuracy: 0.8998
1294/1563 [=======================>......] - ETA: 8s - loss: 0.2850 - accuracy: 0.8999
1297/1563 [=======================>......] - ETA: 8s - loss: 0.2849 - accuracy: 0.9000
1299/1563 [=======================>......] - ETA: 8s - loss: 0.2850 - accuracy: 0.8999
1301/1563 [=======================>......] - ETA: 7s - loss: 0.2850 - accuracy: 0.8999
1303/1563 [========================>.....] - ETA: 7s - loss: 0.2853 - accuracy: 0.8998
1305/1563 [========================>.....] - ETA: 7s - loss: 0.2852 - accuracy: 0.8998
1307/1563 [========================>.....] - ETA: 7s - loss: 0.2853 - accuracy: 0.8997
1309/1563 [========================>.....] - ETA: 7s - loss: 0.2853 - accuracy: 0.8997
1311/1563 [========================>.....] - ETA: 7s - loss: 0.2856 - accuracy: 0.8996
1313/1563 [========================>.....] - ETA: 7s - loss: 0.2855 - accuracy: 0.8996
1316/1563 [========================>.....] - ETA: 7s - loss: 0.2855 - accuracy: 0.8996
1318/1563 [========================>.....] - ETA: 7s - loss: 0.2855 - accuracy: 0.8996
1320/1563 [========================>.....] - ETA: 7s - loss: 0.2855 - accuracy: 0.8996
1323/1563 [========================>.....] - ETA: 7s - loss: 0.2856 - accuracy: 0.8996
1325/1563 [========================>.....] - ETA: 7s - loss: 0.2857 - accuracy: 0.8995
1327/1563 [========================>.....] - ETA: 7s - loss: 0.2860 - accuracy: 0.8995
1330/1563 [========================>.....] - ETA: 7s - loss: 0.2860 - accuracy: 0.8996
1333/1563 [========================>.....] - ETA: 6s - loss: 0.2860 - accuracy: 0.8996
1335/1563 [========================>.....] - ETA: 6s - loss: 0.2861 - accuracy: 0.8995
1337/1563 [========================>.....] - ETA: 6s - loss: 0.2860 - accuracy: 0.8996
1340/1563 [========================>.....] - ETA: 6s - loss: 0.2862 - accuracy: 0.8995
1343/1563 [========================>.....] - ETA: 6s - loss: 0.2867 - accuracy: 0.8994
1346/1563 [========================>.....] - ETA: 6s - loss: 0.2868 - accuracy: 0.8993
1349/1563 [========================>.....] - ETA: 6s - loss: 0.2867 - accuracy: 0.8994
1352/1563 [========================>.....] - ETA: 6s - loss: 0.2868 - accuracy: 0.8994
1354/1563 [========================>.....] - ETA: 6s - loss: 0.2868 - accuracy: 0.8993
1357/1563 [=========================>....] - ETA: 6s - loss: 0.2866 - accuracy: 0.8994
1359/1563 [=========================>....] - ETA: 6s - loss: 0.2867 - accuracy: 0.8994
1362/1563 [=========================>....] - ETA: 6s - loss: 0.2871 - accuracy: 0.8993
1363/1563 [=========================>....] - ETA: 6s - loss: 0.2870 - accuracy: 0.8993
1366/1563 [=========================>....] - ETA: 5s - loss: 0.2869 - accuracy: 0.8993
1368/1563 [=========================>....] - ETA: 5s - loss: 0.2871 - accuracy: 0.8992
1370/1563 [=========================>....] - ETA: 5s - loss: 0.2871 - accuracy: 0.8993
1373/1563 [=========================>....] - ETA: 5s - loss: 0.2870 - accuracy: 0.8991
1375/1563 [=========================>....] - ETA: 5s - loss: 0.2872 - accuracy: 0.8992
1377/1563 [=========================>....] - ETA: 5s - loss: 0.2872 - accuracy: 0.8992
1380/1563 [=========================>....] - ETA: 5s - loss: 0.2869 - accuracy: 0.8993
1382/1563 [=========================>....] - ETA: 5s - loss: 0.2872 - accuracy: 0.8991
1384/1563 [=========================>....] - ETA: 5s - loss: 0.2870 - accuracy: 0.8992
1386/1563 [=========================>....] - ETA: 5s - loss: 0.2871 - accuracy: 0.8992
1388/1563 [=========================>....] - ETA: 5s - loss: 0.2872 - accuracy: 0.8992
1390/1563 [=========================>....] - ETA: 5s - loss: 0.2871 - accuracy: 0.8992
1392/1563 [=========================>....] - ETA: 5s - loss: 0.2872 - accuracy: 0.8992
1394/1563 [=========================>....] - ETA: 5s - loss: 0.2875 - accuracy: 0.8991
1396/1563 [=========================>....] - ETA: 5s - loss: 0.2875 - accuracy: 0.8990
1399/1563 [=========================>....] - ETA: 4s - loss: 0.2876 - accuracy: 0.8991
1401/1563 [=========================>....] - ETA: 4s - loss: 0.2877 - accuracy: 0.8990
1404/1563 [=========================>....] - ETA: 4s - loss: 0.2879 - accuracy: 0.8989
1406/1563 [=========================>....] - ETA: 4s - loss: 0.2884 - accuracy: 0.8987
1408/1563 [==========================>...] - ETA: 4s - loss: 0.2884 - accuracy: 0.8987
1410/1563 [==========================>...] - ETA: 4s - loss: 0.2884 - accuracy: 0.8987
1412/1563 [==========================>...] - ETA: 4s - loss: 0.2885 - accuracy: 0.8986
1414/1563 [==========================>...] - ETA: 4s - loss: 0.2886 - accuracy: 0.8986
1417/1563 [==========================>...] - ETA: 4s - loss: 0.2889 - accuracy: 0.8985
1419/1563 [==========================>...] - ETA: 4s - loss: 0.2890 - accuracy: 0.8984
1421/1563 [==========================>...] - ETA: 4s - loss: 0.2890 - accuracy: 0.8984
1423/1563 [==========================>...] - ETA: 4s - loss: 0.2891 - accuracy: 0.8984
1426/1563 [==========================>...] - ETA: 4s - loss: 0.2894 - accuracy: 0.8983
1428/1563 [==========================>...] - ETA: 4s - loss: 0.2892 - accuracy: 0.8984
1430/1563 [==========================>...] - ETA: 4s - loss: 0.2892 - accuracy: 0.8984
1432/1563 [==========================>...] - ETA: 3s - loss: 0.2892 - accuracy: 0.8984
1435/1563 [==========================>...] - ETA: 3s - loss: 0.2892 - accuracy: 0.8985
1437/1563 [==========================>...] - ETA: 3s - loss: 0.2893 - accuracy: 0.8985
1439/1563 [==========================>...] - ETA: 3s - loss: 0.2894 - accuracy: 0.8985
1441/1563 [==========================>...] - ETA: 3s - loss: 0.2894 - accuracy: 0.8984
1444/1563 [==========================>...] - ETA: 3s - loss: 0.2892 - accuracy: 0.8985
1447/1563 [==========================>...] - ETA: 3s - loss: 0.2894 - accuracy: 0.8984
1450/1563 [==========================>...] - ETA: 3s - loss: 0.2894 - accuracy: 0.8985
1453/1563 [==========================>...] - ETA: 3s - loss: 0.2894 - accuracy: 0.8985
1456/1563 [==========================>...] - ETA: 3s - loss: 0.2896 - accuracy: 0.8984
1458/1563 [==========================>...] - ETA: 3s - loss: 0.2895 - accuracy: 0.8984
1460/1563 [===========================>..] - ETA: 3s - loss: 0.2895 - accuracy: 0.8985
1462/1563 [===========================>..] - ETA: 3s - loss: 0.2896 - accuracy: 0.8984
1464/1563 [===========================>..] - ETA: 3s - loss: 0.2896 - accuracy: 0.8984
1466/1563 [===========================>..] - ETA: 2s - loss: 0.2897 - accuracy: 0.8983
1468/1563 [===========================>..] - ETA: 2s - loss: 0.2898 - accuracy: 0.8983
1470/1563 [===========================>..] - ETA: 2s - loss: 0.2899 - accuracy: 0.8982
1472/1563 [===========================>..] - ETA: 2s - loss: 0.2901 - accuracy: 0.8981
1475/1563 [===========================>..] - ETA: 2s - loss: 0.2903 - accuracy: 0.8979
1477/1563 [===========================>..] - ETA: 2s - loss: 0.2902 - accuracy: 0.8980
1479/1563 [===========================>..] - ETA: 2s - loss: 0.2901 - accuracy: 0.8981
1482/1563 [===========================>..] - ETA: 2s - loss: 0.2900 - accuracy: 0.8981
1484/1563 [===========================>..] - ETA: 2s - loss: 0.2902 - accuracy: 0.8980
1487/1563 [===========================>..] - ETA: 2s - loss: 0.2902 - accuracy: 0.8981
1489/1563 [===========================>..] - ETA: 2s - loss: 0.2903 - accuracy: 0.8981
1491/1563 [===========================>..] - ETA: 2s - loss: 0.2906 - accuracy: 0.8980
1494/1563 [===========================>..] - ETA: 2s - loss: 0.2910 - accuracy: 0.8979
1496/1563 [===========================>..] - ETA: 2s - loss: 0.2910 - accuracy: 0.8979
1498/1563 [===========================>..] - ETA: 1s - loss: 0.2913 - accuracy: 0.8978
1501/1563 [===========================>..] - ETA: 1s - loss: 0.2914 - accuracy: 0.8977
1503/1563 [===========================>..] - ETA: 1s - loss: 0.2915 - accuracy: 0.8977
1505/1563 [===========================>..] - ETA: 1s - loss: 0.2915 - accuracy: 0.8977
1507/1563 [===========================>..] - ETA: 1s - loss: 0.2915 - accuracy: 0.8977
1509/1563 [===========================>..] - ETA: 1s - loss: 0.2916 - accuracy: 0.8976
1511/1563 [============================>.] - ETA: 1s - loss: 0.2917 - accuracy: 0.8975
1513/1563 [============================>.] - ETA: 1s - loss: 0.2917 - accuracy: 0.8975
1516/1563 [============================>.] - ETA: 1s - loss: 0.2917 - accuracy: 0.8975
1518/1563 [============================>.] - ETA: 1s - loss: 0.2915 - accuracy: 0.8976
1520/1563 [============================>.] - ETA: 1s - loss: 0.2917 - accuracy: 0.8975
1523/1563 [============================>.] - ETA: 1s - loss: 0.2917 - accuracy: 0.8975
1525/1563 [============================>.] - ETA: 1s - loss: 0.2916 - accuracy: 0.8976
1527/1563 [============================>.] - ETA: 1s - loss: 0.2917 - accuracy: 0.8976
1529/1563 [============================>.] - ETA: 1s - loss: 0.2918 - accuracy: 0.8975
1531/1563 [============================>.] - ETA: 0s - loss: 0.2917 - accuracy: 0.8976
1533/1563 [============================>.] - ETA: 0s - loss: 0.2915 - accuracy: 0.8976
1536/1563 [============================>.] - ETA: 0s - loss: 0.2919 - accuracy: 0.8975
1538/1563 [============================>.] - ETA: 0s - loss: 0.2919 - accuracy: 0.8975
1540/1563 [============================>.] - ETA: 0s - loss: 0.2918 - accuracy: 0.8976
1543/1563 [============================>.] - ETA: 0s - loss: 0.2918 - accuracy: 0.8976
1546/1563 [============================>.] - ETA: 0s - loss: 0.2919 - accuracy: 0.8976
1549/1563 [============================>.] - ETA: 0s - loss: 0.2922 - accuracy: 0.8974
1551/1563 [============================>.] - ETA: 0s - loss: 0.2924 - accuracy: 0.8974
1553/1563 [============================>.] - ETA: 0s - loss: 0.2924 - accuracy: 0.8974
1555/1563 [============================>.] - ETA: 0s - loss: 0.2924 - accuracy: 0.8974
1557/1563 [============================>.] - ETA: 0s - loss: 0.2927 - accuracy: 0.8972
1559/1563 [============================>.] - ETA: 0s - loss: 0.2928 - accuracy: 0.8972
1561/1563 [============================>.] - ETA: 0s - loss: 0.2928 - accuracy: 0.8971
1563/1563 [==============================] - ETA: 0s - loss: 0.2929 - accuracy: 0.8971
1563/1563 [==============================] - 52s 33ms/step - loss: 0.2929 - accuracy: 0.8971 - val_loss: 0.9814 - val_accuracy: 0.7356
Epoch 11/100

   1/1563 [..............................] - ETA: 48s - loss: 0.1420 - accuracy: 0.9688
   4/1563 [..............................] - ETA: 44s - loss: 0.2815 - accuracy: 0.8906
   7/1563 [..............................] - ETA: 42s - loss: 0.2665 - accuracy: 0.9018
   9/1563 [..............................] - ETA: 42s - loss: 0.2626 - accuracy: 0.9062
  11/1563 [..............................] - ETA: 41s - loss: 0.2443 - accuracy: 0.9119
  14/1563 [..............................] - ETA: 39s - loss: 0.2415 - accuracy: 0.9040
  16/1563 [..............................] - ETA: 39s - loss: 0.2379 - accuracy: 0.9043
  18/1563 [..............................] - ETA: 40s - loss: 0.2277 - accuracy: 0.9097
  20/1563 [..............................] - ETA: 41s - loss: 0.2214 - accuracy: 0.9125
  23/1563 [..............................] - ETA: 39s - loss: 0.2270 - accuracy: 0.9144
  25/1563 [..............................] - ETA: 40s - loss: 0.2200 - accuracy: 0.9162
  27/1563 [..............................] - ETA: 42s - loss: 0.2211 - accuracy: 0.9167
  29/1563 [..............................] - ETA: 43s - loss: 0.2162 - accuracy: 0.9170
  32/1563 [..............................] - ETA: 42s - loss: 0.2171 - accuracy: 0.9170
  35/1563 [..............................] - ETA: 41s - loss: 0.2166 - accuracy: 0.9205
  38/1563 [..............................] - ETA: 41s - loss: 0.2148 - accuracy: 0.9227
  40/1563 [..............................] - ETA: 41s - loss: 0.2161 - accuracy: 0.9219
  42/1563 [..............................] - ETA: 42s - loss: 0.2174 - accuracy: 0.9196
  44/1563 [..............................] - ETA: 41s - loss: 0.2162 - accuracy: 0.9205
  46/1563 [..............................] - ETA: 42s - loss: 0.2151 - accuracy: 0.9226
  48/1563 [..............................] - ETA: 42s - loss: 0.2157 - accuracy: 0.9219
  51/1563 [..............................] - ETA: 41s - loss: 0.2161 - accuracy: 0.9210
  54/1563 [>.............................] - ETA: 41s - loss: 0.2153 - accuracy: 0.9213
  56/1563 [>.............................] - ETA: 41s - loss: 0.2138 - accuracy: 0.9213
  58/1563 [>.............................] - ETA: 41s - loss: 0.2140 - accuracy: 0.9219
  60/1563 [>.............................] - ETA: 42s - loss: 0.2113 - accuracy: 0.9234
  62/1563 [>.............................] - ETA: 42s - loss: 0.2107 - accuracy: 0.9234
  64/1563 [>.............................] - ETA: 42s - loss: 0.2107 - accuracy: 0.9229
  66/1563 [>.............................] - ETA: 43s - loss: 0.2108 - accuracy: 0.9219
  68/1563 [>.............................] - ETA: 42s - loss: 0.2070 - accuracy: 0.9233
  70/1563 [>.............................] - ETA: 42s - loss: 0.2067 - accuracy: 0.9232
  73/1563 [>.............................] - ETA: 42s - loss: 0.2061 - accuracy: 0.9242
  75/1563 [>.............................] - ETA: 42s - loss: 0.2076 - accuracy: 0.9233
  77/1563 [>.............................] - ETA: 42s - loss: 0.2125 - accuracy: 0.9229
  79/1563 [>.............................] - ETA: 42s - loss: 0.2109 - accuracy: 0.9237
  81/1563 [>.............................] - ETA: 43s - loss: 0.2097 - accuracy: 0.9240
  83/1563 [>.............................] - ETA: 42s - loss: 0.2113 - accuracy: 0.9243
  85/1563 [>.............................] - ETA: 42s - loss: 0.2123 - accuracy: 0.9243
  87/1563 [>.............................] - ETA: 43s - loss: 0.2127 - accuracy: 0.9246
  90/1563 [>.............................] - ETA: 42s - loss: 0.2096 - accuracy: 0.9264
  93/1563 [>.............................] - ETA: 42s - loss: 0.2107 - accuracy: 0.9261
  96/1563 [>.............................] - ETA: 42s - loss: 0.2113 - accuracy: 0.9268
  98/1563 [>.............................] - ETA: 41s - loss: 0.2100 - accuracy: 0.9273
 100/1563 [>.............................] - ETA: 41s - loss: 0.2122 - accuracy: 0.9269
 102/1563 [>.............................] - ETA: 41s - loss: 0.2124 - accuracy: 0.9271
 105/1563 [=>............................] - ETA: 41s - loss: 0.2113 - accuracy: 0.9274
 107/1563 [=>............................] - ETA: 41s - loss: 0.2094 - accuracy: 0.9282
 109/1563 [=>............................] - ETA: 41s - loss: 0.2076 - accuracy: 0.9292
 111/1563 [=>............................] - ETA: 42s - loss: 0.2065 - accuracy: 0.9296
 113/1563 [=>............................] - ETA: 42s - loss: 0.2079 - accuracy: 0.9292
 115/1563 [=>............................] - ETA: 42s - loss: 0.2074 - accuracy: 0.9291
 118/1563 [=>............................] - ETA: 41s - loss: 0.2047 - accuracy: 0.9303
 120/1563 [=>............................] - ETA: 41s - loss: 0.2033 - accuracy: 0.9310
 122/1563 [=>............................] - ETA: 42s - loss: 0.2024 - accuracy: 0.9308
 124/1563 [=>............................] - ETA: 42s - loss: 0.2013 - accuracy: 0.9315
 126/1563 [=>............................] - ETA: 42s - loss: 0.2010 - accuracy: 0.9315
 129/1563 [=>............................] - ETA: 42s - loss: 0.2013 - accuracy: 0.9314
 131/1563 [=>............................] - ETA: 42s - loss: 0.2002 - accuracy: 0.9315
 133/1563 [=>............................] - ETA: 42s - loss: 0.1999 - accuracy: 0.9314
 135/1563 [=>............................] - ETA: 42s - loss: 0.1993 - accuracy: 0.9317
 137/1563 [=>............................] - ETA: 42s - loss: 0.2018 - accuracy: 0.9309
 139/1563 [=>............................] - ETA: 42s - loss: 0.2018 - accuracy: 0.9305
 141/1563 [=>............................] - ETA: 42s - loss: 0.2010 - accuracy: 0.9309
 143/1563 [=>............................] - ETA: 42s - loss: 0.2010 - accuracy: 0.9312
 145/1563 [=>............................] - ETA: 42s - loss: 0.2011 - accuracy: 0.9308
 147/1563 [=>............................] - ETA: 42s - loss: 0.2010 - accuracy: 0.9305
 149/1563 [=>............................] - ETA: 42s - loss: 0.2007 - accuracy: 0.9299
 151/1563 [=>............................] - ETA: 42s - loss: 0.2010 - accuracy: 0.9298
 153/1563 [=>............................] - ETA: 42s - loss: 0.2018 - accuracy: 0.9297
 155/1563 [=>............................] - ETA: 42s - loss: 0.2035 - accuracy: 0.9290
 157/1563 [==>...........................] - ETA: 41s - loss: 0.2037 - accuracy: 0.9289
 160/1563 [==>...........................] - ETA: 41s - loss: 0.2021 - accuracy: 0.9299
 163/1563 [==>...........................] - ETA: 41s - loss: 0.2032 - accuracy: 0.9294
 166/1563 [==>...........................] - ETA: 41s - loss: 0.2026 - accuracy: 0.9298
 168/1563 [==>...........................] - ETA: 41s - loss: 0.2036 - accuracy: 0.9297
 171/1563 [==>...........................] - ETA: 40s - loss: 0.2062 - accuracy: 0.9285
 173/1563 [==>...........................] - ETA: 40s - loss: 0.2084 - accuracy: 0.9276
 175/1563 [==>...........................] - ETA: 40s - loss: 0.2090 - accuracy: 0.9275
 177/1563 [==>...........................] - ETA: 41s - loss: 0.2105 - accuracy: 0.9267
 179/1563 [==>...........................] - ETA: 41s - loss: 0.2108 - accuracy: 0.9267
 181/1563 [==>...........................] - ETA: 41s - loss: 0.2120 - accuracy: 0.9261
 183/1563 [==>...........................] - ETA: 41s - loss: 0.2126 - accuracy: 0.9262
 185/1563 [==>...........................] - ETA: 41s - loss: 0.2120 - accuracy: 0.9265
 187/1563 [==>...........................] - ETA: 41s - loss: 0.2119 - accuracy: 0.9261
 189/1563 [==>...........................] - ETA: 41s - loss: 0.2121 - accuracy: 0.9258
 191/1563 [==>...........................] - ETA: 41s - loss: 0.2122 - accuracy: 0.9254
 193/1563 [==>...........................] - ETA: 41s - loss: 0.2119 - accuracy: 0.9254
 195/1563 [==>...........................] - ETA: 41s - loss: 0.2119 - accuracy: 0.9252
 198/1563 [==>...........................] - ETA: 40s - loss: 0.2112 - accuracy: 0.9257
 201/1563 [==>...........................] - ETA: 40s - loss: 0.2100 - accuracy: 0.9262
 204/1563 [==>...........................] - ETA: 40s - loss: 0.2101 - accuracy: 0.9262
 206/1563 [==>...........................] - ETA: 40s - loss: 0.2107 - accuracy: 0.9261
 208/1563 [==>...........................] - ETA: 40s - loss: 0.2106 - accuracy: 0.9264
 210/1563 [===>..........................] - ETA: 40s - loss: 0.2117 - accuracy: 0.9257
 212/1563 [===>..........................] - ETA: 40s - loss: 0.2111 - accuracy: 0.9260
 214/1563 [===>..........................] - ETA: 40s - loss: 0.2115 - accuracy: 0.9257
 217/1563 [===>..........................] - ETA: 40s - loss: 0.2106 - accuracy: 0.9258
 219/1563 [===>..........................] - ETA: 40s - loss: 0.2105 - accuracy: 0.9257
 221/1563 [===>..........................] - ETA: 40s - loss: 0.2106 - accuracy: 0.9256
 223/1563 [===>..........................] - ETA: 40s - loss: 0.2099 - accuracy: 0.9260
 225/1563 [===>..........................] - ETA: 40s - loss: 0.2095 - accuracy: 0.9262
 227/1563 [===>..........................] - ETA: 40s - loss: 0.2087 - accuracy: 0.9266
 229/1563 [===>..........................] - ETA: 40s - loss: 0.2081 - accuracy: 0.9269
 231/1563 [===>..........................] - ETA: 40s - loss: 0.2081 - accuracy: 0.9264
 234/1563 [===>..........................] - ETA: 39s - loss: 0.2082 - accuracy: 0.9264
 236/1563 [===>..........................] - ETA: 39s - loss: 0.2077 - accuracy: 0.9266
 238/1563 [===>..........................] - ETA: 39s - loss: 0.2074 - accuracy: 0.9267
 240/1563 [===>..........................] - ETA: 39s - loss: 0.2071 - accuracy: 0.9267
 242/1563 [===>..........................] - ETA: 39s - loss: 0.2070 - accuracy: 0.9267
 245/1563 [===>..........................] - ETA: 39s - loss: 0.2062 - accuracy: 0.9267
 247/1563 [===>..........................] - ETA: 39s - loss: 0.2066 - accuracy: 0.9265
 249/1563 [===>..........................] - ETA: 39s - loss: 0.2075 - accuracy: 0.9260
 251/1563 [===>..........................] - ETA: 39s - loss: 0.2078 - accuracy: 0.9257
 253/1563 [===>..........................] - ETA: 39s - loss: 0.2073 - accuracy: 0.9259
 256/1563 [===>..........................] - ETA: 39s - loss: 0.2076 - accuracy: 0.9260
 258/1563 [===>..........................] - ETA: 39s - loss: 0.2072 - accuracy: 0.9261
 260/1563 [===>..........................] - ETA: 39s - loss: 0.2066 - accuracy: 0.9262
 262/1563 [====>.........................] - ETA: 39s - loss: 0.2058 - accuracy: 0.9266
 264/1563 [====>.........................] - ETA: 39s - loss: 0.2063 - accuracy: 0.9266
 266/1563 [====>.........................] - ETA: 39s - loss: 0.2058 - accuracy: 0.9267
 268/1563 [====>.........................] - ETA: 39s - loss: 0.2053 - accuracy: 0.9268
 270/1563 [====>.........................] - ETA: 39s - loss: 0.2053 - accuracy: 0.9269
 273/1563 [====>.........................] - ETA: 39s - loss: 0.2052 - accuracy: 0.9269
 275/1563 [====>.........................] - ETA: 39s - loss: 0.2052 - accuracy: 0.9269
 278/1563 [====>.........................] - ETA: 38s - loss: 0.2052 - accuracy: 0.9274
 281/1563 [====>.........................] - ETA: 38s - loss: 0.2046 - accuracy: 0.9277
 284/1563 [====>.........................] - ETA: 38s - loss: 0.2042 - accuracy: 0.9279
 286/1563 [====>.........................] - ETA: 38s - loss: 0.2046 - accuracy: 0.9278
 288/1563 [====>.........................] - ETA: 38s - loss: 0.2058 - accuracy: 0.9274
 290/1563 [====>.........................] - ETA: 38s - loss: 0.2069 - accuracy: 0.9272
 292/1563 [====>.........................] - ETA: 38s - loss: 0.2064 - accuracy: 0.9275
 294/1563 [====>.........................] - ETA: 38s - loss: 0.2060 - accuracy: 0.9276
 296/1563 [====>.........................] - ETA: 38s - loss: 0.2059 - accuracy: 0.9276
 298/1563 [====>.........................] - ETA: 38s - loss: 0.2057 - accuracy: 0.9276
 299/1563 [====>.........................] - ETA: 38s - loss: 0.2053 - accuracy: 0.9278
 302/1563 [====>.........................] - ETA: 38s - loss: 0.2049 - accuracy: 0.9279
 304/1563 [====>.........................] - ETA: 38s - loss: 0.2052 - accuracy: 0.9277
 306/1563 [====>.........................] - ETA: 38s - loss: 0.2051 - accuracy: 0.9276
 308/1563 [====>.........................] - ETA: 38s - loss: 0.2051 - accuracy: 0.9277
 311/1563 [====>.........................] - ETA: 38s - loss: 0.2056 - accuracy: 0.9275
 314/1563 [=====>........................] - ETA: 37s - loss: 0.2054 - accuracy: 0.9274
 316/1563 [=====>........................] - ETA: 37s - loss: 0.2056 - accuracy: 0.9276
 318/1563 [=====>........................] - ETA: 37s - loss: 0.2055 - accuracy: 0.9276
 320/1563 [=====>........................] - ETA: 37s - loss: 0.2057 - accuracy: 0.9277
 322/1563 [=====>........................] - ETA: 37s - loss: 0.2056 - accuracy: 0.9277
 324/1563 [=====>........................] - ETA: 37s - loss: 0.2052 - accuracy: 0.9278
 325/1563 [=====>........................] - ETA: 37s - loss: 0.2048 - accuracy: 0.9279
 327/1563 [=====>........................] - ETA: 37s - loss: 0.2043 - accuracy: 0.9281
 329/1563 [=====>........................] - ETA: 37s - loss: 0.2044 - accuracy: 0.9279
 331/1563 [=====>........................] - ETA: 37s - loss: 0.2043 - accuracy: 0.9279
 333/1563 [=====>........................] - ETA: 37s - loss: 0.2050 - accuracy: 0.9277
 335/1563 [=====>........................] - ETA: 37s - loss: 0.2049 - accuracy: 0.9278
 337/1563 [=====>........................] - ETA: 37s - loss: 0.2054 - accuracy: 0.9277
 340/1563 [=====>........................] - ETA: 37s - loss: 0.2054 - accuracy: 0.9276
 342/1563 [=====>........................] - ETA: 37s - loss: 0.2053 - accuracy: 0.9275
 345/1563 [=====>........................] - ETA: 37s - loss: 0.2054 - accuracy: 0.9274
 348/1563 [=====>........................] - ETA: 36s - loss: 0.2050 - accuracy: 0.9275
 350/1563 [=====>........................] - ETA: 36s - loss: 0.2048 - accuracy: 0.9278
 352/1563 [=====>........................] - ETA: 36s - loss: 0.2055 - accuracy: 0.9276
 354/1563 [=====>........................] - ETA: 36s - loss: 0.2070 - accuracy: 0.9267
 356/1563 [=====>........................] - ETA: 36s - loss: 0.2073 - accuracy: 0.9267
 359/1563 [=====>........................] - ETA: 36s - loss: 0.2082 - accuracy: 0.9264
 362/1563 [=====>........................] - ETA: 36s - loss: 0.2087 - accuracy: 0.9263
 364/1563 [=====>........................] - ETA: 36s - loss: 0.2089 - accuracy: 0.9261
 366/1563 [======>.......................] - ETA: 36s - loss: 0.2095 - accuracy: 0.9257
 368/1563 [======>.......................] - ETA: 36s - loss: 0.2092 - accuracy: 0.9258
 370/1563 [======>.......................] - ETA: 36s - loss: 0.2093 - accuracy: 0.9258
 372/1563 [======>.......................] - ETA: 36s - loss: 0.2100 - accuracy: 0.9257
 374/1563 [======>.......................] - ETA: 36s - loss: 0.2095 - accuracy: 0.9260
 377/1563 [======>.......................] - ETA: 36s - loss: 0.2099 - accuracy: 0.9260
 380/1563 [======>.......................] - ETA: 36s - loss: 0.2099 - accuracy: 0.9263
 382/1563 [======>.......................] - ETA: 36s - loss: 0.2104 - accuracy: 0.9261
 384/1563 [======>.......................] - ETA: 35s - loss: 0.2099 - accuracy: 0.9264
 386/1563 [======>.......................] - ETA: 35s - loss: 0.2096 - accuracy: 0.9266
 388/1563 [======>.......................] - ETA: 35s - loss: 0.2092 - accuracy: 0.9268
 390/1563 [======>.......................] - ETA: 35s - loss: 0.2087 - accuracy: 0.9270
 393/1563 [======>.......................] - ETA: 35s - loss: 0.2082 - accuracy: 0.9272
 395/1563 [======>.......................] - ETA: 35s - loss: 0.2083 - accuracy: 0.9274
 397/1563 [======>.......................] - ETA: 35s - loss: 0.2085 - accuracy: 0.9270
 399/1563 [======>.......................] - ETA: 35s - loss: 0.2084 - accuracy: 0.9271
 401/1563 [======>.......................] - ETA: 35s - loss: 0.2080 - accuracy: 0.9273
 403/1563 [======>.......................] - ETA: 35s - loss: 0.2097 - accuracy: 0.9269
 405/1563 [======>.......................] - ETA: 35s - loss: 0.2099 - accuracy: 0.9267
 407/1563 [======>.......................] - ETA: 35s - loss: 0.2094 - accuracy: 0.9268
 409/1563 [======>.......................] - ETA: 35s - loss: 0.2091 - accuracy: 0.9270
 411/1563 [======>.......................] - ETA: 35s - loss: 0.2086 - accuracy: 0.9271
 414/1563 [======>.......................] - ETA: 35s - loss: 0.2089 - accuracy: 0.9271
 416/1563 [======>.......................] - ETA: 35s - loss: 0.2083 - accuracy: 0.9273
 419/1563 [=======>......................] - ETA: 34s - loss: 0.2082 - accuracy: 0.9273
 422/1563 [=======>......................] - ETA: 34s - loss: 0.2075 - accuracy: 0.9276
 424/1563 [=======>......................] - ETA: 34s - loss: 0.2072 - accuracy: 0.9278
 426/1563 [=======>......................] - ETA: 34s - loss: 0.2068 - accuracy: 0.9279
 429/1563 [=======>......................] - ETA: 34s - loss: 0.2061 - accuracy: 0.9280
 431/1563 [=======>......................] - ETA: 34s - loss: 0.2060 - accuracy: 0.9281
 433/1563 [=======>......................] - ETA: 34s - loss: 0.2060 - accuracy: 0.9280
 435/1563 [=======>......................] - ETA: 34s - loss: 0.2059 - accuracy: 0.9279
 437/1563 [=======>......................] - ETA: 34s - loss: 0.2058 - accuracy: 0.9280
 439/1563 [=======>......................] - ETA: 34s - loss: 0.2065 - accuracy: 0.9277
 441/1563 [=======>......................] - ETA: 34s - loss: 0.2064 - accuracy: 0.9278
 443/1563 [=======>......................] - ETA: 34s - loss: 0.2059 - accuracy: 0.9278
 446/1563 [=======>......................] - ETA: 34s - loss: 0.2066 - accuracy: 0.9276
 449/1563 [=======>......................] - ETA: 34s - loss: 0.2070 - accuracy: 0.9275
 452/1563 [=======>......................] - ETA: 33s - loss: 0.2071 - accuracy: 0.9276
 454/1563 [=======>......................] - ETA: 33s - loss: 0.2073 - accuracy: 0.9276
 457/1563 [=======>......................] - ETA: 33s - loss: 0.2074 - accuracy: 0.9277
 459/1563 [=======>......................] - ETA: 33s - loss: 0.2076 - accuracy: 0.9275
 462/1563 [=======>......................] - ETA: 33s - loss: 0.2076 - accuracy: 0.9274
 465/1563 [=======>......................] - ETA: 33s - loss: 0.2089 - accuracy: 0.9270
 467/1563 [=======>......................] - ETA: 33s - loss: 0.2094 - accuracy: 0.9267
 470/1563 [========>.....................] - ETA: 33s - loss: 0.2095 - accuracy: 0.9267
 473/1563 [========>.....................] - ETA: 32s - loss: 0.2099 - accuracy: 0.9265
 475/1563 [========>.....................] - ETA: 32s - loss: 0.2100 - accuracy: 0.9266
 477/1563 [========>.....................] - ETA: 32s - loss: 0.2102 - accuracy: 0.9266
 479/1563 [========>.....................] - ETA: 32s - loss: 0.2106 - accuracy: 0.9264
 481/1563 [========>.....................] - ETA: 32s - loss: 0.2115 - accuracy: 0.9258
 484/1563 [========>.....................] - ETA: 32s - loss: 0.2109 - accuracy: 0.9259
 486/1563 [========>.....................] - ETA: 32s - loss: 0.2108 - accuracy: 0.9259
 489/1563 [========>.....................] - ETA: 32s - loss: 0.2114 - accuracy: 0.9256
 492/1563 [========>.....................] - ETA: 32s - loss: 0.2115 - accuracy: 0.9254
 494/1563 [========>.....................] - ETA: 32s - loss: 0.2117 - accuracy: 0.9254
 496/1563 [========>.....................] - ETA: 32s - loss: 0.2122 - accuracy: 0.9253
 498/1563 [========>.....................] - ETA: 32s - loss: 0.2120 - accuracy: 0.9255
 500/1563 [========>.....................] - ETA: 32s - loss: 0.2115 - accuracy: 0.9257
 502/1563 [========>.....................] - ETA: 32s - loss: 0.2116 - accuracy: 0.9256
 505/1563 [========>.....................] - ETA: 32s - loss: 0.2114 - accuracy: 0.9257
 507/1563 [========>.....................] - ETA: 31s - loss: 0.2113 - accuracy: 0.9257
 509/1563 [========>.....................] - ETA: 31s - loss: 0.2111 - accuracy: 0.9257
 511/1563 [========>.....................] - ETA: 31s - loss: 0.2118 - accuracy: 0.9253
 513/1563 [========>.....................] - ETA: 31s - loss: 0.2121 - accuracy: 0.9253
 516/1563 [========>.....................] - ETA: 31s - loss: 0.2125 - accuracy: 0.9251
 518/1563 [========>.....................] - ETA: 31s - loss: 0.2130 - accuracy: 0.9248
 521/1563 [=========>....................] - ETA: 31s - loss: 0.2128 - accuracy: 0.9248
 524/1563 [=========>....................] - ETA: 31s - loss: 0.2130 - accuracy: 0.9246
 526/1563 [=========>....................] - ETA: 31s - loss: 0.2133 - accuracy: 0.9246
 529/1563 [=========>....................] - ETA: 31s - loss: 0.2138 - accuracy: 0.9246
 532/1563 [=========>....................] - ETA: 31s - loss: 0.2136 - accuracy: 0.9246
 534/1563 [=========>....................] - ETA: 30s - loss: 0.2136 - accuracy: 0.9247
 537/1563 [=========>....................] - ETA: 30s - loss: 0.2133 - accuracy: 0.9248
 540/1563 [=========>....................] - ETA: 30s - loss: 0.2137 - accuracy: 0.9246
 543/1563 [=========>....................] - ETA: 30s - loss: 0.2141 - accuracy: 0.9244
 545/1563 [=========>....................] - ETA: 30s - loss: 0.2142 - accuracy: 0.9241
 547/1563 [=========>....................] - ETA: 30s - loss: 0.2139 - accuracy: 0.9241
 549/1563 [=========>....................] - ETA: 30s - loss: 0.2143 - accuracy: 0.9241
 551/1563 [=========>....................] - ETA: 30s - loss: 0.2143 - accuracy: 0.9241
 553/1563 [=========>....................] - ETA: 30s - loss: 0.2143 - accuracy: 0.9241
 555/1563 [=========>....................] - ETA: 30s - loss: 0.2143 - accuracy: 0.9240
 558/1563 [=========>....................] - ETA: 30s - loss: 0.2141 - accuracy: 0.9241
 560/1563 [=========>....................] - ETA: 30s - loss: 0.2145 - accuracy: 0.9241
 562/1563 [=========>....................] - ETA: 30s - loss: 0.2149 - accuracy: 0.9239
 565/1563 [=========>....................] - ETA: 29s - loss: 0.2150 - accuracy: 0.9237
 567/1563 [=========>....................] - ETA: 29s - loss: 0.2148 - accuracy: 0.9238
 569/1563 [=========>....................] - ETA: 29s - loss: 0.2151 - accuracy: 0.9236
 571/1563 [=========>....................] - ETA: 29s - loss: 0.2149 - accuracy: 0.9236
 574/1563 [==========>...................] - ETA: 29s - loss: 0.2150 - accuracy: 0.9235
 576/1563 [==========>...................] - ETA: 29s - loss: 0.2152 - accuracy: 0.9234
 578/1563 [==========>...................] - ETA: 29s - loss: 0.2151 - accuracy: 0.9234
 581/1563 [==========>...................] - ETA: 29s - loss: 0.2151 - accuracy: 0.9235
 583/1563 [==========>...................] - ETA: 29s - loss: 0.2150 - accuracy: 0.9236
 585/1563 [==========>...................] - ETA: 29s - loss: 0.2153 - accuracy: 0.9236
 587/1563 [==========>...................] - ETA: 29s - loss: 0.2147 - accuracy: 0.9238
 590/1563 [==========>...................] - ETA: 29s - loss: 0.2149 - accuracy: 0.9238
 592/1563 [==========>...................] - ETA: 29s - loss: 0.2151 - accuracy: 0.9237
 594/1563 [==========>...................] - ETA: 29s - loss: 0.2149 - accuracy: 0.9237
 596/1563 [==========>...................] - ETA: 29s - loss: 0.2154 - accuracy: 0.9233
 599/1563 [==========>...................] - ETA: 29s - loss: 0.2154 - accuracy: 0.9233
 602/1563 [==========>...................] - ETA: 28s - loss: 0.2152 - accuracy: 0.9233
 605/1563 [==========>...................] - ETA: 28s - loss: 0.2159 - accuracy: 0.9233
 608/1563 [==========>...................] - ETA: 28s - loss: 0.2159 - accuracy: 0.9234
 610/1563 [==========>...................] - ETA: 28s - loss: 0.2157 - accuracy: 0.9235
 613/1563 [==========>...................] - ETA: 28s - loss: 0.2158 - accuracy: 0.9234
 615/1563 [==========>...................] - ETA: 28s - loss: 0.2160 - accuracy: 0.9234
 618/1563 [==========>...................] - ETA: 28s - loss: 0.2159 - accuracy: 0.9234
 621/1563 [==========>...................] - ETA: 28s - loss: 0.2160 - accuracy: 0.9234
 623/1563 [==========>...................] - ETA: 28s - loss: 0.2158 - accuracy: 0.9236
 625/1563 [==========>...................] - ETA: 28s - loss: 0.2157 - accuracy: 0.9236
 627/1563 [===========>..................] - ETA: 28s - loss: 0.2158 - accuracy: 0.9235
 629/1563 [===========>..................] - ETA: 28s - loss: 0.2162 - accuracy: 0.9233
 631/1563 [===========>..................] - ETA: 27s - loss: 0.2164 - accuracy: 0.9232
 634/1563 [===========>..................] - ETA: 27s - loss: 0.2163 - accuracy: 0.9231
 636/1563 [===========>..................] - ETA: 27s - loss: 0.2168 - accuracy: 0.9228
 638/1563 [===========>..................] - ETA: 27s - loss: 0.2170 - accuracy: 0.9226
 640/1563 [===========>..................] - ETA: 27s - loss: 0.2171 - accuracy: 0.9227
 642/1563 [===========>..................] - ETA: 27s - loss: 0.2170 - accuracy: 0.9225
 644/1563 [===========>..................] - ETA: 27s - loss: 0.2168 - accuracy: 0.9226
 646/1563 [===========>..................] - ETA: 27s - loss: 0.2169 - accuracy: 0.9226
 648/1563 [===========>..................] - ETA: 27s - loss: 0.2169 - accuracy: 0.9225
 651/1563 [===========>..................] - ETA: 27s - loss: 0.2171 - accuracy: 0.9224
 653/1563 [===========>..................] - ETA: 27s - loss: 0.2173 - accuracy: 0.9224
 655/1563 [===========>..................] - ETA: 27s - loss: 0.2174 - accuracy: 0.9225
 658/1563 [===========>..................] - ETA: 27s - loss: 0.2172 - accuracy: 0.9225
 660/1563 [===========>..................] - ETA: 27s - loss: 0.2171 - accuracy: 0.9226
 663/1563 [===========>..................] - ETA: 27s - loss: 0.2174 - accuracy: 0.9227
 665/1563 [===========>..................] - ETA: 26s - loss: 0.2172 - accuracy: 0.9227
 668/1563 [===========>..................] - ETA: 26s - loss: 0.2179 - accuracy: 0.9224
 670/1563 [===========>..................] - ETA: 26s - loss: 0.2187 - accuracy: 0.9222
 672/1563 [===========>..................] - ETA: 26s - loss: 0.2185 - accuracy: 0.9223
 674/1563 [===========>..................] - ETA: 26s - loss: 0.2187 - accuracy: 0.9222
 676/1563 [===========>..................] - ETA: 26s - loss: 0.2187 - accuracy: 0.9222
 678/1563 [============>.................] - ETA: 26s - loss: 0.2186 - accuracy: 0.9222
 680/1563 [============>.................] - ETA: 26s - loss: 0.2189 - accuracy: 0.9221
 683/1563 [============>.................] - ETA: 26s - loss: 0.2190 - accuracy: 0.9221
 685/1563 [============>.................] - ETA: 26s - loss: 0.2192 - accuracy: 0.9220
 688/1563 [============>.................] - ETA: 26s - loss: 0.2193 - accuracy: 0.9220
 690/1563 [============>.................] - ETA: 26s - loss: 0.2194 - accuracy: 0.9218
 692/1563 [============>.................] - ETA: 26s - loss: 0.2193 - accuracy: 0.9220
 694/1563 [============>.................] - ETA: 26s - loss: 0.2193 - accuracy: 0.9220
 696/1563 [============>.................] - ETA: 26s - loss: 0.2197 - accuracy: 0.9219
 698/1563 [============>.................] - ETA: 26s - loss: 0.2195 - accuracy: 0.9219
 700/1563 [============>.................] - ETA: 25s - loss: 0.2197 - accuracy: 0.9217
 702/1563 [============>.................] - ETA: 25s - loss: 0.2199 - accuracy: 0.9216
 705/1563 [============>.................] - ETA: 25s - loss: 0.2201 - accuracy: 0.9216
 708/1563 [============>.................] - ETA: 25s - loss: 0.2203 - accuracy: 0.9214
 711/1563 [============>.................] - ETA: 25s - loss: 0.2204 - accuracy: 0.9214
 713/1563 [============>.................] - ETA: 25s - loss: 0.2202 - accuracy: 0.9215
 715/1563 [============>.................] - ETA: 25s - loss: 0.2202 - accuracy: 0.9215
 717/1563 [============>.................] - ETA: 25s - loss: 0.2201 - accuracy: 0.9215
 720/1563 [============>.................] - ETA: 25s - loss: 0.2202 - accuracy: 0.9214
 722/1563 [============>.................] - ETA: 25s - loss: 0.2206 - accuracy: 0.9213
 724/1563 [============>.................] - ETA: 25s - loss: 0.2204 - accuracy: 0.9214
 726/1563 [============>.................] - ETA: 25s - loss: 0.2207 - accuracy: 0.9212
 728/1563 [============>.................] - ETA: 25s - loss: 0.2206 - accuracy: 0.9212
 730/1563 [=============>................] - ETA: 25s - loss: 0.2208 - accuracy: 0.9211
 732/1563 [=============>................] - ETA: 25s - loss: 0.2208 - accuracy: 0.9212
 735/1563 [=============>................] - ETA: 24s - loss: 0.2209 - accuracy: 0.9212
 738/1563 [=============>................] - ETA: 24s - loss: 0.2212 - accuracy: 0.9212
 740/1563 [=============>................] - ETA: 24s - loss: 0.2213 - accuracy: 0.9210
 742/1563 [=============>................] - ETA: 24s - loss: 0.2210 - accuracy: 0.9211
 744/1563 [=============>................] - ETA: 24s - loss: 0.2211 - accuracy: 0.9211
 747/1563 [=============>................] - ETA: 24s - loss: 0.2216 - accuracy: 0.9210
 749/1563 [=============>................] - ETA: 24s - loss: 0.2214 - accuracy: 0.9209
 751/1563 [=============>................] - ETA: 24s - loss: 0.2213 - accuracy: 0.9210
 753/1563 [=============>................] - ETA: 24s - loss: 0.2214 - accuracy: 0.9209
 756/1563 [=============>................] - ETA: 24s - loss: 0.2213 - accuracy: 0.9210
 758/1563 [=============>................] - ETA: 24s - loss: 0.2213 - accuracy: 0.9209
 761/1563 [=============>................] - ETA: 24s - loss: 0.2216 - accuracy: 0.9207
 763/1563 [=============>................] - ETA: 24s - loss: 0.2215 - accuracy: 0.9207
 765/1563 [=============>................] - ETA: 24s - loss: 0.2217 - accuracy: 0.9206
 767/1563 [=============>................] - ETA: 23s - loss: 0.2216 - accuracy: 0.9206
 769/1563 [=============>................] - ETA: 23s - loss: 0.2215 - accuracy: 0.9207
 771/1563 [=============>................] - ETA: 23s - loss: 0.2216 - accuracy: 0.9206
 773/1563 [=============>................] - ETA: 23s - loss: 0.2214 - accuracy: 0.9207
 776/1563 [=============>................] - ETA: 23s - loss: 0.2213 - accuracy: 0.9207
 778/1563 [=============>................] - ETA: 23s - loss: 0.2211 - accuracy: 0.9208
 780/1563 [=============>................] - ETA: 23s - loss: 0.2213 - accuracy: 0.9208
 782/1563 [==============>...............] - ETA: 23s - loss: 0.2213 - accuracy: 0.9208
 784/1563 [==============>...............] - ETA: 23s - loss: 0.2213 - accuracy: 0.9208
 786/1563 [==============>...............] - ETA: 23s - loss: 0.2210 - accuracy: 0.9209
 788/1563 [==============>...............] - ETA: 23s - loss: 0.2215 - accuracy: 0.9208
 790/1563 [==============>...............] - ETA: 23s - loss: 0.2215 - accuracy: 0.9208
 792/1563 [==============>...............] - ETA: 23s - loss: 0.2213 - accuracy: 0.9208
 794/1563 [==============>...............] - ETA: 23s - loss: 0.2213 - accuracy: 0.9208
 796/1563 [==============>...............] - ETA: 23s - loss: 0.2219 - accuracy: 0.9206
 798/1563 [==============>...............] - ETA: 23s - loss: 0.2218 - accuracy: 0.9206
 800/1563 [==============>...............] - ETA: 23s - loss: 0.2221 - accuracy: 0.9205
 802/1563 [==============>...............] - ETA: 23s - loss: 0.2220 - accuracy: 0.9205
 805/1563 [==============>...............] - ETA: 22s - loss: 0.2219 - accuracy: 0.9205
 808/1563 [==============>...............] - ETA: 22s - loss: 0.2219 - accuracy: 0.9204
 811/1563 [==============>...............] - ETA: 22s - loss: 0.2218 - accuracy: 0.9205
 814/1563 [==============>...............] - ETA: 22s - loss: 0.2221 - accuracy: 0.9203
 816/1563 [==============>...............] - ETA: 22s - loss: 0.2221 - accuracy: 0.9204
 818/1563 [==============>...............] - ETA: 22s - loss: 0.2221 - accuracy: 0.9205
 821/1563 [==============>...............] - ETA: 22s - loss: 0.2217 - accuracy: 0.9207
 823/1563 [==============>...............] - ETA: 22s - loss: 0.2220 - accuracy: 0.9205
 825/1563 [==============>...............] - ETA: 22s - loss: 0.2222 - accuracy: 0.9205
 827/1563 [==============>...............] - ETA: 22s - loss: 0.2223 - accuracy: 0.9204
 829/1563 [==============>...............] - ETA: 22s - loss: 0.2223 - accuracy: 0.9204
 831/1563 [==============>...............] - ETA: 22s - loss: 0.2228 - accuracy: 0.9202
 834/1563 [===============>..............] - ETA: 22s - loss: 0.2231 - accuracy: 0.9200
 837/1563 [===============>..............] - ETA: 21s - loss: 0.2233 - accuracy: 0.9199
 840/1563 [===============>..............] - ETA: 21s - loss: 0.2237 - accuracy: 0.9198
 842/1563 [===============>..............] - ETA: 21s - loss: 0.2238 - accuracy: 0.9197
 844/1563 [===============>..............] - ETA: 21s - loss: 0.2239 - accuracy: 0.9197
 846/1563 [===============>..............] - ETA: 21s - loss: 0.2240 - accuracy: 0.9196
 848/1563 [===============>..............] - ETA: 21s - loss: 0.2242 - accuracy: 0.9195
 851/1563 [===============>..............] - ETA: 21s - loss: 0.2242 - accuracy: 0.9195
 853/1563 [===============>..............] - ETA: 21s - loss: 0.2243 - accuracy: 0.9194
 855/1563 [===============>..............] - ETA: 21s - loss: 0.2247 - accuracy: 0.9193
 857/1563 [===============>..............] - ETA: 21s - loss: 0.2247 - accuracy: 0.9193
 859/1563 [===============>..............] - ETA: 21s - loss: 0.2247 - accuracy: 0.9192
 861/1563 [===============>..............] - ETA: 21s - loss: 0.2249 - accuracy: 0.9192
 863/1563 [===============>..............] - ETA: 21s - loss: 0.2249 - accuracy: 0.9193
 865/1563 [===============>..............] - ETA: 21s - loss: 0.2247 - accuracy: 0.9194
 867/1563 [===============>..............] - ETA: 21s - loss: 0.2250 - accuracy: 0.9193
 869/1563 [===============>..............] - ETA: 21s - loss: 0.2250 - accuracy: 0.9193
 870/1563 [===============>..............] - ETA: 21s - loss: 0.2248 - accuracy: 0.9194
 872/1563 [===============>..............] - ETA: 20s - loss: 0.2251 - accuracy: 0.9193
 875/1563 [===============>..............] - ETA: 20s - loss: 0.2248 - accuracy: 0.9194
 877/1563 [===============>..............] - ETA: 20s - loss: 0.2247 - accuracy: 0.9194
 879/1563 [===============>..............] - ETA: 20s - loss: 0.2248 - accuracy: 0.9193
 881/1563 [===============>..............] - ETA: 20s - loss: 0.2249 - accuracy: 0.9193
 883/1563 [===============>..............] - ETA: 20s - loss: 0.2252 - accuracy: 0.9192
 885/1563 [===============>..............] - ETA: 20s - loss: 0.2251 - accuracy: 0.9191
 887/1563 [================>.............] - ETA: 20s - loss: 0.2252 - accuracy: 0.9191
 889/1563 [================>.............] - ETA: 20s - loss: 0.2253 - accuracy: 0.9191
 891/1563 [================>.............] - ETA: 20s - loss: 0.2251 - accuracy: 0.9192
 894/1563 [================>.............] - ETA: 20s - loss: 0.2249 - accuracy: 0.9192
 896/1563 [================>.............] - ETA: 20s - loss: 0.2251 - accuracy: 0.9191
 898/1563 [================>.............] - ETA: 20s - loss: 0.2253 - accuracy: 0.9190
 900/1563 [================>.............] - ETA: 20s - loss: 0.2249 - accuracy: 0.9191
 902/1563 [================>.............] - ETA: 20s - loss: 0.2250 - accuracy: 0.9191
 904/1563 [================>.............] - ETA: 20s - loss: 0.2249 - accuracy: 0.9191
 907/1563 [================>.............] - ETA: 19s - loss: 0.2255 - accuracy: 0.9189
 909/1563 [================>.............] - ETA: 19s - loss: 0.2253 - accuracy: 0.9189
 911/1563 [================>.............] - ETA: 19s - loss: 0.2252 - accuracy: 0.9189
 913/1563 [================>.............] - ETA: 19s - loss: 0.2252 - accuracy: 0.9189
 915/1563 [================>.............] - ETA: 19s - loss: 0.2251 - accuracy: 0.9190
 917/1563 [================>.............] - ETA: 19s - loss: 0.2253 - accuracy: 0.9189
 919/1563 [================>.............] - ETA: 19s - loss: 0.2252 - accuracy: 0.9190
 921/1563 [================>.............] - ETA: 19s - loss: 0.2251 - accuracy: 0.9189
 923/1563 [================>.............] - ETA: 19s - loss: 0.2256 - accuracy: 0.9188
 926/1563 [================>.............] - ETA: 19s - loss: 0.2259 - accuracy: 0.9186
 928/1563 [================>.............] - ETA: 19s - loss: 0.2263 - accuracy: 0.9185
 930/1563 [================>.............] - ETA: 19s - loss: 0.2262 - accuracy: 0.9185
 932/1563 [================>.............] - ETA: 19s - loss: 0.2262 - accuracy: 0.9186
 935/1563 [================>.............] - ETA: 19s - loss: 0.2264 - accuracy: 0.9184
 937/1563 [================>.............] - ETA: 19s - loss: 0.2263 - accuracy: 0.9184
 940/1563 [=================>............] - ETA: 18s - loss: 0.2263 - accuracy: 0.9184
 942/1563 [=================>............] - ETA: 18s - loss: 0.2267 - accuracy: 0.9182
 944/1563 [=================>............] - ETA: 18s - loss: 0.2267 - accuracy: 0.9183
 946/1563 [=================>............] - ETA: 18s - loss: 0.2265 - accuracy: 0.9184
 948/1563 [=================>............] - ETA: 18s - loss: 0.2266 - accuracy: 0.9183
 950/1563 [=================>............] - ETA: 18s - loss: 0.2267 - accuracy: 0.9183
 952/1563 [=================>............] - ETA: 18s - loss: 0.2268 - accuracy: 0.9182
 955/1563 [=================>............] - ETA: 18s - loss: 0.2269 - accuracy: 0.9183
 957/1563 [=================>............] - ETA: 18s - loss: 0.2269 - accuracy: 0.9182
 960/1563 [=================>............] - ETA: 18s - loss: 0.2272 - accuracy: 0.9182
 962/1563 [=================>............] - ETA: 18s - loss: 0.2275 - accuracy: 0.9181
 964/1563 [=================>............] - ETA: 18s - loss: 0.2277 - accuracy: 0.9180
 966/1563 [=================>............] - ETA: 18s - loss: 0.2279 - accuracy: 0.9179
 968/1563 [=================>............] - ETA: 18s - loss: 0.2281 - accuracy: 0.9179
 970/1563 [=================>............] - ETA: 18s - loss: 0.2281 - accuracy: 0.9178
 973/1563 [=================>............] - ETA: 17s - loss: 0.2282 - accuracy: 0.9177
 975/1563 [=================>............] - ETA: 17s - loss: 0.2286 - accuracy: 0.9177
 978/1563 [=================>............] - ETA: 17s - loss: 0.2288 - accuracy: 0.9177
 981/1563 [=================>............] - ETA: 17s - loss: 0.2292 - accuracy: 0.9175
 984/1563 [=================>............] - ETA: 17s - loss: 0.2291 - accuracy: 0.9175
 987/1563 [=================>............] - ETA: 17s - loss: 0.2294 - accuracy: 0.9175
 989/1563 [=================>............] - ETA: 17s - loss: 0.2293 - accuracy: 0.9175
 991/1563 [==================>...........] - ETA: 17s - loss: 0.2294 - accuracy: 0.9175
 993/1563 [==================>...........] - ETA: 17s - loss: 0.2296 - accuracy: 0.9176
 995/1563 [==================>...........] - ETA: 17s - loss: 0.2301 - accuracy: 0.9174
 998/1563 [==================>...........] - ETA: 17s - loss: 0.2301 - accuracy: 0.9174
1000/1563 [==================>...........] - ETA: 17s - loss: 0.2302 - accuracy: 0.9174
1003/1563 [==================>...........] - ETA: 16s - loss: 0.2304 - accuracy: 0.9174
1005/1563 [==================>...........] - ETA: 16s - loss: 0.2305 - accuracy: 0.9174
1008/1563 [==================>...........] - ETA: 16s - loss: 0.2308 - accuracy: 0.9174
1011/1563 [==================>...........] - ETA: 16s - loss: 0.2307 - accuracy: 0.9174
1014/1563 [==================>...........] - ETA: 16s - loss: 0.2314 - accuracy: 0.9173
1016/1563 [==================>...........] - ETA: 16s - loss: 0.2314 - accuracy: 0.9173
1019/1563 [==================>...........] - ETA: 16s - loss: 0.2311 - accuracy: 0.9175
1022/1563 [==================>...........] - ETA: 16s - loss: 0.2311 - accuracy: 0.9174
1025/1563 [==================>...........] - ETA: 16s - loss: 0.2313 - accuracy: 0.9173
1028/1563 [==================>...........] - ETA: 16s - loss: 0.2314 - accuracy: 0.9173
1031/1563 [==================>...........] - ETA: 16s - loss: 0.2314 - accuracy: 0.9173
1033/1563 [==================>...........] - ETA: 15s - loss: 0.2316 - accuracy: 0.9171
1036/1563 [==================>...........] - ETA: 15s - loss: 0.2314 - accuracy: 0.9171
1038/1563 [==================>...........] - ETA: 15s - loss: 0.2315 - accuracy: 0.9171
1041/1563 [==================>...........] - ETA: 15s - loss: 0.2319 - accuracy: 0.9170
1043/1563 [===================>..........] - ETA: 15s - loss: 0.2323 - accuracy: 0.9169
1045/1563 [===================>..........] - ETA: 15s - loss: 0.2326 - accuracy: 0.9168
1047/1563 [===================>..........] - ETA: 15s - loss: 0.2324 - accuracy: 0.9169
1049/1563 [===================>..........] - ETA: 15s - loss: 0.2326 - accuracy: 0.9168
1051/1563 [===================>..........] - ETA: 15s - loss: 0.2328 - accuracy: 0.9167
1054/1563 [===================>..........] - ETA: 15s - loss: 0.2327 - accuracy: 0.9168
1057/1563 [===================>..........] - ETA: 15s - loss: 0.2331 - accuracy: 0.9167
1059/1563 [===================>..........] - ETA: 15s - loss: 0.2330 - accuracy: 0.9167
1061/1563 [===================>..........] - ETA: 15s - loss: 0.2332 - accuracy: 0.9166
1063/1563 [===================>..........] - ETA: 15s - loss: 0.2335 - accuracy: 0.9165
1065/1563 [===================>..........] - ETA: 15s - loss: 0.2334 - accuracy: 0.9166
1067/1563 [===================>..........] - ETA: 14s - loss: 0.2334 - accuracy: 0.9166
1069/1563 [===================>..........] - ETA: 14s - loss: 0.2336 - accuracy: 0.9165
1071/1563 [===================>..........] - ETA: 14s - loss: 0.2336 - accuracy: 0.9165
1073/1563 [===================>..........] - ETA: 14s - loss: 0.2335 - accuracy: 0.9164
1075/1563 [===================>..........] - ETA: 14s - loss: 0.2335 - accuracy: 0.9165
1077/1563 [===================>..........] - ETA: 14s - loss: 0.2336 - accuracy: 0.9164
1079/1563 [===================>..........] - ETA: 14s - loss: 0.2336 - accuracy: 0.9164
1081/1563 [===================>..........] - ETA: 14s - loss: 0.2337 - accuracy: 0.9163
1083/1563 [===================>..........] - ETA: 14s - loss: 0.2339 - accuracy: 0.9163
1086/1563 [===================>..........] - ETA: 14s - loss: 0.2338 - accuracy: 0.9162
1089/1563 [===================>..........] - ETA: 14s - loss: 0.2339 - accuracy: 0.9161
1092/1563 [===================>..........] - ETA: 14s - loss: 0.2341 - accuracy: 0.9161
1095/1563 [====================>.........] - ETA: 14s - loss: 0.2341 - accuracy: 0.9161
1097/1563 [====================>.........] - ETA: 14s - loss: 0.2345 - accuracy: 0.9159
1100/1563 [====================>.........] - ETA: 13s - loss: 0.2347 - accuracy: 0.9159
1103/1563 [====================>.........] - ETA: 13s - loss: 0.2349 - accuracy: 0.9158
1105/1563 [====================>.........] - ETA: 13s - loss: 0.2350 - accuracy: 0.9158
1107/1563 [====================>.........] - ETA: 13s - loss: 0.2354 - accuracy: 0.9157
1109/1563 [====================>.........] - ETA: 13s - loss: 0.2353 - accuracy: 0.9157
1110/1563 [====================>.........] - ETA: 13s - loss: 0.2354 - accuracy: 0.9157
1113/1563 [====================>.........] - ETA: 13s - loss: 0.2354 - accuracy: 0.9157
1116/1563 [====================>.........] - ETA: 13s - loss: 0.2355 - accuracy: 0.9157
1119/1563 [====================>.........] - ETA: 13s - loss: 0.2359 - accuracy: 0.9155
1122/1563 [====================>.........] - ETA: 13s - loss: 0.2361 - accuracy: 0.9155
1124/1563 [====================>.........] - ETA: 13s - loss: 0.2365 - accuracy: 0.9154
1126/1563 [====================>.........] - ETA: 13s - loss: 0.2366 - accuracy: 0.9153
1128/1563 [====================>.........] - ETA: 13s - loss: 0.2365 - accuracy: 0.9153
1130/1563 [====================>.........] - ETA: 13s - loss: 0.2367 - accuracy: 0.9152
1132/1563 [====================>.........] - ETA: 12s - loss: 0.2371 - accuracy: 0.9151
1134/1563 [====================>.........] - ETA: 12s - loss: 0.2370 - accuracy: 0.9151
1136/1563 [====================>.........] - ETA: 12s - loss: 0.2372 - accuracy: 0.9151
1138/1563 [====================>.........] - ETA: 12s - loss: 0.2373 - accuracy: 0.9150
1140/1563 [====================>.........] - ETA: 12s - loss: 0.2373 - accuracy: 0.9149
1143/1563 [====================>.........] - ETA: 12s - loss: 0.2371 - accuracy: 0.9150
1145/1563 [====================>.........] - ETA: 12s - loss: 0.2371 - accuracy: 0.9150
1148/1563 [=====================>........] - ETA: 12s - loss: 0.2373 - accuracy: 0.9149
1150/1563 [=====================>........] - ETA: 12s - loss: 0.2375 - accuracy: 0.9148
1152/1563 [=====================>........] - ETA: 12s - loss: 0.2376 - accuracy: 0.9147
1154/1563 [=====================>........] - ETA: 12s - loss: 0.2376 - accuracy: 0.9147
1157/1563 [=====================>........] - ETA: 12s - loss: 0.2381 - accuracy: 0.9145
1159/1563 [=====================>........] - ETA: 12s - loss: 0.2381 - accuracy: 0.9145
1161/1563 [=====================>........] - ETA: 12s - loss: 0.2383 - accuracy: 0.9145
1163/1563 [=====================>........] - ETA: 12s - loss: 0.2385 - accuracy: 0.9144
1166/1563 [=====================>........] - ETA: 11s - loss: 0.2385 - accuracy: 0.9144
1168/1563 [=====================>........] - ETA: 11s - loss: 0.2385 - accuracy: 0.9144
1171/1563 [=====================>........] - ETA: 11s - loss: 0.2387 - accuracy: 0.9143
1173/1563 [=====================>........] - ETA: 11s - loss: 0.2390 - accuracy: 0.9142
1175/1563 [=====================>........] - ETA: 11s - loss: 0.2390 - accuracy: 0.9143
1178/1563 [=====================>........] - ETA: 11s - loss: 0.2392 - accuracy: 0.9141
1180/1563 [=====================>........] - ETA: 11s - loss: 0.2391 - accuracy: 0.9142
1182/1563 [=====================>........] - ETA: 11s - loss: 0.2393 - accuracy: 0.9141
1184/1563 [=====================>........] - ETA: 11s - loss: 0.2393 - accuracy: 0.9141
1186/1563 [=====================>........] - ETA: 11s - loss: 0.2395 - accuracy: 0.9141
1188/1563 [=====================>........] - ETA: 11s - loss: 0.2397 - accuracy: 0.9141
1190/1563 [=====================>........] - ETA: 11s - loss: 0.2399 - accuracy: 0.9140
1192/1563 [=====================>........] - ETA: 11s - loss: 0.2402 - accuracy: 0.9140
1194/1563 [=====================>........] - ETA: 11s - loss: 0.2404 - accuracy: 0.9139
1197/1563 [=====================>........] - ETA: 11s - loss: 0.2409 - accuracy: 0.9138
1199/1563 [======================>.......] - ETA: 11s - loss: 0.2411 - accuracy: 0.9137
1201/1563 [======================>.......] - ETA: 10s - loss: 0.2412 - accuracy: 0.9137
1203/1563 [======================>.......] - ETA: 10s - loss: 0.2415 - accuracy: 0.9135
1205/1563 [======================>.......] - ETA: 10s - loss: 0.2419 - accuracy: 0.9134
1207/1563 [======================>.......] - ETA: 10s - loss: 0.2419 - accuracy: 0.9134
1209/1563 [======================>.......] - ETA: 10s - loss: 0.2419 - accuracy: 0.9135
1212/1563 [======================>.......] - ETA: 10s - loss: 0.2422 - accuracy: 0.9134
1215/1563 [======================>.......] - ETA: 10s - loss: 0.2422 - accuracy: 0.9135
1218/1563 [======================>.......] - ETA: 10s - loss: 0.2423 - accuracy: 0.9135
1220/1563 [======================>.......] - ETA: 10s - loss: 0.2424 - accuracy: 0.9135
1222/1563 [======================>.......] - ETA: 10s - loss: 0.2423 - accuracy: 0.9135
1225/1563 [======================>.......] - ETA: 10s - loss: 0.2423 - accuracy: 0.9135
1227/1563 [======================>.......] - ETA: 10s - loss: 0.2427 - accuracy: 0.9135
1229/1563 [======================>.......] - ETA: 10s - loss: 0.2427 - accuracy: 0.9134
1231/1563 [======================>.......] - ETA: 10s - loss: 0.2428 - accuracy: 0.9133
1233/1563 [======================>.......] - ETA: 9s - loss: 0.2427 - accuracy: 0.9133 
1235/1563 [======================>.......] - ETA: 9s - loss: 0.2429 - accuracy: 0.9133
1237/1563 [======================>.......] - ETA: 9s - loss: 0.2431 - accuracy: 0.9132
1239/1563 [======================>.......] - ETA: 9s - loss: 0.2432 - accuracy: 0.9132
1241/1563 [======================>.......] - ETA: 9s - loss: 0.2432 - accuracy: 0.9132
1243/1563 [======================>.......] - ETA: 9s - loss: 0.2433 - accuracy: 0.9132
1246/1563 [======================>.......] - ETA: 9s - loss: 0.2433 - accuracy: 0.9131
1248/1563 [======================>.......] - ETA: 9s - loss: 0.2433 - accuracy: 0.9131
1250/1563 [======================>.......] - ETA: 9s - loss: 0.2435 - accuracy: 0.9130
1253/1563 [=======================>......] - ETA: 9s - loss: 0.2435 - accuracy: 0.9130
1255/1563 [=======================>......] - ETA: 9s - loss: 0.2434 - accuracy: 0.9131
1257/1563 [=======================>......] - ETA: 9s - loss: 0.2436 - accuracy: 0.9130
1259/1563 [=======================>......] - ETA: 9s - loss: 0.2436 - accuracy: 0.9131
1261/1563 [=======================>......] - ETA: 9s - loss: 0.2439 - accuracy: 0.9129
1263/1563 [=======================>......] - ETA: 9s - loss: 0.2439 - accuracy: 0.9130
1265/1563 [=======================>......] - ETA: 9s - loss: 0.2439 - accuracy: 0.9130
1268/1563 [=======================>......] - ETA: 8s - loss: 0.2441 - accuracy: 0.9129
1271/1563 [=======================>......] - ETA: 8s - loss: 0.2443 - accuracy: 0.9129
1273/1563 [=======================>......] - ETA: 8s - loss: 0.2443 - accuracy: 0.9128
1275/1563 [=======================>......] - ETA: 8s - loss: 0.2442 - accuracy: 0.9128
1277/1563 [=======================>......] - ETA: 8s - loss: 0.2441 - accuracy: 0.9129
1280/1563 [=======================>......] - ETA: 8s - loss: 0.2441 - accuracy: 0.9129
1282/1563 [=======================>......] - ETA: 8s - loss: 0.2442 - accuracy: 0.9129
1284/1563 [=======================>......] - ETA: 8s - loss: 0.2449 - accuracy: 0.9127
1287/1563 [=======================>......] - ETA: 8s - loss: 0.2451 - accuracy: 0.9126
1289/1563 [=======================>......] - ETA: 8s - loss: 0.2452 - accuracy: 0.9125
1292/1563 [=======================>......] - ETA: 8s - loss: 0.2450 - accuracy: 0.9126
1294/1563 [=======================>......] - ETA: 8s - loss: 0.2451 - accuracy: 0.9126
1296/1563 [=======================>......] - ETA: 8s - loss: 0.2452 - accuracy: 0.9126
1298/1563 [=======================>......] - ETA: 8s - loss: 0.2455 - accuracy: 0.9125
1300/1563 [=======================>......] - ETA: 7s - loss: 0.2455 - accuracy: 0.9124
1302/1563 [=======================>......] - ETA: 7s - loss: 0.2456 - accuracy: 0.9124
1305/1563 [========================>.....] - ETA: 7s - loss: 0.2454 - accuracy: 0.9125
1308/1563 [========================>.....] - ETA: 7s - loss: 0.2457 - accuracy: 0.9124
1310/1563 [========================>.....] - ETA: 7s - loss: 0.2457 - accuracy: 0.9123
1312/1563 [========================>.....] - ETA: 7s - loss: 0.2460 - accuracy: 0.9123
1315/1563 [========================>.....] - ETA: 7s - loss: 0.2463 - accuracy: 0.9121
1317/1563 [========================>.....] - ETA: 7s - loss: 0.2465 - accuracy: 0.9119
1320/1563 [========================>.....] - ETA: 7s - loss: 0.2466 - accuracy: 0.9120
1322/1563 [========================>.....] - ETA: 7s - loss: 0.2468 - accuracy: 0.9119
1325/1563 [========================>.....] - ETA: 7s - loss: 0.2469 - accuracy: 0.9118
1327/1563 [========================>.....] - ETA: 7s - loss: 0.2472 - accuracy: 0.9118
1329/1563 [========================>.....] - ETA: 7s - loss: 0.2476 - accuracy: 0.9116
1331/1563 [========================>.....] - ETA: 7s - loss: 0.2476 - accuracy: 0.9116
1333/1563 [========================>.....] - ETA: 6s - loss: 0.2477 - accuracy: 0.9116
1336/1563 [========================>.....] - ETA: 6s - loss: 0.2479 - accuracy: 0.9115
1338/1563 [========================>.....] - ETA: 6s - loss: 0.2483 - accuracy: 0.9114
1341/1563 [========================>.....] - ETA: 6s - loss: 0.2484 - accuracy: 0.9113
1343/1563 [========================>.....] - ETA: 6s - loss: 0.2486 - accuracy: 0.9112
1345/1563 [========================>.....] - ETA: 6s - loss: 0.2486 - accuracy: 0.9112
1347/1563 [========================>.....] - ETA: 6s - loss: 0.2484 - accuracy: 0.9113
1349/1563 [========================>.....] - ETA: 6s - loss: 0.2489 - accuracy: 0.9111
1352/1563 [========================>.....] - ETA: 6s - loss: 0.2491 - accuracy: 0.9109
1354/1563 [========================>.....] - ETA: 6s - loss: 0.2490 - accuracy: 0.9110
1357/1563 [=========================>....] - ETA: 6s - loss: 0.2490 - accuracy: 0.9110
1359/1563 [=========================>....] - ETA: 6s - loss: 0.2490 - accuracy: 0.9109
1361/1563 [=========================>....] - ETA: 6s - loss: 0.2491 - accuracy: 0.9109
1364/1563 [=========================>....] - ETA: 6s - loss: 0.2492 - accuracy: 0.9109
1366/1563 [=========================>....] - ETA: 5s - loss: 0.2493 - accuracy: 0.9109
1368/1563 [=========================>....] - ETA: 5s - loss: 0.2493 - accuracy: 0.9109
1370/1563 [=========================>....] - ETA: 5s - loss: 0.2493 - accuracy: 0.9109
1372/1563 [=========================>....] - ETA: 5s - loss: 0.2493 - accuracy: 0.9110
1374/1563 [=========================>....] - ETA: 5s - loss: 0.2494 - accuracy: 0.9110
1377/1563 [=========================>....] - ETA: 5s - loss: 0.2494 - accuracy: 0.9110
1379/1563 [=========================>....] - ETA: 5s - loss: 0.2495 - accuracy: 0.9109
1381/1563 [=========================>....] - ETA: 5s - loss: 0.2497 - accuracy: 0.9109
1383/1563 [=========================>....] - ETA: 5s - loss: 0.2497 - accuracy: 0.9109
1385/1563 [=========================>....] - ETA: 5s - loss: 0.2497 - accuracy: 0.9108
1387/1563 [=========================>....] - ETA: 5s - loss: 0.2497 - accuracy: 0.9108
1389/1563 [=========================>....] - ETA: 5s - loss: 0.2499 - accuracy: 0.9107
1392/1563 [=========================>....] - ETA: 5s - loss: 0.2502 - accuracy: 0.9106
1394/1563 [=========================>....] - ETA: 5s - loss: 0.2504 - accuracy: 0.9105
1396/1563 [=========================>....] - ETA: 5s - loss: 0.2502 - accuracy: 0.9106
1398/1563 [=========================>....] - ETA: 5s - loss: 0.2501 - accuracy: 0.9106
1401/1563 [=========================>....] - ETA: 4s - loss: 0.2499 - accuracy: 0.9107
1403/1563 [=========================>....] - ETA: 4s - loss: 0.2498 - accuracy: 0.9107
1406/1563 [=========================>....] - ETA: 4s - loss: 0.2499 - accuracy: 0.9107
1409/1563 [==========================>...] - ETA: 4s - loss: 0.2499 - accuracy: 0.9106
1411/1563 [==========================>...] - ETA: 4s - loss: 0.2498 - accuracy: 0.9106
1413/1563 [==========================>...] - ETA: 4s - loss: 0.2499 - accuracy: 0.9106
1416/1563 [==========================>...] - ETA: 4s - loss: 0.2499 - accuracy: 0.9105
1418/1563 [==========================>...] - ETA: 4s - loss: 0.2499 - accuracy: 0.9105
1421/1563 [==========================>...] - ETA: 4s - loss: 0.2502 - accuracy: 0.9104
1424/1563 [==========================>...] - ETA: 4s - loss: 0.2503 - accuracy: 0.9104
1426/1563 [==========================>...] - ETA: 4s - loss: 0.2505 - accuracy: 0.9103
1428/1563 [==========================>...] - ETA: 4s - loss: 0.2505 - accuracy: 0.9104
1430/1563 [==========================>...] - ETA: 4s - loss: 0.2505 - accuracy: 0.9104
1432/1563 [==========================>...] - ETA: 3s - loss: 0.2507 - accuracy: 0.9103
1434/1563 [==========================>...] - ETA: 3s - loss: 0.2508 - accuracy: 0.9102
1436/1563 [==========================>...] - ETA: 3s - loss: 0.2509 - accuracy: 0.9101
1438/1563 [==========================>...] - ETA: 3s - loss: 0.2510 - accuracy: 0.9101
1440/1563 [==========================>...] - ETA: 3s - loss: 0.2511 - accuracy: 0.9101
1443/1563 [==========================>...] - ETA: 3s - loss: 0.2511 - accuracy: 0.9101
1446/1563 [==========================>...] - ETA: 3s - loss: 0.2512 - accuracy: 0.9101
1448/1563 [==========================>...] - ETA: 3s - loss: 0.2512 - accuracy: 0.9100
1450/1563 [==========================>...] - ETA: 3s - loss: 0.2513 - accuracy: 0.9100
1452/1563 [==========================>...] - ETA: 3s - loss: 0.2512 - accuracy: 0.9100
1454/1563 [==========================>...] - ETA: 3s - loss: 0.2511 - accuracy: 0.9101
1456/1563 [==========================>...] - ETA: 3s - loss: 0.2511 - accuracy: 0.9101
1458/1563 [==========================>...] - ETA: 3s - loss: 0.2512 - accuracy: 0.9100
1460/1563 [===========================>..] - ETA: 3s - loss: 0.2514 - accuracy: 0.9100
1462/1563 [===========================>..] - ETA: 3s - loss: 0.2512 - accuracy: 0.9100
1464/1563 [===========================>..] - ETA: 2s - loss: 0.2511 - accuracy: 0.9101
1466/1563 [===========================>..] - ETA: 2s - loss: 0.2511 - accuracy: 0.9101
1468/1563 [===========================>..] - ETA: 2s - loss: 0.2511 - accuracy: 0.9101
1470/1563 [===========================>..] - ETA: 2s - loss: 0.2512 - accuracy: 0.9100
1473/1563 [===========================>..] - ETA: 2s - loss: 0.2514 - accuracy: 0.9099
1475/1563 [===========================>..] - ETA: 2s - loss: 0.2516 - accuracy: 0.9099
1477/1563 [===========================>..] - ETA: 2s - loss: 0.2515 - accuracy: 0.9099
1479/1563 [===========================>..] - ETA: 2s - loss: 0.2514 - accuracy: 0.9099
1481/1563 [===========================>..] - ETA: 2s - loss: 0.2514 - accuracy: 0.9098
1483/1563 [===========================>..] - ETA: 2s - loss: 0.2515 - accuracy: 0.9098
1485/1563 [===========================>..] - ETA: 2s - loss: 0.2517 - accuracy: 0.9098
1487/1563 [===========================>..] - ETA: 2s - loss: 0.2520 - accuracy: 0.9097
1489/1563 [===========================>..] - ETA: 2s - loss: 0.2520 - accuracy: 0.9097
1491/1563 [===========================>..] - ETA: 2s - loss: 0.2520 - accuracy: 0.9096
1493/1563 [===========================>..] - ETA: 2s - loss: 0.2519 - accuracy: 0.9097
1495/1563 [===========================>..] - ETA: 2s - loss: 0.2518 - accuracy: 0.9097
1497/1563 [===========================>..] - ETA: 2s - loss: 0.2517 - accuracy: 0.9097
1500/1563 [===========================>..] - ETA: 1s - loss: 0.2517 - accuracy: 0.9098
1502/1563 [===========================>..] - ETA: 1s - loss: 0.2515 - accuracy: 0.9098
1504/1563 [===========================>..] - ETA: 1s - loss: 0.2515 - accuracy: 0.9099
1506/1563 [===========================>..] - ETA: 1s - loss: 0.2514 - accuracy: 0.9099
1508/1563 [===========================>..] - ETA: 1s - loss: 0.2517 - accuracy: 0.9098
1511/1563 [============================>.] - ETA: 1s - loss: 0.2519 - accuracy: 0.9098
1514/1563 [============================>.] - ETA: 1s - loss: 0.2518 - accuracy: 0.9098
1516/1563 [============================>.] - ETA: 1s - loss: 0.2518 - accuracy: 0.9098
1518/1563 [============================>.] - ETA: 1s - loss: 0.2517 - accuracy: 0.9098
1520/1563 [============================>.] - ETA: 1s - loss: 0.2517 - accuracy: 0.9097
1522/1563 [============================>.] - ETA: 1s - loss: 0.2517 - accuracy: 0.9098
1524/1563 [============================>.] - ETA: 1s - loss: 0.2517 - accuracy: 0.9098
1526/1563 [============================>.] - ETA: 1s - loss: 0.2517 - accuracy: 0.9098
1528/1563 [============================>.] - ETA: 1s - loss: 0.2518 - accuracy: 0.9097
1530/1563 [============================>.] - ETA: 1s - loss: 0.2521 - accuracy: 0.9097
1532/1563 [============================>.] - ETA: 0s - loss: 0.2521 - accuracy: 0.9096
1535/1563 [============================>.] - ETA: 0s - loss: 0.2521 - accuracy: 0.9096
1538/1563 [============================>.] - ETA: 0s - loss: 0.2522 - accuracy: 0.9095
1540/1563 [============================>.] - ETA: 0s - loss: 0.2522 - accuracy: 0.9095
1542/1563 [============================>.] - ETA: 0s - loss: 0.2527 - accuracy: 0.9094
1544/1563 [============================>.] - ETA: 0s - loss: 0.2529 - accuracy: 0.9092
1546/1563 [============================>.] - ETA: 0s - loss: 0.2529 - accuracy: 0.9092
1548/1563 [============================>.] - ETA: 0s - loss: 0.2532 - accuracy: 0.9091
1550/1563 [============================>.] - ETA: 0s - loss: 0.2533 - accuracy: 0.9091
1553/1563 [============================>.] - ETA: 0s - loss: 0.2536 - accuracy: 0.9090
1555/1563 [============================>.] - ETA: 0s - loss: 0.2536 - accuracy: 0.9091
1558/1563 [============================>.] - ETA: 0s - loss: 0.2537 - accuracy: 0.9090
1560/1563 [============================>.] - ETA: 0s - loss: 0.2538 - accuracy: 0.9090
1563/1563 [==============================] - ETA: 0s - loss: 0.2539 - accuracy: 0.9089
1563/1563 [==============================] - 52s 33ms/step - loss: 0.2539 - accuracy: 0.9089 - val_loss: 1.0912 - val_accuracy: 0.7236
Epoch 12/100

   1/1563 [..............................] - ETA: 1:13 - loss: 0.0970 - accuracy: 1.0000
   3/1563 [..............................] - ETA: 48s - loss: 0.0859 - accuracy: 0.9896 
   5/1563 [..............................] - ETA: 51s - loss: 0.1207 - accuracy: 0.9750
   7/1563 [..............................] - ETA: 50s - loss: 0.1609 - accuracy: 0.9643
   9/1563 [..............................] - ETA: 47s - loss: 0.1512 - accuracy: 0.9618
  11/1563 [..............................] - ETA: 48s - loss: 0.1847 - accuracy: 0.9489
  13/1563 [..............................] - ETA: 46s - loss: 0.1797 - accuracy: 0.9471
  16/1563 [..............................] - ETA: 44s - loss: 0.2120 - accuracy: 0.9395
  18/1563 [..............................] - ETA: 46s - loss: 0.2181 - accuracy: 0.9288
  20/1563 [..............................] - ETA: 47s - loss: 0.2150 - accuracy: 0.9297
  22/1563 [..............................] - ETA: 48s - loss: 0.2129 - accuracy: 0.9290
  24/1563 [..............................] - ETA: 48s - loss: 0.2027 - accuracy: 0.9336
  26/1563 [..............................] - ETA: 49s - loss: 0.2035 - accuracy: 0.9339
  29/1563 [..............................] - ETA: 48s - loss: 0.2032 - accuracy: 0.9310
  32/1563 [..............................] - ETA: 46s - loss: 0.2055 - accuracy: 0.9297
  35/1563 [..............................] - ETA: 45s - loss: 0.2029 - accuracy: 0.9312
  37/1563 [..............................] - ETA: 45s - loss: 0.1991 - accuracy: 0.9316
  39/1563 [..............................] - ETA: 45s - loss: 0.1948 - accuracy: 0.9335
  42/1563 [..............................] - ETA: 44s - loss: 0.1975 - accuracy: 0.9308
  44/1563 [..............................] - ETA: 44s - loss: 0.1944 - accuracy: 0.9318
  46/1563 [..............................] - ETA: 44s - loss: 0.1914 - accuracy: 0.9327
  48/1563 [..............................] - ETA: 44s - loss: 0.1912 - accuracy: 0.9336
  50/1563 [..............................] - ETA: 44s - loss: 0.1893 - accuracy: 0.9344
  52/1563 [..............................] - ETA: 44s - loss: 0.1933 - accuracy: 0.9345
  54/1563 [>.............................] - ETA: 44s - loss: 0.1906 - accuracy: 0.9352
  57/1563 [>.............................] - ETA: 43s - loss: 0.1918 - accuracy: 0.9342
  59/1563 [>.............................] - ETA: 44s - loss: 0.1894 - accuracy: 0.9349
  61/1563 [>.............................] - ETA: 44s - loss: 0.1902 - accuracy: 0.9349
  63/1563 [>.............................] - ETA: 45s - loss: 0.1882 - accuracy: 0.9355
  65/1563 [>.............................] - ETA: 45s - loss: 0.1835 - accuracy: 0.9375
  67/1563 [>.............................] - ETA: 45s - loss: 0.1817 - accuracy: 0.9370
  69/1563 [>.............................] - ETA: 45s - loss: 0.1816 - accuracy: 0.9366
  71/1563 [>.............................] - ETA: 45s - loss: 0.1797 - accuracy: 0.9366
  73/1563 [>.............................] - ETA: 45s - loss: 0.1814 - accuracy: 0.9362
  75/1563 [>.............................] - ETA: 45s - loss: 0.1818 - accuracy: 0.9354
  77/1563 [>.............................] - ETA: 46s - loss: 0.1873 - accuracy: 0.9347
  79/1563 [>.............................] - ETA: 46s - loss: 0.1849 - accuracy: 0.9359
  82/1563 [>.............................] - ETA: 45s - loss: 0.1817 - accuracy: 0.9379
  84/1563 [>.............................] - ETA: 46s - loss: 0.1835 - accuracy: 0.9368
  86/1563 [>.............................] - ETA: 45s - loss: 0.1858 - accuracy: 0.9360
  89/1563 [>.............................] - ETA: 45s - loss: 0.1850 - accuracy: 0.9361
  92/1563 [>.............................] - ETA: 44s - loss: 0.1846 - accuracy: 0.9358
  94/1563 [>.............................] - ETA: 44s - loss: 0.1826 - accuracy: 0.9362
  96/1563 [>.............................] - ETA: 45s - loss: 0.1812 - accuracy: 0.9365
  98/1563 [>.............................] - ETA: 45s - loss: 0.1826 - accuracy: 0.9369
 100/1563 [>.............................] - ETA: 45s - loss: 0.1803 - accuracy: 0.9378
 102/1563 [>.............................] - ETA: 45s - loss: 0.1807 - accuracy: 0.9372
 104/1563 [>.............................] - ETA: 45s - loss: 0.1793 - accuracy: 0.9378
 106/1563 [=>............................] - ETA: 45s - loss: 0.1778 - accuracy: 0.9387
 108/1563 [=>............................] - ETA: 45s - loss: 0.1786 - accuracy: 0.9384
 110/1563 [=>............................] - ETA: 45s - loss: 0.1789 - accuracy: 0.9381
 112/1563 [=>............................] - ETA: 45s - loss: 0.1771 - accuracy: 0.9389
 114/1563 [=>............................] - ETA: 45s - loss: 0.1771 - accuracy: 0.9391
 116/1563 [=>............................] - ETA: 44s - loss: 0.1761 - accuracy: 0.9394
 118/1563 [=>............................] - ETA: 44s - loss: 0.1793 - accuracy: 0.9383
 120/1563 [=>............................] - ETA: 45s - loss: 0.1798 - accuracy: 0.9383
 122/1563 [=>............................] - ETA: 45s - loss: 0.1794 - accuracy: 0.9388
 124/1563 [=>............................] - ETA: 45s - loss: 0.1798 - accuracy: 0.9385
 127/1563 [=>............................] - ETA: 44s - loss: 0.1788 - accuracy: 0.9387
 129/1563 [=>............................] - ETA: 44s - loss: 0.1790 - accuracy: 0.9382
 132/1563 [=>............................] - ETA: 44s - loss: 0.1774 - accuracy: 0.9384
 135/1563 [=>............................] - ETA: 43s - loss: 0.1789 - accuracy: 0.9380
 137/1563 [=>............................] - ETA: 43s - loss: 0.1780 - accuracy: 0.9382
 140/1563 [=>............................] - ETA: 43s - loss: 0.1780 - accuracy: 0.9386
 142/1563 [=>............................] - ETA: 43s - loss: 0.1787 - accuracy: 0.9382
 144/1563 [=>............................] - ETA: 43s - loss: 0.1774 - accuracy: 0.9388
 146/1563 [=>............................] - ETA: 43s - loss: 0.1770 - accuracy: 0.9388
 148/1563 [=>............................] - ETA: 43s - loss: 0.1764 - accuracy: 0.9392
 150/1563 [=>............................] - ETA: 43s - loss: 0.1774 - accuracy: 0.9388
 151/1563 [=>............................] - ETA: 43s - loss: 0.1774 - accuracy: 0.9387
 154/1563 [=>............................] - ETA: 43s - loss: 0.1763 - accuracy: 0.9393
 157/1563 [==>...........................] - ETA: 43s - loss: 0.1747 - accuracy: 0.9401
 160/1563 [==>...........................] - ETA: 43s - loss: 0.1752 - accuracy: 0.9396
 163/1563 [==>...........................] - ETA: 42s - loss: 0.1765 - accuracy: 0.9396
 165/1563 [==>...........................] - ETA: 42s - loss: 0.1757 - accuracy: 0.9398
 167/1563 [==>...........................] - ETA: 42s - loss: 0.1756 - accuracy: 0.9397
 169/1563 [==>...........................] - ETA: 42s - loss: 0.1752 - accuracy: 0.9399
 172/1563 [==>...........................] - ETA: 42s - loss: 0.1773 - accuracy: 0.9386
 175/1563 [==>...........................] - ETA: 42s - loss: 0.1764 - accuracy: 0.9388
 178/1563 [==>...........................] - ETA: 41s - loss: 0.1760 - accuracy: 0.9389
 181/1563 [==>...........................] - ETA: 41s - loss: 0.1767 - accuracy: 0.9391
 183/1563 [==>...........................] - ETA: 41s - loss: 0.1772 - accuracy: 0.9392
 185/1563 [==>...........................] - ETA: 41s - loss: 0.1769 - accuracy: 0.9394
 188/1563 [==>...........................] - ETA: 41s - loss: 0.1770 - accuracy: 0.9397
 190/1563 [==>...........................] - ETA: 41s - loss: 0.1773 - accuracy: 0.9393
 192/1563 [==>...........................] - ETA: 41s - loss: 0.1767 - accuracy: 0.9396
 195/1563 [==>...........................] - ETA: 41s - loss: 0.1771 - accuracy: 0.9393
 197/1563 [==>...........................] - ETA: 41s - loss: 0.1769 - accuracy: 0.9394
 199/1563 [==>...........................] - ETA: 41s - loss: 0.1767 - accuracy: 0.9394
 201/1563 [==>...........................] - ETA: 41s - loss: 0.1771 - accuracy: 0.9394
 203/1563 [==>...........................] - ETA: 41s - loss: 0.1767 - accuracy: 0.9395
 206/1563 [==>...........................] - ETA: 41s - loss: 0.1768 - accuracy: 0.9392
 208/1563 [==>...........................] - ETA: 41s - loss: 0.1764 - accuracy: 0.9390
 210/1563 [===>..........................] - ETA: 41s - loss: 0.1756 - accuracy: 0.9391
 212/1563 [===>..........................] - ETA: 41s - loss: 0.1771 - accuracy: 0.9387
 214/1563 [===>..........................] - ETA: 41s - loss: 0.1773 - accuracy: 0.9384
 216/1563 [===>..........................] - ETA: 41s - loss: 0.1761 - accuracy: 0.9389
 218/1563 [===>..........................] - ETA: 41s - loss: 0.1765 - accuracy: 0.9388
 220/1563 [===>..........................] - ETA: 41s - loss: 0.1770 - accuracy: 0.9386
 222/1563 [===>..........................] - ETA: 41s - loss: 0.1765 - accuracy: 0.9388
 224/1563 [===>..........................] - ETA: 41s - loss: 0.1769 - accuracy: 0.9385
 226/1563 [===>..........................] - ETA: 41s - loss: 0.1769 - accuracy: 0.9385
 229/1563 [===>..........................] - ETA: 41s - loss: 0.1767 - accuracy: 0.9386
 231/1563 [===>..........................] - ETA: 41s - loss: 0.1770 - accuracy: 0.9384
 233/1563 [===>..........................] - ETA: 41s - loss: 0.1767 - accuracy: 0.9386
 236/1563 [===>..........................] - ETA: 40s - loss: 0.1762 - accuracy: 0.9386
 239/1563 [===>..........................] - ETA: 40s - loss: 0.1761 - accuracy: 0.9384
 241/1563 [===>..........................] - ETA: 40s - loss: 0.1760 - accuracy: 0.9383
 244/1563 [===>..........................] - ETA: 40s - loss: 0.1753 - accuracy: 0.9384
 247/1563 [===>..........................] - ETA: 40s - loss: 0.1765 - accuracy: 0.9378
 249/1563 [===>..........................] - ETA: 40s - loss: 0.1772 - accuracy: 0.9375
 252/1563 [===>..........................] - ETA: 39s - loss: 0.1775 - accuracy: 0.9374
 255/1563 [===>..........................] - ETA: 39s - loss: 0.1772 - accuracy: 0.9376
 258/1563 [===>..........................] - ETA: 39s - loss: 0.1783 - accuracy: 0.9373
 261/1563 [====>.........................] - ETA: 39s - loss: 0.1777 - accuracy: 0.9374
 263/1563 [====>.........................] - ETA: 39s - loss: 0.1777 - accuracy: 0.9371
 265/1563 [====>.........................] - ETA: 39s - loss: 0.1772 - accuracy: 0.9374
 267/1563 [====>.........................] - ETA: 39s - loss: 0.1768 - accuracy: 0.9371
 270/1563 [====>.........................] - ETA: 39s - loss: 0.1762 - accuracy: 0.9376
 272/1563 [====>.........................] - ETA: 39s - loss: 0.1763 - accuracy: 0.9374
 274/1563 [====>.........................] - ETA: 39s - loss: 0.1762 - accuracy: 0.9375
 276/1563 [====>.........................] - ETA: 39s - loss: 0.1754 - accuracy: 0.9380
 278/1563 [====>.........................] - ETA: 39s - loss: 0.1753 - accuracy: 0.9379
 281/1563 [====>.........................] - ETA: 39s - loss: 0.1758 - accuracy: 0.9374
 283/1563 [====>.........................] - ETA: 38s - loss: 0.1775 - accuracy: 0.9366
 286/1563 [====>.........................] - ETA: 38s - loss: 0.1778 - accuracy: 0.9365
 289/1563 [====>.........................] - ETA: 38s - loss: 0.1783 - accuracy: 0.9364
 291/1563 [====>.........................] - ETA: 38s - loss: 0.1794 - accuracy: 0.9360
 294/1563 [====>.........................] - ETA: 38s - loss: 0.1802 - accuracy: 0.9358
 297/1563 [====>.........................] - ETA: 38s - loss: 0.1810 - accuracy: 0.9358
 300/1563 [====>.........................] - ETA: 37s - loss: 0.1807 - accuracy: 0.9359
 303/1563 [====>.........................] - ETA: 37s - loss: 0.1801 - accuracy: 0.9362
 305/1563 [====>.........................] - ETA: 37s - loss: 0.1803 - accuracy: 0.9361
 307/1563 [====>.........................] - ETA: 37s - loss: 0.1806 - accuracy: 0.9360
 310/1563 [====>.........................] - ETA: 37s - loss: 0.1800 - accuracy: 0.9361
 312/1563 [====>.........................] - ETA: 37s - loss: 0.1803 - accuracy: 0.9358
 314/1563 [=====>........................] - ETA: 37s - loss: 0.1806 - accuracy: 0.9357
 316/1563 [=====>........................] - ETA: 37s - loss: 0.1802 - accuracy: 0.9358
 319/1563 [=====>........................] - ETA: 37s - loss: 0.1803 - accuracy: 0.9354
 321/1563 [=====>........................] - ETA: 37s - loss: 0.1804 - accuracy: 0.9353
 324/1563 [=====>........................] - ETA: 37s - loss: 0.1806 - accuracy: 0.9349
 327/1563 [=====>........................] - ETA: 36s - loss: 0.1812 - accuracy: 0.9345
 329/1563 [=====>........................] - ETA: 36s - loss: 0.1811 - accuracy: 0.9345
 332/1563 [=====>........................] - ETA: 36s - loss: 0.1811 - accuracy: 0.9344
 334/1563 [=====>........................] - ETA: 36s - loss: 0.1813 - accuracy: 0.9342
 336/1563 [=====>........................] - ETA: 36s - loss: 0.1815 - accuracy: 0.9343
 338/1563 [=====>........................] - ETA: 36s - loss: 0.1819 - accuracy: 0.9342
 340/1563 [=====>........................] - ETA: 36s - loss: 0.1817 - accuracy: 0.9343
 342/1563 [=====>........................] - ETA: 36s - loss: 0.1818 - accuracy: 0.9342
 344/1563 [=====>........................] - ETA: 36s - loss: 0.1816 - accuracy: 0.9343
 346/1563 [=====>........................] - ETA: 36s - loss: 0.1819 - accuracy: 0.9341
 349/1563 [=====>........................] - ETA: 36s - loss: 0.1824 - accuracy: 0.9341
 351/1563 [=====>........................] - ETA: 36s - loss: 0.1828 - accuracy: 0.9339
 353/1563 [=====>........................] - ETA: 36s - loss: 0.1822 - accuracy: 0.9342
 355/1563 [=====>........................] - ETA: 36s - loss: 0.1820 - accuracy: 0.9342
 357/1563 [=====>........................] - ETA: 36s - loss: 0.1815 - accuracy: 0.9344
 360/1563 [=====>........................] - ETA: 36s - loss: 0.1814 - accuracy: 0.9346
 363/1563 [=====>........................] - ETA: 35s - loss: 0.1810 - accuracy: 0.9348
 365/1563 [======>.......................] - ETA: 35s - loss: 0.1812 - accuracy: 0.9349
 367/1563 [======>.......................] - ETA: 35s - loss: 0.1817 - accuracy: 0.9348
 370/1563 [======>.......................] - ETA: 35s - loss: 0.1811 - accuracy: 0.9351
 372/1563 [======>.......................] - ETA: 35s - loss: 0.1811 - accuracy: 0.9350
 374/1563 [======>.......................] - ETA: 35s - loss: 0.1810 - accuracy: 0.9349
 377/1563 [======>.......................] - ETA: 35s - loss: 0.1814 - accuracy: 0.9348
 380/1563 [======>.......................] - ETA: 35s - loss: 0.1813 - accuracy: 0.9349
 383/1563 [======>.......................] - ETA: 35s - loss: 0.1807 - accuracy: 0.9351
 385/1563 [======>.......................] - ETA: 35s - loss: 0.1805 - accuracy: 0.9352
 387/1563 [======>.......................] - ETA: 35s - loss: 0.1802 - accuracy: 0.9353
 389/1563 [======>.......................] - ETA: 35s - loss: 0.1808 - accuracy: 0.9352
 391/1563 [======>.......................] - ETA: 35s - loss: 0.1814 - accuracy: 0.9346
 393/1563 [======>.......................] - ETA: 35s - loss: 0.1813 - accuracy: 0.9347
 395/1563 [======>.......................] - ETA: 35s - loss: 0.1809 - accuracy: 0.9350
 397/1563 [======>.......................] - ETA: 35s - loss: 0.1822 - accuracy: 0.9346
 399/1563 [======>.......................] - ETA: 34s - loss: 0.1816 - accuracy: 0.9348
 402/1563 [======>.......................] - ETA: 34s - loss: 0.1812 - accuracy: 0.9349
 404/1563 [======>.......................] - ETA: 34s - loss: 0.1811 - accuracy: 0.9349
 406/1563 [======>.......................] - ETA: 34s - loss: 0.1810 - accuracy: 0.9348
 408/1563 [======>.......................] - ETA: 34s - loss: 0.1811 - accuracy: 0.9347
 410/1563 [======>.......................] - ETA: 34s - loss: 0.1807 - accuracy: 0.9348
 412/1563 [======>.......................] - ETA: 34s - loss: 0.1803 - accuracy: 0.9349
 414/1563 [======>.......................] - ETA: 34s - loss: 0.1800 - accuracy: 0.9350
 417/1563 [=======>......................] - ETA: 34s - loss: 0.1810 - accuracy: 0.9344
 420/1563 [=======>......................] - ETA: 34s - loss: 0.1807 - accuracy: 0.9347
 423/1563 [=======>......................] - ETA: 34s - loss: 0.1808 - accuracy: 0.9346
 425/1563 [=======>......................] - ETA: 34s - loss: 0.1806 - accuracy: 0.9348
 427/1563 [=======>......................] - ETA: 34s - loss: 0.1805 - accuracy: 0.9348
 429/1563 [=======>......................] - ETA: 33s - loss: 0.1806 - accuracy: 0.9347
 431/1563 [=======>......................] - ETA: 33s - loss: 0.1815 - accuracy: 0.9345
 433/1563 [=======>......................] - ETA: 33s - loss: 0.1815 - accuracy: 0.9345
 436/1563 [=======>......................] - ETA: 33s - loss: 0.1813 - accuracy: 0.9345
 438/1563 [=======>......................] - ETA: 33s - loss: 0.1814 - accuracy: 0.9345
 441/1563 [=======>......................] - ETA: 33s - loss: 0.1813 - accuracy: 0.9344
 444/1563 [=======>......................] - ETA: 33s - loss: 0.1807 - accuracy: 0.9347
 446/1563 [=======>......................] - ETA: 33s - loss: 0.1806 - accuracy: 0.9348
 448/1563 [=======>......................] - ETA: 33s - loss: 0.1808 - accuracy: 0.9346
 450/1563 [=======>......................] - ETA: 33s - loss: 0.1803 - accuracy: 0.9349
 453/1563 [=======>......................] - ETA: 33s - loss: 0.1804 - accuracy: 0.9349
 455/1563 [=======>......................] - ETA: 33s - loss: 0.1803 - accuracy: 0.9349
 457/1563 [=======>......................] - ETA: 33s - loss: 0.1802 - accuracy: 0.9349
 459/1563 [=======>......................] - ETA: 33s - loss: 0.1800 - accuracy: 0.9349
 461/1563 [=======>......................] - ETA: 33s - loss: 0.1802 - accuracy: 0.9348
 463/1563 [=======>......................] - ETA: 33s - loss: 0.1799 - accuracy: 0.9348
 465/1563 [=======>......................] - ETA: 32s - loss: 0.1797 - accuracy: 0.9349
 467/1563 [=======>......................] - ETA: 32s - loss: 0.1796 - accuracy: 0.9350
 469/1563 [========>.....................] - ETA: 32s - loss: 0.1798 - accuracy: 0.9349
 471/1563 [========>.....................] - ETA: 32s - loss: 0.1801 - accuracy: 0.9349
 473/1563 [========>.....................] - ETA: 32s - loss: 0.1801 - accuracy: 0.9347
 475/1563 [========>.....................] - ETA: 32s - loss: 0.1802 - accuracy: 0.9348
 478/1563 [========>.....................] - ETA: 32s - loss: 0.1802 - accuracy: 0.9350
 480/1563 [========>.....................] - ETA: 32s - loss: 0.1799 - accuracy: 0.9352
 482/1563 [========>.....................] - ETA: 32s - loss: 0.1802 - accuracy: 0.9351
 484/1563 [========>.....................] - ETA: 32s - loss: 0.1800 - accuracy: 0.9352
 486/1563 [========>.....................] - ETA: 32s - loss: 0.1801 - accuracy: 0.9352
 488/1563 [========>.....................] - ETA: 32s - loss: 0.1806 - accuracy: 0.9351
 490/1563 [========>.....................] - ETA: 32s - loss: 0.1804 - accuracy: 0.9352
 493/1563 [========>.....................] - ETA: 32s - loss: 0.1803 - accuracy: 0.9353
 495/1563 [========>.....................] - ETA: 32s - loss: 0.1803 - accuracy: 0.9353
 497/1563 [========>.....................] - ETA: 32s - loss: 0.1806 - accuracy: 0.9352
 499/1563 [========>.....................] - ETA: 32s - loss: 0.1808 - accuracy: 0.9351
 501/1563 [========>.....................] - ETA: 32s - loss: 0.1810 - accuracy: 0.9349
 503/1563 [========>.....................] - ETA: 32s - loss: 0.1817 - accuracy: 0.9348
 505/1563 [========>.....................] - ETA: 32s - loss: 0.1823 - accuracy: 0.9347
 507/1563 [========>.....................] - ETA: 31s - loss: 0.1825 - accuracy: 0.9347
 510/1563 [========>.....................] - ETA: 31s - loss: 0.1823 - accuracy: 0.9346
 512/1563 [========>.....................] - ETA: 31s - loss: 0.1827 - accuracy: 0.9346
 515/1563 [========>.....................] - ETA: 31s - loss: 0.1825 - accuracy: 0.9346
 518/1563 [========>.....................] - ETA: 31s - loss: 0.1830 - accuracy: 0.9344
 521/1563 [=========>....................] - ETA: 31s - loss: 0.1834 - accuracy: 0.9341
 523/1563 [=========>....................] - ETA: 31s - loss: 0.1834 - accuracy: 0.9342
 526/1563 [=========>....................] - ETA: 31s - loss: 0.1836 - accuracy: 0.9339
 528/1563 [=========>....................] - ETA: 31s - loss: 0.1835 - accuracy: 0.9338
 530/1563 [=========>....................] - ETA: 31s - loss: 0.1840 - accuracy: 0.9337
 532/1563 [=========>....................] - ETA: 30s - loss: 0.1839 - accuracy: 0.9338
 534/1563 [=========>....................] - ETA: 30s - loss: 0.1837 - accuracy: 0.9338
 536/1563 [=========>....................] - ETA: 30s - loss: 0.1836 - accuracy: 0.9339
 538/1563 [=========>....................] - ETA: 30s - loss: 0.1836 - accuracy: 0.9340
 540/1563 [=========>....................] - ETA: 30s - loss: 0.1839 - accuracy: 0.9338
 543/1563 [=========>....................] - ETA: 30s - loss: 0.1841 - accuracy: 0.9338
 545/1563 [=========>....................] - ETA: 30s - loss: 0.1839 - accuracy: 0.9338
 547/1563 [=========>....................] - ETA: 30s - loss: 0.1835 - accuracy: 0.9341
 549/1563 [=========>....................] - ETA: 30s - loss: 0.1831 - accuracy: 0.9343
 551/1563 [=========>....................] - ETA: 30s - loss: 0.1837 - accuracy: 0.9340
 553/1563 [=========>....................] - ETA: 30s - loss: 0.1837 - accuracy: 0.9339
 555/1563 [=========>....................] - ETA: 30s - loss: 0.1837 - accuracy: 0.9340
 557/1563 [=========>....................] - ETA: 30s - loss: 0.1853 - accuracy: 0.9337
 559/1563 [=========>....................] - ETA: 30s - loss: 0.1853 - accuracy: 0.9338
 561/1563 [=========>....................] - ETA: 30s - loss: 0.1852 - accuracy: 0.9338
 563/1563 [=========>....................] - ETA: 30s - loss: 0.1850 - accuracy: 0.9338
 565/1563 [=========>....................] - ETA: 30s - loss: 0.1850 - accuracy: 0.9338
 568/1563 [=========>....................] - ETA: 30s - loss: 0.1848 - accuracy: 0.9339
 570/1563 [=========>....................] - ETA: 30s - loss: 0.1850 - accuracy: 0.9338
 572/1563 [=========>....................] - ETA: 30s - loss: 0.1854 - accuracy: 0.9337
 574/1563 [==========>...................] - ETA: 30s - loss: 0.1855 - accuracy: 0.9337
 577/1563 [==========>...................] - ETA: 29s - loss: 0.1857 - accuracy: 0.9335
 579/1563 [==========>...................] - ETA: 29s - loss: 0.1858 - accuracy: 0.9336
 581/1563 [==========>...................] - ETA: 29s - loss: 0.1859 - accuracy: 0.9336
 584/1563 [==========>...................] - ETA: 29s - loss: 0.1861 - accuracy: 0.9335
 587/1563 [==========>...................] - ETA: 29s - loss: 0.1857 - accuracy: 0.9336
 589/1563 [==========>...................] - ETA: 29s - loss: 0.1856 - accuracy: 0.9337
 591/1563 [==========>...................] - ETA: 29s - loss: 0.1858 - accuracy: 0.9335
 593/1563 [==========>...................] - ETA: 29s - loss: 0.1856 - accuracy: 0.9336
 595/1563 [==========>...................] - ETA: 29s - loss: 0.1855 - accuracy: 0.9335
 598/1563 [==========>...................] - ETA: 29s - loss: 0.1863 - accuracy: 0.9333
 601/1563 [==========>...................] - ETA: 29s - loss: 0.1866 - accuracy: 0.9333
 603/1563 [==========>...................] - ETA: 29s - loss: 0.1867 - accuracy: 0.9332
 605/1563 [==========>...................] - ETA: 28s - loss: 0.1864 - accuracy: 0.9333
 607/1563 [==========>...................] - ETA: 28s - loss: 0.1869 - accuracy: 0.9331
 609/1563 [==========>...................] - ETA: 28s - loss: 0.1869 - accuracy: 0.9331
 611/1563 [==========>...................] - ETA: 28s - loss: 0.1873 - accuracy: 0.9329
 613/1563 [==========>...................] - ETA: 28s - loss: 0.1874 - accuracy: 0.9329
 615/1563 [==========>...................] - ETA: 28s - loss: 0.1880 - accuracy: 0.9327
 618/1563 [==========>...................] - ETA: 28s - loss: 0.1880 - accuracy: 0.9327
 620/1563 [==========>...................] - ETA: 28s - loss: 0.1882 - accuracy: 0.9327
 621/1563 [==========>...................] - ETA: 28s - loss: 0.1885 - accuracy: 0.9326
 623/1563 [==========>...................] - ETA: 28s - loss: 0.1889 - accuracy: 0.9324
 626/1563 [===========>..................] - ETA: 28s - loss: 0.1886 - accuracy: 0.9325
 628/1563 [===========>..................] - ETA: 28s - loss: 0.1884 - accuracy: 0.9326
 630/1563 [===========>..................] - ETA: 28s - loss: 0.1883 - accuracy: 0.9326
 633/1563 [===========>..................] - ETA: 28s - loss: 0.1881 - accuracy: 0.9328
 635/1563 [===========>..................] - ETA: 28s - loss: 0.1882 - accuracy: 0.9327
 638/1563 [===========>..................] - ETA: 28s - loss: 0.1882 - accuracy: 0.9327
 640/1563 [===========>..................] - ETA: 27s - loss: 0.1880 - accuracy: 0.9328
 642/1563 [===========>..................] - ETA: 27s - loss: 0.1880 - accuracy: 0.9328
 644/1563 [===========>..................] - ETA: 27s - loss: 0.1883 - accuracy: 0.9328
 646/1563 [===========>..................] - ETA: 27s - loss: 0.1888 - accuracy: 0.9327
 648/1563 [===========>..................] - ETA: 27s - loss: 0.1886 - accuracy: 0.9328
 650/1563 [===========>..................] - ETA: 27s - loss: 0.1886 - accuracy: 0.9328
 653/1563 [===========>..................] - ETA: 27s - loss: 0.1883 - accuracy: 0.9330
 656/1563 [===========>..................] - ETA: 27s - loss: 0.1883 - accuracy: 0.9329
 658/1563 [===========>..................] - ETA: 27s - loss: 0.1882 - accuracy: 0.9329
 660/1563 [===========>..................] - ETA: 27s - loss: 0.1881 - accuracy: 0.9330
 663/1563 [===========>..................] - ETA: 27s - loss: 0.1881 - accuracy: 0.9330
 666/1563 [===========>..................] - ETA: 27s - loss: 0.1881 - accuracy: 0.9329
 668/1563 [===========>..................] - ETA: 27s - loss: 0.1884 - accuracy: 0.9328
 670/1563 [===========>..................] - ETA: 27s - loss: 0.1886 - accuracy: 0.9327
 672/1563 [===========>..................] - ETA: 26s - loss: 0.1888 - accuracy: 0.9327
 675/1563 [===========>..................] - ETA: 26s - loss: 0.1886 - accuracy: 0.9328
 677/1563 [===========>..................] - ETA: 26s - loss: 0.1884 - accuracy: 0.9328
 679/1563 [============>.................] - ETA: 26s - loss: 0.1888 - accuracy: 0.9326
 682/1563 [============>.................] - ETA: 26s - loss: 0.1887 - accuracy: 0.9326
 684/1563 [============>.................] - ETA: 26s - loss: 0.1886 - accuracy: 0.9326
 686/1563 [============>.................] - ETA: 26s - loss: 0.1882 - accuracy: 0.9328
 688/1563 [============>.................] - ETA: 26s - loss: 0.1883 - accuracy: 0.9327
 690/1563 [============>.................] - ETA: 26s - loss: 0.1880 - accuracy: 0.9328
 692/1563 [============>.................] - ETA: 26s - loss: 0.1882 - accuracy: 0.9326
 694/1563 [============>.................] - ETA: 26s - loss: 0.1879 - accuracy: 0.9327
 696/1563 [============>.................] - ETA: 26s - loss: 0.1879 - accuracy: 0.9327
 698/1563 [============>.................] - ETA: 26s - loss: 0.1883 - accuracy: 0.9326
 700/1563 [============>.................] - ETA: 26s - loss: 0.1882 - accuracy: 0.9326
 702/1563 [============>.................] - ETA: 26s - loss: 0.1883 - accuracy: 0.9326
 704/1563 [============>.................] - ETA: 26s - loss: 0.1886 - accuracy: 0.9324
 706/1563 [============>.................] - ETA: 26s - loss: 0.1883 - accuracy: 0.9325
 708/1563 [============>.................] - ETA: 25s - loss: 0.1887 - accuracy: 0.9324
 710/1563 [============>.................] - ETA: 25s - loss: 0.1885 - accuracy: 0.9324
 713/1563 [============>.................] - ETA: 25s - loss: 0.1887 - accuracy: 0.9323
 716/1563 [============>.................] - ETA: 25s - loss: 0.1885 - accuracy: 0.9324
 719/1563 [============>.................] - ETA: 25s - loss: 0.1888 - accuracy: 0.9323
 721/1563 [============>.................] - ETA: 25s - loss: 0.1886 - accuracy: 0.9323
 723/1563 [============>.................] - ETA: 25s - loss: 0.1889 - accuracy: 0.9323
 726/1563 [============>.................] - ETA: 25s - loss: 0.1887 - accuracy: 0.9324
 728/1563 [============>.................] - ETA: 25s - loss: 0.1892 - accuracy: 0.9323
 730/1563 [=============>................] - ETA: 25s - loss: 0.1891 - accuracy: 0.9323
 733/1563 [=============>................] - ETA: 25s - loss: 0.1891 - accuracy: 0.9323
 735/1563 [=============>................] - ETA: 25s - loss: 0.1894 - accuracy: 0.9323
 738/1563 [=============>................] - ETA: 24s - loss: 0.1894 - accuracy: 0.9324
 740/1563 [=============>................] - ETA: 24s - loss: 0.1892 - accuracy: 0.9325
 742/1563 [=============>................] - ETA: 24s - loss: 0.1892 - accuracy: 0.9325
 744/1563 [=============>................] - ETA: 24s - loss: 0.1893 - accuracy: 0.9325
 746/1563 [=============>................] - ETA: 24s - loss: 0.1893 - accuracy: 0.9325
 748/1563 [=============>................] - ETA: 24s - loss: 0.1893 - accuracy: 0.9324
 750/1563 [=============>................] - ETA: 24s - loss: 0.1891 - accuracy: 0.9325
 752/1563 [=============>................] - ETA: 24s - loss: 0.1891 - accuracy: 0.9324
 754/1563 [=============>................] - ETA: 24s - loss: 0.1894 - accuracy: 0.9322
 756/1563 [=============>................] - ETA: 24s - loss: 0.1893 - accuracy: 0.9323
 758/1563 [=============>................] - ETA: 24s - loss: 0.1894 - accuracy: 0.9321
 760/1563 [=============>................] - ETA: 24s - loss: 0.1896 - accuracy: 0.9321
 762/1563 [=============>................] - ETA: 24s - loss: 0.1899 - accuracy: 0.9319
 765/1563 [=============>................] - ETA: 24s - loss: 0.1897 - accuracy: 0.9319
 767/1563 [=============>................] - ETA: 24s - loss: 0.1899 - accuracy: 0.9320
 770/1563 [=============>................] - ETA: 24s - loss: 0.1904 - accuracy: 0.9317
 772/1563 [=============>................] - ETA: 23s - loss: 0.1905 - accuracy: 0.9316
 774/1563 [=============>................] - ETA: 23s - loss: 0.1905 - accuracy: 0.9316
 776/1563 [=============>................] - ETA: 23s - loss: 0.1909 - accuracy: 0.9316
 779/1563 [=============>................] - ETA: 23s - loss: 0.1915 - accuracy: 0.9315
 781/1563 [=============>................] - ETA: 23s - loss: 0.1914 - accuracy: 0.9316
 784/1563 [==============>...............] - ETA: 23s - loss: 0.1915 - accuracy: 0.9315
 787/1563 [==============>...............] - ETA: 23s - loss: 0.1917 - accuracy: 0.9314
 789/1563 [==============>...............] - ETA: 23s - loss: 0.1920 - accuracy: 0.9312
 792/1563 [==============>...............] - ETA: 23s - loss: 0.1921 - accuracy: 0.9312
 794/1563 [==============>...............] - ETA: 23s - loss: 0.1924 - accuracy: 0.9310
 796/1563 [==============>...............] - ETA: 23s - loss: 0.1926 - accuracy: 0.9310
 798/1563 [==============>...............] - ETA: 23s - loss: 0.1926 - accuracy: 0.9311
 800/1563 [==============>...............] - ETA: 23s - loss: 0.1927 - accuracy: 0.9311
 802/1563 [==============>...............] - ETA: 23s - loss: 0.1928 - accuracy: 0.9310
 804/1563 [==============>...............] - ETA: 23s - loss: 0.1929 - accuracy: 0.9310
 806/1563 [==============>...............] - ETA: 22s - loss: 0.1929 - accuracy: 0.9311
 808/1563 [==============>...............] - ETA: 22s - loss: 0.1930 - accuracy: 0.9310
 810/1563 [==============>...............] - ETA: 22s - loss: 0.1930 - accuracy: 0.9310
 813/1563 [==============>...............] - ETA: 22s - loss: 0.1932 - accuracy: 0.9309
 816/1563 [==============>...............] - ETA: 22s - loss: 0.1934 - accuracy: 0.9310
 818/1563 [==============>...............] - ETA: 22s - loss: 0.1934 - accuracy: 0.9309
 820/1563 [==============>...............] - ETA: 22s - loss: 0.1935 - accuracy: 0.9309
 822/1563 [==============>...............] - ETA: 22s - loss: 0.1938 - accuracy: 0.9307
 824/1563 [==============>...............] - ETA: 22s - loss: 0.1937 - accuracy: 0.9308
 826/1563 [==============>...............] - ETA: 22s - loss: 0.1938 - accuracy: 0.9307
 828/1563 [==============>...............] - ETA: 22s - loss: 0.1943 - accuracy: 0.9306
 830/1563 [==============>...............] - ETA: 22s - loss: 0.1949 - accuracy: 0.9302
 832/1563 [==============>...............] - ETA: 22s - loss: 0.1948 - accuracy: 0.9303
 835/1563 [===============>..............] - ETA: 22s - loss: 0.1946 - accuracy: 0.9303
 837/1563 [===============>..............] - ETA: 22s - loss: 0.1945 - accuracy: 0.9304
 839/1563 [===============>..............] - ETA: 22s - loss: 0.1947 - accuracy: 0.9304
 841/1563 [===============>..............] - ETA: 21s - loss: 0.1946 - accuracy: 0.9305
 843/1563 [===============>..............] - ETA: 21s - loss: 0.1947 - accuracy: 0.9303
 845/1563 [===============>..............] - ETA: 21s - loss: 0.1947 - accuracy: 0.9304
 847/1563 [===============>..............] - ETA: 21s - loss: 0.1949 - accuracy: 0.9303
 849/1563 [===============>..............] - ETA: 21s - loss: 0.1951 - accuracy: 0.9302
 851/1563 [===============>..............] - ETA: 21s - loss: 0.1953 - accuracy: 0.9301
 853/1563 [===============>..............] - ETA: 21s - loss: 0.1954 - accuracy: 0.9301
 855/1563 [===============>..............] - ETA: 21s - loss: 0.1953 - accuracy: 0.9302
 858/1563 [===============>..............] - ETA: 21s - loss: 0.1955 - accuracy: 0.9301
 860/1563 [===============>..............] - ETA: 21s - loss: 0.1954 - accuracy: 0.9301
 862/1563 [===============>..............] - ETA: 21s - loss: 0.1955 - accuracy: 0.9300
 864/1563 [===============>..............] - ETA: 21s - loss: 0.1954 - accuracy: 0.9300
 866/1563 [===============>..............] - ETA: 21s - loss: 0.1953 - accuracy: 0.9300
 868/1563 [===============>..............] - ETA: 21s - loss: 0.1957 - accuracy: 0.9298
 870/1563 [===============>..............] - ETA: 21s - loss: 0.1955 - accuracy: 0.9299
 873/1563 [===============>..............] - ETA: 21s - loss: 0.1954 - accuracy: 0.9300
 875/1563 [===============>..............] - ETA: 20s - loss: 0.1955 - accuracy: 0.9299
 877/1563 [===============>..............] - ETA: 20s - loss: 0.1957 - accuracy: 0.9299
 879/1563 [===============>..............] - ETA: 20s - loss: 0.1957 - accuracy: 0.9299
 881/1563 [===============>..............] - ETA: 20s - loss: 0.1958 - accuracy: 0.9299
 883/1563 [===============>..............] - ETA: 20s - loss: 0.1958 - accuracy: 0.9299
 886/1563 [================>.............] - ETA: 20s - loss: 0.1958 - accuracy: 0.9298
 889/1563 [================>.............] - ETA: 20s - loss: 0.1957 - accuracy: 0.9299
 891/1563 [================>.............] - ETA: 20s - loss: 0.1956 - accuracy: 0.9299
 893/1563 [================>.............] - ETA: 20s - loss: 0.1958 - accuracy: 0.9299
 895/1563 [================>.............] - ETA: 20s - loss: 0.1959 - accuracy: 0.9299
 897/1563 [================>.............] - ETA: 20s - loss: 0.1957 - accuracy: 0.9300
 899/1563 [================>.............] - ETA: 20s - loss: 0.1957 - accuracy: 0.9300
 902/1563 [================>.............] - ETA: 20s - loss: 0.1956 - accuracy: 0.9301
 905/1563 [================>.............] - ETA: 20s - loss: 0.1955 - accuracy: 0.9300
 908/1563 [================>.............] - ETA: 19s - loss: 0.1956 - accuracy: 0.9301
 911/1563 [================>.............] - ETA: 19s - loss: 0.1962 - accuracy: 0.9299
 913/1563 [================>.............] - ETA: 19s - loss: 0.1960 - accuracy: 0.9299
 916/1563 [================>.............] - ETA: 19s - loss: 0.1962 - accuracy: 0.9298
 918/1563 [================>.............] - ETA: 19s - loss: 0.1966 - accuracy: 0.9296
 920/1563 [================>.............] - ETA: 19s - loss: 0.1965 - accuracy: 0.9297
 922/1563 [================>.............] - ETA: 19s - loss: 0.1963 - accuracy: 0.9297
 924/1563 [================>.............] - ETA: 19s - loss: 0.1964 - accuracy: 0.9297
 926/1563 [================>.............] - ETA: 19s - loss: 0.1963 - accuracy: 0.9298
 929/1563 [================>.............] - ETA: 19s - loss: 0.1966 - accuracy: 0.9296
 931/1563 [================>.............] - ETA: 19s - loss: 0.1966 - accuracy: 0.9295
 933/1563 [================>.............] - ETA: 19s - loss: 0.1964 - accuracy: 0.9296
 936/1563 [================>.............] - ETA: 19s - loss: 0.1965 - accuracy: 0.9296
 939/1563 [=================>............] - ETA: 18s - loss: 0.1964 - accuracy: 0.9296
 941/1563 [=================>............] - ETA: 18s - loss: 0.1967 - accuracy: 0.9295
 943/1563 [=================>............] - ETA: 18s - loss: 0.1969 - accuracy: 0.9294
 945/1563 [=================>............] - ETA: 18s - loss: 0.1971 - accuracy: 0.9293
 947/1563 [=================>............] - ETA: 18s - loss: 0.1972 - accuracy: 0.9293
 949/1563 [=================>............] - ETA: 18s - loss: 0.1974 - accuracy: 0.9293
 952/1563 [=================>............] - ETA: 18s - loss: 0.1975 - accuracy: 0.9292
 954/1563 [=================>............] - ETA: 18s - loss: 0.1977 - accuracy: 0.9291
 956/1563 [=================>............] - ETA: 18s - loss: 0.1978 - accuracy: 0.9291
 959/1563 [=================>............] - ETA: 18s - loss: 0.1980 - accuracy: 0.9291
 961/1563 [=================>............] - ETA: 18s - loss: 0.1981 - accuracy: 0.9289
 963/1563 [=================>............] - ETA: 18s - loss: 0.1984 - accuracy: 0.9288
 965/1563 [=================>............] - ETA: 18s - loss: 0.1982 - accuracy: 0.9289
 967/1563 [=================>............] - ETA: 18s - loss: 0.1983 - accuracy: 0.9288
 970/1563 [=================>............] - ETA: 17s - loss: 0.1988 - accuracy: 0.9286
 972/1563 [=================>............] - ETA: 17s - loss: 0.1991 - accuracy: 0.9285
 974/1563 [=================>............] - ETA: 17s - loss: 0.1992 - accuracy: 0.9285
 976/1563 [=================>............] - ETA: 17s - loss: 0.1990 - accuracy: 0.9285
 978/1563 [=================>............] - ETA: 17s - loss: 0.1990 - accuracy: 0.9284
 981/1563 [=================>............] - ETA: 17s - loss: 0.1992 - accuracy: 0.9284
 984/1563 [=================>............] - ETA: 17s - loss: 0.1996 - accuracy: 0.9284
 986/1563 [=================>............] - ETA: 17s - loss: 0.1997 - accuracy: 0.9283
 988/1563 [=================>............] - ETA: 17s - loss: 0.2001 - accuracy: 0.9282
 990/1563 [==================>...........] - ETA: 17s - loss: 0.2002 - accuracy: 0.9282
 992/1563 [==================>...........] - ETA: 17s - loss: 0.2002 - accuracy: 0.9280
 994/1563 [==================>...........] - ETA: 17s - loss: 0.2004 - accuracy: 0.9280
 996/1563 [==================>...........] - ETA: 17s - loss: 0.2003 - accuracy: 0.9280
 998/1563 [==================>...........] - ETA: 17s - loss: 0.2003 - accuracy: 0.9279
1000/1563 [==================>...........] - ETA: 17s - loss: 0.2003 - accuracy: 0.9279
1002/1563 [==================>...........] - ETA: 17s - loss: 0.2010 - accuracy: 0.9278
1004/1563 [==================>...........] - ETA: 16s - loss: 0.2013 - accuracy: 0.9276
1006/1563 [==================>...........] - ETA: 16s - loss: 0.2014 - accuracy: 0.9277
1008/1563 [==================>...........] - ETA: 16s - loss: 0.2016 - accuracy: 0.9277
1010/1563 [==================>...........] - ETA: 16s - loss: 0.2017 - accuracy: 0.9276
1012/1563 [==================>...........] - ETA: 16s - loss: 0.2021 - accuracy: 0.9275
1014/1563 [==================>...........] - ETA: 16s - loss: 0.2023 - accuracy: 0.9274
1016/1563 [==================>...........] - ETA: 16s - loss: 0.2024 - accuracy: 0.9273
1018/1563 [==================>...........] - ETA: 16s - loss: 0.2025 - accuracy: 0.9273
1020/1563 [==================>...........] - ETA: 16s - loss: 0.2024 - accuracy: 0.9273
1022/1563 [==================>...........] - ETA: 16s - loss: 0.2024 - accuracy: 0.9273
1024/1563 [==================>...........] - ETA: 16s - loss: 0.2026 - accuracy: 0.9273
1026/1563 [==================>...........] - ETA: 16s - loss: 0.2028 - accuracy: 0.9272
1029/1563 [==================>...........] - ETA: 16s - loss: 0.2031 - accuracy: 0.9271
1032/1563 [==================>...........] - ETA: 16s - loss: 0.2029 - accuracy: 0.9272
1034/1563 [==================>...........] - ETA: 16s - loss: 0.2028 - accuracy: 0.9273
1037/1563 [==================>...........] - ETA: 15s - loss: 0.2033 - accuracy: 0.9271
1039/1563 [==================>...........] - ETA: 15s - loss: 0.2034 - accuracy: 0.9271
1041/1563 [==================>...........] - ETA: 15s - loss: 0.2032 - accuracy: 0.9271
1043/1563 [===================>..........] - ETA: 15s - loss: 0.2032 - accuracy: 0.9272
1045/1563 [===================>..........] - ETA: 15s - loss: 0.2033 - accuracy: 0.9271
1047/1563 [===================>..........] - ETA: 15s - loss: 0.2036 - accuracy: 0.9270
1049/1563 [===================>..........] - ETA: 15s - loss: 0.2037 - accuracy: 0.9270
1051/1563 [===================>..........] - ETA: 15s - loss: 0.2036 - accuracy: 0.9270
1053/1563 [===================>..........] - ETA: 15s - loss: 0.2034 - accuracy: 0.9270
1055/1563 [===================>..........] - ETA: 15s - loss: 0.2037 - accuracy: 0.9270
1057/1563 [===================>..........] - ETA: 15s - loss: 0.2038 - accuracy: 0.9269
1059/1563 [===================>..........] - ETA: 15s - loss: 0.2038 - accuracy: 0.9268
1061/1563 [===================>..........] - ETA: 15s - loss: 0.2040 - accuracy: 0.9268
1063/1563 [===================>..........] - ETA: 15s - loss: 0.2038 - accuracy: 0.9268
1065/1563 [===================>..........] - ETA: 15s - loss: 0.2037 - accuracy: 0.9268
1068/1563 [===================>..........] - ETA: 15s - loss: 0.2036 - accuracy: 0.9269
1070/1563 [===================>..........] - ETA: 14s - loss: 0.2036 - accuracy: 0.9269
1073/1563 [===================>..........] - ETA: 14s - loss: 0.2037 - accuracy: 0.9268
1075/1563 [===================>..........] - ETA: 14s - loss: 0.2039 - accuracy: 0.9268
1077/1563 [===================>..........] - ETA: 14s - loss: 0.2043 - accuracy: 0.9267
1079/1563 [===================>..........] - ETA: 14s - loss: 0.2044 - accuracy: 0.9267
1082/1563 [===================>..........] - ETA: 14s - loss: 0.2043 - accuracy: 0.9268
1085/1563 [===================>..........] - ETA: 14s - loss: 0.2042 - accuracy: 0.9268
1087/1563 [===================>..........] - ETA: 14s - loss: 0.2041 - accuracy: 0.9269
1089/1563 [===================>..........] - ETA: 14s - loss: 0.2041 - accuracy: 0.9269
1092/1563 [===================>..........] - ETA: 14s - loss: 0.2040 - accuracy: 0.9269
1094/1563 [===================>..........] - ETA: 14s - loss: 0.2041 - accuracy: 0.9269
1097/1563 [====================>.........] - ETA: 14s - loss: 0.2044 - accuracy: 0.9268
1099/1563 [====================>.........] - ETA: 14s - loss: 0.2042 - accuracy: 0.9269
1101/1563 [====================>.........] - ETA: 14s - loss: 0.2045 - accuracy: 0.9268
1104/1563 [====================>.........] - ETA: 13s - loss: 0.2046 - accuracy: 0.9267
1106/1563 [====================>.........] - ETA: 13s - loss: 0.2048 - accuracy: 0.9267
1108/1563 [====================>.........] - ETA: 13s - loss: 0.2049 - accuracy: 0.9265
1110/1563 [====================>.........] - ETA: 13s - loss: 0.2049 - accuracy: 0.9265
1112/1563 [====================>.........] - ETA: 13s - loss: 0.2050 - accuracy: 0.9266
1114/1563 [====================>.........] - ETA: 13s - loss: 0.2050 - accuracy: 0.9265
1116/1563 [====================>.........] - ETA: 13s - loss: 0.2051 - accuracy: 0.9264
1118/1563 [====================>.........] - ETA: 13s - loss: 0.2053 - accuracy: 0.9264
1121/1563 [====================>.........] - ETA: 13s - loss: 0.2057 - accuracy: 0.9263
1124/1563 [====================>.........] - ETA: 13s - loss: 0.2058 - accuracy: 0.9262
1126/1563 [====================>.........] - ETA: 13s - loss: 0.2061 - accuracy: 0.9262
1128/1563 [====================>.........] - ETA: 13s - loss: 0.2063 - accuracy: 0.9261
1131/1563 [====================>.........] - ETA: 13s - loss: 0.2063 - accuracy: 0.9260
1134/1563 [====================>.........] - ETA: 13s - loss: 0.2067 - accuracy: 0.9258
1136/1563 [====================>.........] - ETA: 12s - loss: 0.2069 - accuracy: 0.9257
1138/1563 [====================>.........] - ETA: 12s - loss: 0.2069 - accuracy: 0.9257
1140/1563 [====================>.........] - ETA: 12s - loss: 0.2072 - accuracy: 0.9257
1142/1563 [====================>.........] - ETA: 12s - loss: 0.2074 - accuracy: 0.9257
1144/1563 [====================>.........] - ETA: 12s - loss: 0.2073 - accuracy: 0.9256
1146/1563 [====================>.........] - ETA: 12s - loss: 0.2074 - accuracy: 0.9256
1149/1563 [=====================>........] - ETA: 12s - loss: 0.2072 - accuracy: 0.9256
1151/1563 [=====================>........] - ETA: 12s - loss: 0.2072 - accuracy: 0.9257
1154/1563 [=====================>........] - ETA: 12s - loss: 0.2074 - accuracy: 0.9255
1156/1563 [=====================>........] - ETA: 12s - loss: 0.2074 - accuracy: 0.9254
1158/1563 [=====================>........] - ETA: 12s - loss: 0.2076 - accuracy: 0.9254
1160/1563 [=====================>........] - ETA: 12s - loss: 0.2079 - accuracy: 0.9254
1162/1563 [=====================>........] - ETA: 12s - loss: 0.2080 - accuracy: 0.9253
1164/1563 [=====================>........] - ETA: 12s - loss: 0.2080 - accuracy: 0.9253
1166/1563 [=====================>........] - ETA: 12s - loss: 0.2079 - accuracy: 0.9254
1168/1563 [=====================>........] - ETA: 12s - loss: 0.2081 - accuracy: 0.9253
1171/1563 [=====================>........] - ETA: 11s - loss: 0.2083 - accuracy: 0.9253
1174/1563 [=====================>........] - ETA: 11s - loss: 0.2085 - accuracy: 0.9252
1177/1563 [=====================>........] - ETA: 11s - loss: 0.2083 - accuracy: 0.9252
1179/1563 [=====================>........] - ETA: 11s - loss: 0.2082 - accuracy: 0.9252
1182/1563 [=====================>........] - ETA: 11s - loss: 0.2083 - accuracy: 0.9252
1184/1563 [=====================>........] - ETA: 11s - loss: 0.2085 - accuracy: 0.9251
1186/1563 [=====================>........] - ETA: 11s - loss: 0.2088 - accuracy: 0.9250
1189/1563 [=====================>........] - ETA: 11s - loss: 0.2096 - accuracy: 0.9248
1192/1563 [=====================>........] - ETA: 11s - loss: 0.2095 - accuracy: 0.9248
1194/1563 [=====================>........] - ETA: 11s - loss: 0.2096 - accuracy: 0.9248
1197/1563 [=====================>........] - ETA: 11s - loss: 0.2098 - accuracy: 0.9247
1199/1563 [======================>.......] - ETA: 11s - loss: 0.2102 - accuracy: 0.9246
1201/1563 [======================>.......] - ETA: 10s - loss: 0.2103 - accuracy: 0.9246
1204/1563 [======================>.......] - ETA: 10s - loss: 0.2104 - accuracy: 0.9245
1206/1563 [======================>.......] - ETA: 10s - loss: 0.2105 - accuracy: 0.9245
1208/1563 [======================>.......] - ETA: 10s - loss: 0.2105 - accuracy: 0.9245
1210/1563 [======================>.......] - ETA: 10s - loss: 0.2105 - accuracy: 0.9244
1212/1563 [======================>.......] - ETA: 10s - loss: 0.2107 - accuracy: 0.9244
1214/1563 [======================>.......] - ETA: 10s - loss: 0.2108 - accuracy: 0.9244
1216/1563 [======================>.......] - ETA: 10s - loss: 0.2107 - accuracy: 0.9244
1218/1563 [======================>.......] - ETA: 10s - loss: 0.2106 - accuracy: 0.9245
1220/1563 [======================>.......] - ETA: 10s - loss: 0.2107 - accuracy: 0.9245
1222/1563 [======================>.......] - ETA: 10s - loss: 0.2108 - accuracy: 0.9244
1224/1563 [======================>.......] - ETA: 10s - loss: 0.2107 - accuracy: 0.9245
1227/1563 [======================>.......] - ETA: 10s - loss: 0.2110 - accuracy: 0.9244
1230/1563 [======================>.......] - ETA: 10s - loss: 0.2110 - accuracy: 0.9245
1232/1563 [======================>.......] - ETA: 10s - loss: 0.2108 - accuracy: 0.9245
1234/1563 [======================>.......] - ETA: 9s - loss: 0.2107 - accuracy: 0.9246 
1237/1563 [======================>.......] - ETA: 9s - loss: 0.2108 - accuracy: 0.9245
1240/1563 [======================>.......] - ETA: 9s - loss: 0.2107 - accuracy: 0.9245
1242/1563 [======================>.......] - ETA: 9s - loss: 0.2107 - accuracy: 0.9246
1244/1563 [======================>.......] - ETA: 9s - loss: 0.2106 - accuracy: 0.9246
1246/1563 [======================>.......] - ETA: 9s - loss: 0.2107 - accuracy: 0.9246
1248/1563 [======================>.......] - ETA: 9s - loss: 0.2107 - accuracy: 0.9246
1250/1563 [======================>.......] - ETA: 9s - loss: 0.2109 - accuracy: 0.9245
1253/1563 [=======================>......] - ETA: 9s - loss: 0.2107 - accuracy: 0.9246
1256/1563 [=======================>......] - ETA: 9s - loss: 0.2111 - accuracy: 0.9244
1258/1563 [=======================>......] - ETA: 9s - loss: 0.2112 - accuracy: 0.9243
1261/1563 [=======================>......] - ETA: 9s - loss: 0.2113 - accuracy: 0.9243
1263/1563 [=======================>......] - ETA: 9s - loss: 0.2114 - accuracy: 0.9243
1266/1563 [=======================>......] - ETA: 8s - loss: 0.2114 - accuracy: 0.9242
1269/1563 [=======================>......] - ETA: 8s - loss: 0.2114 - accuracy: 0.9242
1271/1563 [=======================>......] - ETA: 8s - loss: 0.2114 - accuracy: 0.9241
1273/1563 [=======================>......] - ETA: 8s - loss: 0.2115 - accuracy: 0.9240
1276/1563 [=======================>......] - ETA: 8s - loss: 0.2115 - accuracy: 0.9240
1278/1563 [=======================>......] - ETA: 8s - loss: 0.2115 - accuracy: 0.9240
1280/1563 [=======================>......] - ETA: 8s - loss: 0.2117 - accuracy: 0.9240
1282/1563 [=======================>......] - ETA: 8s - loss: 0.2116 - accuracy: 0.9240
1284/1563 [=======================>......] - ETA: 8s - loss: 0.2119 - accuracy: 0.9238
1287/1563 [=======================>......] - ETA: 8s - loss: 0.2119 - accuracy: 0.9238
1289/1563 [=======================>......] - ETA: 8s - loss: 0.2121 - accuracy: 0.9237
1291/1563 [=======================>......] - ETA: 8s - loss: 0.2122 - accuracy: 0.9237
1294/1563 [=======================>......] - ETA: 8s - loss: 0.2124 - accuracy: 0.9236
1296/1563 [=======================>......] - ETA: 8s - loss: 0.2124 - accuracy: 0.9236
1298/1563 [=======================>......] - ETA: 8s - loss: 0.2123 - accuracy: 0.9237
1300/1563 [=======================>......] - ETA: 7s - loss: 0.2127 - accuracy: 0.9236
1302/1563 [=======================>......] - ETA: 7s - loss: 0.2127 - accuracy: 0.9236
1304/1563 [========================>.....] - ETA: 7s - loss: 0.2126 - accuracy: 0.9236
1306/1563 [========================>.....] - ETA: 7s - loss: 0.2126 - accuracy: 0.9235
1308/1563 [========================>.....] - ETA: 7s - loss: 0.2126 - accuracy: 0.9235
1310/1563 [========================>.....] - ETA: 7s - loss: 0.2125 - accuracy: 0.9235
1312/1563 [========================>.....] - ETA: 7s - loss: 0.2126 - accuracy: 0.9235
1314/1563 [========================>.....] - ETA: 7s - loss: 0.2128 - accuracy: 0.9234
1317/1563 [========================>.....] - ETA: 7s - loss: 0.2131 - accuracy: 0.9233
1319/1563 [========================>.....] - ETA: 7s - loss: 0.2133 - accuracy: 0.9232
1321/1563 [========================>.....] - ETA: 7s - loss: 0.2135 - accuracy: 0.9232
1323/1563 [========================>.....] - ETA: 7s - loss: 0.2135 - accuracy: 0.9232
1326/1563 [========================>.....] - ETA: 7s - loss: 0.2136 - accuracy: 0.9232
1328/1563 [========================>.....] - ETA: 7s - loss: 0.2135 - accuracy: 0.9232
1330/1563 [========================>.....] - ETA: 7s - loss: 0.2138 - accuracy: 0.9231
1332/1563 [========================>.....] - ETA: 6s - loss: 0.2140 - accuracy: 0.9231
1334/1563 [========================>.....] - ETA: 6s - loss: 0.2141 - accuracy: 0.9230
1337/1563 [========================>.....] - ETA: 6s - loss: 0.2140 - accuracy: 0.9230
1340/1563 [========================>.....] - ETA: 6s - loss: 0.2143 - accuracy: 0.9228
1343/1563 [========================>.....] - ETA: 6s - loss: 0.2145 - accuracy: 0.9227
1346/1563 [========================>.....] - ETA: 6s - loss: 0.2143 - accuracy: 0.9228
1349/1563 [========================>.....] - ETA: 6s - loss: 0.2142 - accuracy: 0.9228
1351/1563 [========================>.....] - ETA: 6s - loss: 0.2142 - accuracy: 0.9228
1354/1563 [========================>.....] - ETA: 6s - loss: 0.2145 - accuracy: 0.9227
1356/1563 [=========================>....] - ETA: 6s - loss: 0.2145 - accuracy: 0.9227
1358/1563 [=========================>....] - ETA: 6s - loss: 0.2145 - accuracy: 0.9226
1361/1563 [=========================>....] - ETA: 6s - loss: 0.2145 - accuracy: 0.9226
1363/1563 [=========================>....] - ETA: 6s - loss: 0.2147 - accuracy: 0.9226
1365/1563 [=========================>....] - ETA: 5s - loss: 0.2145 - accuracy: 0.9227
1367/1563 [=========================>....] - ETA: 5s - loss: 0.2147 - accuracy: 0.9226
1369/1563 [=========================>....] - ETA: 5s - loss: 0.2151 - accuracy: 0.9224
1371/1563 [=========================>....] - ETA: 5s - loss: 0.2152 - accuracy: 0.9224
1374/1563 [=========================>....] - ETA: 5s - loss: 0.2155 - accuracy: 0.9223
1376/1563 [=========================>....] - ETA: 5s - loss: 0.2159 - accuracy: 0.9222
1378/1563 [=========================>....] - ETA: 5s - loss: 0.2159 - accuracy: 0.9222
1380/1563 [=========================>....] - ETA: 5s - loss: 0.2163 - accuracy: 0.9221
1382/1563 [=========================>....] - ETA: 5s - loss: 0.2165 - accuracy: 0.9221
1384/1563 [=========================>....] - ETA: 5s - loss: 0.2166 - accuracy: 0.9221
1385/1563 [=========================>....] - ETA: 5s - loss: 0.2167 - accuracy: 0.9220
1387/1563 [=========================>....] - ETA: 5s - loss: 0.2168 - accuracy: 0.9219
1389/1563 [=========================>....] - ETA: 5s - loss: 0.2171 - accuracy: 0.9218
1391/1563 [=========================>....] - ETA: 5s - loss: 0.2174 - accuracy: 0.9217
1393/1563 [=========================>....] - ETA: 5s - loss: 0.2175 - accuracy: 0.9217
1395/1563 [=========================>....] - ETA: 5s - loss: 0.2177 - accuracy: 0.9216
1397/1563 [=========================>....] - ETA: 5s - loss: 0.2176 - accuracy: 0.9216
1399/1563 [=========================>....] - ETA: 4s - loss: 0.2176 - accuracy: 0.9216
1401/1563 [=========================>....] - ETA: 4s - loss: 0.2177 - accuracy: 0.9215
1403/1563 [=========================>....] - ETA: 4s - loss: 0.2177 - accuracy: 0.9215
1406/1563 [=========================>....] - ETA: 4s - loss: 0.2179 - accuracy: 0.9215
1409/1563 [==========================>...] - ETA: 4s - loss: 0.2181 - accuracy: 0.9214
1412/1563 [==========================>...] - ETA: 4s - loss: 0.2182 - accuracy: 0.9213
1415/1563 [==========================>...] - ETA: 4s - loss: 0.2181 - accuracy: 0.9214
1417/1563 [==========================>...] - ETA: 4s - loss: 0.2180 - accuracy: 0.9214
1419/1563 [==========================>...] - ETA: 4s - loss: 0.2179 - accuracy: 0.9214
1421/1563 [==========================>...] - ETA: 4s - loss: 0.2180 - accuracy: 0.9214
1423/1563 [==========================>...] - ETA: 4s - loss: 0.2182 - accuracy: 0.9213
1425/1563 [==========================>...] - ETA: 4s - loss: 0.2184 - accuracy: 0.9213
1427/1563 [==========================>...] - ETA: 4s - loss: 0.2188 - accuracy: 0.9211
1429/1563 [==========================>...] - ETA: 4s - loss: 0.2188 - accuracy: 0.9211
1431/1563 [==========================>...] - ETA: 3s - loss: 0.2190 - accuracy: 0.9210
1433/1563 [==========================>...] - ETA: 3s - loss: 0.2192 - accuracy: 0.9209
1435/1563 [==========================>...] - ETA: 3s - loss: 0.2191 - accuracy: 0.9210
1437/1563 [==========================>...] - ETA: 3s - loss: 0.2194 - accuracy: 0.9208
1440/1563 [==========================>...] - ETA: 3s - loss: 0.2196 - accuracy: 0.9208
1442/1563 [==========================>...] - ETA: 3s - loss: 0.2196 - accuracy: 0.9208
1445/1563 [==========================>...] - ETA: 3s - loss: 0.2201 - accuracy: 0.9207
1447/1563 [==========================>...] - ETA: 3s - loss: 0.2200 - accuracy: 0.9207
1449/1563 [==========================>...] - ETA: 3s - loss: 0.2201 - accuracy: 0.9206
1451/1563 [==========================>...] - ETA: 3s - loss: 0.2201 - accuracy: 0.9207
1453/1563 [==========================>...] - ETA: 3s - loss: 0.2200 - accuracy: 0.9207
1456/1563 [==========================>...] - ETA: 3s - loss: 0.2202 - accuracy: 0.9206
1458/1563 [==========================>...] - ETA: 3s - loss: 0.2201 - accuracy: 0.9206
1460/1563 [===========================>..] - ETA: 3s - loss: 0.2202 - accuracy: 0.9205
1463/1563 [===========================>..] - ETA: 3s - loss: 0.2203 - accuracy: 0.9205
1466/1563 [===========================>..] - ETA: 2s - loss: 0.2205 - accuracy: 0.9204
1469/1563 [===========================>..] - ETA: 2s - loss: 0.2204 - accuracy: 0.9204
1470/1563 [===========================>..] - ETA: 2s - loss: 0.2204 - accuracy: 0.9204
1473/1563 [===========================>..] - ETA: 2s - loss: 0.2203 - accuracy: 0.9204
1476/1563 [===========================>..] - ETA: 2s - loss: 0.2206 - accuracy: 0.9203
1478/1563 [===========================>..] - ETA: 2s - loss: 0.2207 - accuracy: 0.9202
1480/1563 [===========================>..] - ETA: 2s - loss: 0.2208 - accuracy: 0.9202
1482/1563 [===========================>..] - ETA: 2s - loss: 0.2206 - accuracy: 0.9203
1484/1563 [===========================>..] - ETA: 2s - loss: 0.2207 - accuracy: 0.9202
1486/1563 [===========================>..] - ETA: 2s - loss: 0.2207 - accuracy: 0.9202
1488/1563 [===========================>..] - ETA: 2s - loss: 0.2206 - accuracy: 0.9202
1490/1563 [===========================>..] - ETA: 2s - loss: 0.2209 - accuracy: 0.9201
1492/1563 [===========================>..] - ETA: 2s - loss: 0.2209 - accuracy: 0.9201
1495/1563 [===========================>..] - ETA: 2s - loss: 0.2210 - accuracy: 0.9201
1497/1563 [===========================>..] - ETA: 1s - loss: 0.2210 - accuracy: 0.9201
1499/1563 [===========================>..] - ETA: 1s - loss: 0.2212 - accuracy: 0.9201
1501/1563 [===========================>..] - ETA: 1s - loss: 0.2214 - accuracy: 0.9200
1503/1563 [===========================>..] - ETA: 1s - loss: 0.2215 - accuracy: 0.9199
1505/1563 [===========================>..] - ETA: 1s - loss: 0.2217 - accuracy: 0.9199
1507/1563 [===========================>..] - ETA: 1s - loss: 0.2217 - accuracy: 0.9198
1509/1563 [===========================>..] - ETA: 1s - loss: 0.2219 - accuracy: 0.9198
1512/1563 [============================>.] - ETA: 1s - loss: 0.2221 - accuracy: 0.9197
1514/1563 [============================>.] - ETA: 1s - loss: 0.2222 - accuracy: 0.9196
1516/1563 [============================>.] - ETA: 1s - loss: 0.2223 - accuracy: 0.9196
1519/1563 [============================>.] - ETA: 1s - loss: 0.2222 - accuracy: 0.9196
1521/1563 [============================>.] - ETA: 1s - loss: 0.2224 - accuracy: 0.9195
1524/1563 [============================>.] - ETA: 1s - loss: 0.2223 - accuracy: 0.9195
1527/1563 [============================>.] - ETA: 1s - loss: 0.2224 - accuracy: 0.9195
1530/1563 [============================>.] - ETA: 0s - loss: 0.2227 - accuracy: 0.9194
1532/1563 [============================>.] - ETA: 0s - loss: 0.2226 - accuracy: 0.9195
1534/1563 [============================>.] - ETA: 0s - loss: 0.2225 - accuracy: 0.9195
1536/1563 [============================>.] - ETA: 0s - loss: 0.2224 - accuracy: 0.9195
1538/1563 [============================>.] - ETA: 0s - loss: 0.2225 - accuracy: 0.9195
1540/1563 [============================>.] - ETA: 0s - loss: 0.2224 - accuracy: 0.9195
1543/1563 [============================>.] - ETA: 0s - loss: 0.2222 - accuracy: 0.9196
1545/1563 [============================>.] - ETA: 0s - loss: 0.2223 - accuracy: 0.9196
1547/1563 [============================>.] - ETA: 0s - loss: 0.2224 - accuracy: 0.9195
1550/1563 [============================>.] - ETA: 0s - loss: 0.2221 - accuracy: 0.9196
1552/1563 [============================>.] - ETA: 0s - loss: 0.2221 - accuracy: 0.9196
1555/1563 [============================>.] - ETA: 0s - loss: 0.2221 - accuracy: 0.9197
1558/1563 [============================>.] - ETA: 0s - loss: 0.2221 - accuracy: 0.9196
1560/1563 [============================>.] - ETA: 0s - loss: 0.2221 - accuracy: 0.9196
1563/1563 [==============================] - ETA: 0s - loss: 0.2220 - accuracy: 0.9196
1563/1563 [==============================] - 52s 33ms/step - loss: 0.2220 - accuracy: 0.9196 - val_loss: 1.1307 - val_accuracy: 0.7326
Epoch 13/100

   1/1563 [..............................] - ETA: 1:13 - loss: 0.1986 - accuracy: 0.9375
   3/1563 [..............................] - ETA: 53s - loss: 0.1988 - accuracy: 0.9271 
   5/1563 [..............................] - ETA: 59s - loss: 0.1636 - accuracy: 0.9438
   7/1563 [..............................] - ETA: 1:00 - loss: 0.1571 - accuracy: 0.9509
   9/1563 [..............................] - ETA: 55s - loss: 0.1424 - accuracy: 0.9583 
  12/1563 [..............................] - ETA: 49s - loss: 0.1657 - accuracy: 0.9505
  14/1563 [..............................] - ETA: 49s - loss: 0.1509 - accuracy: 0.9576
  16/1563 [..............................] - ETA: 50s - loss: 0.1499 - accuracy: 0.9551
  18/1563 [..............................] - ETA: 51s - loss: 0.1509 - accuracy: 0.9549
  20/1563 [..............................] - ETA: 51s - loss: 0.1570 - accuracy: 0.9500
  22/1563 [..............................] - ETA: 50s - loss: 0.1528 - accuracy: 0.9517
  25/1563 [..............................] - ETA: 48s - loss: 0.1484 - accuracy: 0.9513
  27/1563 [..............................] - ETA: 48s - loss: 0.1467 - accuracy: 0.9514
  29/1563 [..............................] - ETA: 47s - loss: 0.1505 - accuracy: 0.9494
  31/1563 [..............................] - ETA: 48s - loss: 0.1493 - accuracy: 0.9506
  34/1563 [..............................] - ETA: 47s - loss: 0.1464 - accuracy: 0.9513
  36/1563 [..............................] - ETA: 47s - loss: 0.1461 - accuracy: 0.9514
  39/1563 [..............................] - ETA: 46s - loss: 0.1518 - accuracy: 0.9527
  42/1563 [..............................] - ETA: 45s - loss: 0.1519 - accuracy: 0.9539
  44/1563 [..............................] - ETA: 46s - loss: 0.1511 - accuracy: 0.9538
  46/1563 [..............................] - ETA: 46s - loss: 0.1525 - accuracy: 0.9531
  48/1563 [..............................] - ETA: 46s - loss: 0.1506 - accuracy: 0.9538
  50/1563 [..............................] - ETA: 45s - loss: 0.1500 - accuracy: 0.9544
  53/1563 [>.............................] - ETA: 45s - loss: 0.1461 - accuracy: 0.9558
  55/1563 [>.............................] - ETA: 46s - loss: 0.1535 - accuracy: 0.9517
  57/1563 [>.............................] - ETA: 46s - loss: 0.1533 - accuracy: 0.9518
  59/1563 [>.............................] - ETA: 46s - loss: 0.1538 - accuracy: 0.9507
  61/1563 [>.............................] - ETA: 47s - loss: 0.1520 - accuracy: 0.9518
  64/1563 [>.............................] - ETA: 46s - loss: 0.1550 - accuracy: 0.9512
  67/1563 [>.............................] - ETA: 45s - loss: 0.1546 - accuracy: 0.9515
  69/1563 [>.............................] - ETA: 45s - loss: 0.1539 - accuracy: 0.9520
  71/1563 [>.............................] - ETA: 45s - loss: 0.1571 - accuracy: 0.9498
  74/1563 [>.............................] - ETA: 44s - loss: 0.1545 - accuracy: 0.9506
  76/1563 [>.............................] - ETA: 44s - loss: 0.1576 - accuracy: 0.9498
  78/1563 [>.............................] - ETA: 45s - loss: 0.1561 - accuracy: 0.9495
  80/1563 [>.............................] - ETA: 44s - loss: 0.1575 - accuracy: 0.9492
  83/1563 [>.............................] - ETA: 44s - loss: 0.1559 - accuracy: 0.9507
  86/1563 [>.............................] - ETA: 44s - loss: 0.1536 - accuracy: 0.9513
  88/1563 [>.............................] - ETA: 44s - loss: 0.1527 - accuracy: 0.9513
  90/1563 [>.............................] - ETA: 44s - loss: 0.1515 - accuracy: 0.9514
  92/1563 [>.............................] - ETA: 44s - loss: 0.1508 - accuracy: 0.9524
  94/1563 [>.............................] - ETA: 43s - loss: 0.1523 - accuracy: 0.9518
  96/1563 [>.............................] - ETA: 44s - loss: 0.1515 - accuracy: 0.9525
  99/1563 [>.............................] - ETA: 43s - loss: 0.1498 - accuracy: 0.9533
 101/1563 [>.............................] - ETA: 43s - loss: 0.1502 - accuracy: 0.9530
 103/1563 [>.............................] - ETA: 43s - loss: 0.1504 - accuracy: 0.9527
 106/1563 [=>............................] - ETA: 43s - loss: 0.1501 - accuracy: 0.9528
 109/1563 [=>............................] - ETA: 43s - loss: 0.1503 - accuracy: 0.9527
 111/1563 [=>............................] - ETA: 43s - loss: 0.1507 - accuracy: 0.9524
 113/1563 [=>............................] - ETA: 43s - loss: 0.1492 - accuracy: 0.9533
 115/1563 [=>............................] - ETA: 43s - loss: 0.1506 - accuracy: 0.9533
 118/1563 [=>............................] - ETA: 42s - loss: 0.1513 - accuracy: 0.9529
 121/1563 [=>............................] - ETA: 42s - loss: 0.1513 - accuracy: 0.9527
 123/1563 [=>............................] - ETA: 42s - loss: 0.1515 - accuracy: 0.9517
 125/1563 [=>............................] - ETA: 42s - loss: 0.1520 - accuracy: 0.9510
 127/1563 [=>............................] - ETA: 42s - loss: 0.1510 - accuracy: 0.9513
 129/1563 [=>............................] - ETA: 42s - loss: 0.1515 - accuracy: 0.9511
 131/1563 [=>............................] - ETA: 43s - loss: 0.1500 - accuracy: 0.9518
 134/1563 [=>............................] - ETA: 42s - loss: 0.1497 - accuracy: 0.9520
 137/1563 [=>............................] - ETA: 42s - loss: 0.1482 - accuracy: 0.9526
 139/1563 [=>............................] - ETA: 42s - loss: 0.1488 - accuracy: 0.9526
 141/1563 [=>............................] - ETA: 42s - loss: 0.1478 - accuracy: 0.9530
 143/1563 [=>............................] - ETA: 42s - loss: 0.1472 - accuracy: 0.9532
 145/1563 [=>............................] - ETA: 42s - loss: 0.1467 - accuracy: 0.9532
 148/1563 [=>............................] - ETA: 42s - loss: 0.1479 - accuracy: 0.9527
 150/1563 [=>............................] - ETA: 42s - loss: 0.1476 - accuracy: 0.9527
 152/1563 [=>............................] - ETA: 42s - loss: 0.1472 - accuracy: 0.9527
 154/1563 [=>............................] - ETA: 42s - loss: 0.1478 - accuracy: 0.9531
 157/1563 [==>...........................] - ETA: 42s - loss: 0.1490 - accuracy: 0.9526
 159/1563 [==>...........................] - ETA: 42s - loss: 0.1485 - accuracy: 0.9528
 161/1563 [==>...........................] - ETA: 42s - loss: 0.1477 - accuracy: 0.9532
 163/1563 [==>...........................] - ETA: 42s - loss: 0.1475 - accuracy: 0.9530
 166/1563 [==>...........................] - ETA: 42s - loss: 0.1472 - accuracy: 0.9524
 169/1563 [==>...........................] - ETA: 41s - loss: 0.1464 - accuracy: 0.9525
 171/1563 [==>...........................] - ETA: 41s - loss: 0.1466 - accuracy: 0.9523
 174/1563 [==>...........................] - ETA: 41s - loss: 0.1476 - accuracy: 0.9519
 177/1563 [==>...........................] - ETA: 41s - loss: 0.1482 - accuracy: 0.9509
 180/1563 [==>...........................] - ETA: 41s - loss: 0.1499 - accuracy: 0.9500
 182/1563 [==>...........................] - ETA: 41s - loss: 0.1499 - accuracy: 0.9499
 185/1563 [==>...........................] - ETA: 40s - loss: 0.1512 - accuracy: 0.9492
 188/1563 [==>...........................] - ETA: 40s - loss: 0.1513 - accuracy: 0.9490
 190/1563 [==>...........................] - ETA: 40s - loss: 0.1512 - accuracy: 0.9490
 192/1563 [==>...........................] - ETA: 40s - loss: 0.1512 - accuracy: 0.9487
 194/1563 [==>...........................] - ETA: 40s - loss: 0.1505 - accuracy: 0.9491
 196/1563 [==>...........................] - ETA: 40s - loss: 0.1498 - accuracy: 0.9493
 199/1563 [==>...........................] - ETA: 40s - loss: 0.1505 - accuracy: 0.9490
 201/1563 [==>...........................] - ETA: 40s - loss: 0.1514 - accuracy: 0.9485
 204/1563 [==>...........................] - ETA: 40s - loss: 0.1541 - accuracy: 0.9473
 207/1563 [==>...........................] - ETA: 40s - loss: 0.1551 - accuracy: 0.9469
 210/1563 [===>..........................] - ETA: 39s - loss: 0.1550 - accuracy: 0.9467
 212/1563 [===>..........................] - ETA: 39s - loss: 0.1555 - accuracy: 0.9465
 214/1563 [===>..........................] - ETA: 39s - loss: 0.1556 - accuracy: 0.9464
 216/1563 [===>..........................] - ETA: 40s - loss: 0.1552 - accuracy: 0.9466